"formulaRank"	"molecularFormula"	"adduct"	"precursorFormula"	"NPC#pathway"	"NPC#pathway Probability"	"NPC#superclass"	"NPC#superclass Probability"	"NPC#class"	"NPC#class Probability"	"ClassyFire#superclass"	"ClassyFire#superclass probability"	"ClassyFire#class"	"ClassyFire#class Probability"	"ClassyFire#subclass"	"ClassyFire#subclass Probability"	"ClassyFire#level 5"	"ClassyFire#level 5 Probability"	"ClassyFire#most specific class"	"ClassyFire#most specific class Probability"	"ClassyFire#all classifications"	"ionMass"	"retentionTimeInSeconds"	"retentionTimeInMinutes"	"formulaId"	"alignedFeatureId"	"mappingFeatureId"	"overallFeatureQuality"
1	"C6H8O11P2"	"[M - H]-"	"C6H7O11P2-"	"Carbohydrates"	0.958	"Saccharides"	0.837	"Monosaccharides"	0.819	"Organic oxygen compounds"	1.000	"Organooxygen compounds"	1.000	"Carbohydrates and carbohydrate conjugates"	0.871	"Monosaccharides"	0.896	"Hexoses"	0.517	"Organic compounds; Carbohydrates and carbohydrate conjugates; Alcohols and polyols; Organic acids and derivatives; Carboxylic acids and derivatives; Organooxygen compounds; Organic phosphoric acids and derivatives; Phosphate esters; Hydroxy acids and derivatives; Monocarboxylic acids and derivatives; Carboxylic acids; Hexoses; Monosaccharides; Monosaccharide phosphates; Secondary alcohols; Carbonyl compounds; Polyols; Alkyl phosphates; Monoalkyl phosphates; Organic oxides; Hydrocarbon derivatives; Organic oxygen compounds; Chemical entities"	316.947	16	0.260	"645923879316522844"	"645923802908877453"	"1332"	"DECENT"
1	"C8H8O3"	"[M - H]-"	"C8H7O3-"	"Shikimates and Phenylpropanoids"	0.980	"Phenolic acids (C6-C1)"	0.695	"Simple phenolic acids"	0.637	"Organic acids and derivatives"	0.997	"Hydroxy acids and derivatives"	0.762	"Alpha hydroxy acids and derivatives"	0.764			"Alpha hydroxy acids and derivatives"	0.764	"Organic compounds; Alcohols and polyols; Phenols; Organic acids and derivatives; Carboxylic acids and derivatives; Organooxygen compounds; Hydroxy acids and derivatives; Monocarboxylic acids and derivatives; Carboxylic acids; Alpha hydroxy acids and derivatives; Secondary alcohols; Carbonyl compounds; Benzene and substituted derivatives; Benzenoids; Organic oxides; Hydrocarbon derivatives; Organic oxygen compounds; 1-hydroxy-2-unsubstituted benzenoids; Chemical entities"	151.039	63	1.058	"645923912065650185"	"645923796516753515"	"268"	"DECENT"
1	"C26H30O14"	"[M - H]-"	"C26H29O14-"	"Shikimates and Phenylpropanoids"	0.999	"Flavonoids"	0.996	"Flavanones"	0.982	"Phenylpropanoids and polyketides"	0.994	"Flavonoids"	0.978	"Flavonoid glycosides"	0.952	"Flavonoid C-glycosides"	0.975	"Flavonoid C-glycosides"	0.975	"Organic compounds; Organoheterocyclic compounds; Carbohydrates and carbohydrate conjugates; Ketones; Benzopyrans; Alkyl aryl ethers; Alcohols and polyols; Phenols; Chromones; Ethers; Phenylpropanoids and polyketides; Organic acids and derivatives; Primary alcohols; Organooxygen compounds; Flavonoids; Flavans; Flavonoid glycosides; Dialkyl ethers; Disaccharides; Flavanones; Acetals; Secondary alcohols; Flavonoid C-glycosides; Carbonyl compounds; Oxanes; Glycosyl compounds; C-glycosyl compounds; O-glycosyl compounds; Benzene and substituted derivatives; Polyols; Benzenoids; 4'-hydroxyflavonoids; Hydroxyflavonoids; 5-hydroxyflavonoids; 7-hydroxyflavonoids; 1-benzopyrans; Aryl ketones; Aryl alkyl ketones; Vinylogous acids; Organic oxides; Oxacyclic compounds; Hydrocarbon derivatives; Phenolic glycosides; Organic oxygen compounds; 1-hydroxy-2-unsubstituted benzenoids; 1-hydroxy-4-unsubstituted benzenoids; Chemical entities"	565.156	101	1.686	"645924178823399296"	"645923805832311650"	"2191"	"DECENT"
1	"C29H34O18"	"[M - H]-"	"C29H33O18-"	"Shikimates and Phenylpropanoids"	1.000	"Flavonoids"	0.988	"Flavonols"	0.994	"Phenylpropanoids and polyketides"	0.993	"Flavonoids"	0.996	"Flavonoid glycosides"	0.955	"Flavonoid O-glycosides"	0.976	"Flavonoid-3-O-glycosides"	0.978	"Organic compounds; Organoheterocyclic compounds; Carbohydrates and carbohydrate conjugates; Pyrans; Benzopyrans; Alkyl aryl ethers; Alcohols and polyols; Phenols; Anisoles; Chromones; Methoxyphenols; Ethers; Phenylpropanoids and polyketides; Organic acids and derivatives; Primary alcohols; Organooxygen compounds; Flavonoids; Pyranones and derivatives; Flavonoid glycosides; Flavonoid O-glycosides; Flavones; Acetals; Secondary alcohols; Oxanes; Glycosyl compounds; O-glycosyl compounds; Benzene and substituted derivatives; Polyols; Phenol ethers; Benzenoids; O-methylated flavonoids; 6-O-methylated flavonoids; 3'-O-methylated flavonoids; 4'-hydroxyflavonoids; Hydroxyflavonoids; 5-hydroxyflavonoids; 7-hydroxyflavonoids; 1-benzopyrans; Flavonoid-3-O-glycosides; Vinylogous acids; Organic oxides; Methoxybenzenes; Oxacyclic compounds; Heteroaromatic compounds; Hydrocarbon derivatives; Organic oxygen compounds; 1-hydroxy-2-unsubstituted benzenoids; 1-hydroxy-4-unsubstituted benzenoids; Phenoxy compounds; Chemical entities"	669.167	140	2.332	"645924154710345590"	"645923806327240257"	"2324"	"DECENT"
1	"C21H24O9"	"[M - H]-"	"C21H23O9-"	"Shikimates and Phenylpropanoids"	0.873	"Lignans"	0.953	"Dibenzylbutane lignans"	0.384	"Phenylpropanoids and polyketides"	0.427	"Tannins"	0.542	"Hydrolyzable tannins"	0.744			"Hydrolyzable tannins"	0.744	"Organic compounds; Organoheterocyclic compounds; Alkyl aryl ethers; Alcohols and polyols; Phenols; Anisoles; Benzoic acids and derivatives; Methoxyphenols; Tannins; Ethers; Organic acids and derivatives; Carboxylic acids and derivatives; Benzoyl derivatives; Organooxygen compounds; Carboxylic acid derivatives; Monocarboxylic acids and derivatives; Carboxylic acid esters; Benzoic acid esters; Lignans, neolignans and related compounds; Secondary alcohols; Hydrolyzable tannins; Benzene and substituted derivatives; Phenol ethers; Methoxybenzoic acids and derivatives; M-methoxybenzoic acids and derivatives; Benzenoids; Organic oxides; Methoxybenzenes; Hydrocarbon derivatives; Organic oxygen compounds; 1-hydroxy-2-unsubstituted benzenoids; p-Hydroxybenzoic acid esters; p-Hydroxybenzoic acid alkyl esters; Phenoxy compounds; Chemical entities"	419.134	195	3.256	"645923932907147850"	"645923806247548362"	"2312"	"DECENT"
1	"C25H30O12"	"[M - H]-"	"C25H29O12-"	"Terpenoids"	0.971	"Monoterpenoids"	0.977	"Iridoids monoterpenoids"	0.731	"Lipids and lipid-like molecules"	0.993	"Prenol lipids"	0.649	"Terpene glycosides"	0.782	"Iridoid O-glycosides"	0.762	"Iridoid O-glycosides"	0.762	"Organic compounds; Organoheterocyclic compounds; Carbohydrates and carbohydrate conjugates; Lipids and lipid-like molecules; Styrenes; Aromatic monoterpenoids; Coumaric acids and derivatives; Alkyl aryl ethers; Alcohols and polyols; Phenols; Anisoles; Methoxyphenols; Ethers; Prenol lipids; Phenylpropanoids and polyketides; Organic acids and derivatives; Carboxylic acids and derivatives; Primary alcohols; Organooxygen compounds; Fatty acid esters; Cinnamic acids and derivatives; Carboxylic acid derivatives; Monocarboxylic acids and derivatives; Carboxylic acid esters; Hydroxycinnamic acids and derivatives; Hexoses; Monosaccharides; Monoterpenoids; Bicyclic monoterpenoids; Iridoids and derivatives; Acetals; Secondary alcohols; Carbonyl compounds; Oxanes; Terpene glycosides; Glycosyl compounds; O-glycosyl compounds; Benzene and substituted derivatives; Polyols; Phenol ethers; Benzenoids; Cinnamic acid esters; Enoate esters; Alpha,beta-unsaturated carboxylic esters; Fatty Acyls; Organic oxides; Iridoid O-glycosides; Methoxybenzenes; Oxacyclic compounds; Hydrocarbon derivatives; Organic oxygen compounds; 1-hydroxy-2-unsubstituted benzenoids; Phenoxy compounds; Chemical entities"	521.166	196	3.265	"645923940398175092"	"645923805492572465"	"2105"	"DECENT"
1	"C15H26O7"	"[M - H]-"	"C15H25O7-"	"Polyketides"	0.894	"Linear polyketides"	0.478	"Open-chain polyketides"	0.373	"Lipids and lipid-like molecules"	0.966	"Fatty Acyls"	0.960	"Fatty alcohols"	0.666			"Fatty alcohols"	0.666	"Organic compounds; Lipids and lipid-like molecules; Alcohols and polyols; Organic acids and derivatives; Carboxylic acids and derivatives; Organooxygen compounds; Fatty acid esters; Carboxylic acid derivatives; Monocarboxylic acids and derivatives; Carboxylic acid esters; Fatty alcohols; Secondary alcohols; Carbonyl compounds; Polyols; Enoate esters; Alpha,beta-unsaturated carboxylic esters; Fatty Acyls; Organic oxides; Hydrocarbon derivatives; Organic oxygen compounds; Chemical entities"	317.160	206	3.426	"645923933842477702"	"645923802841768475"	"1311"	"DECENT"
1	"C15H10O6"	"[M - H]-"	"C15H9O6-"	"Shikimates and Phenylpropanoids"	0.989	"Flavonoids"	0.825	"Flavonols"	0.530	"Phenylpropanoids and polyketides"	0.975	"Flavonoids"	0.906	"Hydroxyflavonoids"	0.931	"3'-hydroxyflavonoids"	0.775	"3'-hydroxyflavonoids"	0.775	"Organic compounds; Organoheterocyclic compounds; Benzopyrans; Phenols; Catechols; Chromones; Phenylpropanoids and polyketides; Organooxygen compounds; Flavonoids; Benzenediols; Benzene and substituted derivatives; Benzenoids; 3-hydroxyflavonoids; 3'-hydroxyflavonoids; 4'-hydroxyflavonoids; Hydroxyflavonoids; 7-hydroxyflavonoids; 1-benzopyrans; Organic oxides; Oxacyclic compounds; Heteroaromatic compounds; Hydrocarbon derivatives; Organic oxygen compounds; 1-hydroxy-2-unsubstituted benzenoids; 1-hydroxy-4-unsubstituted benzenoids; Chemical entities"	285.040	206	3.426	"645923951445972325"	"645923807254182658"	"2527"	"DECENT"
1	"C21H24O9"	"[M - H]-"	"C21H23O9-"	"Shikimates and Phenylpropanoids"	0.954	"Lignans"	0.926	"Dibenzylbutane lignans"	0.221	"Lignans, neolignans and related compounds"	0.665							"Lignans, neolignans and related compounds"	0.665	"Organic compounds; Organoheterocyclic compounds; Alkyl aryl ethers; Alcohols and polyols; Phenols; Anisoles; Benzoic acids and derivatives; Methoxyphenols; Ethers; Organic acids and derivatives; Carboxylic acids and derivatives; Benzoyl derivatives; Organooxygen compounds; Carboxylic acid derivatives; Monocarboxylic acids and derivatives; Carboxylic acid esters; Benzoic acid esters; Lignans, neolignans and related compounds; Secondary alcohols; Benzene and substituted derivatives; Phenol ethers; Methoxybenzoic acids and derivatives; M-methoxybenzoic acids and derivatives; Benzenoids; Organic oxides; Methoxybenzenes; Hydrocarbon derivatives; Organic oxygen compounds; 1-hydroxy-2-unsubstituted benzenoids; p-Hydroxybenzoic acid esters; p-Hydroxybenzoic acid alkyl esters; Phenoxy compounds; Chemical entities"	419.134	208	3.467	"645923951349503321"	"645923806163662276"	"2306"	"DECENT"
1	"C25H30O12"	"[M - H]-"	"C25H29O12-"	"Terpenoids"	0.891	"Monoterpenoids"	0.889	"Iridoids monoterpenoids"	0.340	"Lipids and lipid-like molecules"	0.989	"Prenol lipids"	0.461	"Terpene glycosides"	0.510			"Terpene glycosides"	0.510	"Organic compounds; Organoheterocyclic compounds; Carbohydrates and carbohydrate conjugates; Lipids and lipid-like molecules; Styrenes; Coumaric acids and derivatives; Alkyl aryl ethers; Alcohols and polyols; Phenols; Anisoles; Methoxyphenols; Ethers; Phenylpropanoids and polyketides; Organic acids and derivatives; Carboxylic acids and derivatives; Primary alcohols; Organooxygen compounds; Fatty acid esters; Cinnamic acids and derivatives; Carboxylic acid derivatives; Carboxylic acid esters; Hydroxycinnamic acids and derivatives; Hexoses; Monosaccharides; Acetals; Secondary alcohols; Carbonyl compounds; Oxanes; Terpene glycosides; Glycosyl compounds; O-glycosyl compounds; Benzene and substituted derivatives; Polyols; Phenol ethers; Benzenoids; Cinnamic acid esters; Enoate esters; Alpha,beta-unsaturated carboxylic esters; Fatty Acyls; Organic oxides; Methoxybenzenes; Oxacyclic compounds; Hydrocarbon derivatives; Organic oxygen compounds; 1-hydroxy-2-unsubstituted benzenoids; Phenoxy compounds; Chemical entities"	521.166	208	3.474	"645923940633056128"	"645923805479989545"	"2102"	"DECENT"
1	"C25H30O12"	"[M + CH2O2 - H]-"	"C26H31O14-"	"Shikimates and Phenylpropanoids"	0.971	"Phenylethanoids (C6-C2)"	0.970	"Phenylethanoids"	0.970	"Phenylpropanoids and polyketides"	0.997	"Cinnamic acids and derivatives"	0.999	"Hydroxycinnamic acids and derivatives"	0.999	"Coumaric acids and derivatives"	0.999	"Coumaric acids and derivatives"	0.999	"Organic compounds; Organoheterocyclic compounds; Carbohydrates and carbohydrate conjugates; Lipids and lipid-like molecules; Styrenes; Coumaric acids and derivatives; Alkyl aryl ethers; Alcohols and polyols; Phenols; Anisoles; Methoxyphenols; Ethers; Phenylpropanoids and polyketides; Organic acids and derivatives; Carboxylic acids and derivatives; Primary alcohols; Organooxygen compounds; Fatty acid esters; Dicarboxylic acids and derivatives; Cinnamic acids and derivatives; Carboxylic acid derivatives; Carboxylic acid esters; Hydroxycinnamic acids and derivatives; Disaccharides; Acetals; Secondary alcohols; Carbonyl compounds; Oxanes; Glycosyl compounds; O-glycosyl compounds; Benzene and substituted derivatives; Polyols; Phenol ethers; Benzenoids; Cinnamic acid esters; Enoate esters; Alpha,beta-unsaturated carboxylic esters; Fatty Acyls; Organic oxides; Methoxybenzenes; Oxacyclic compounds; Hydrocarbon derivatives; Organic oxygen compounds; 1-hydroxy-2-unsubstituted benzenoids; Phenoxy compounds; Chemical entities"	567.171	208	3.474	"645923937529271079"	"645923805781979911"	"2180"	"DECENT"
1	"C12H18O4"	"[M - H]-"	"C12H17O4-"	"Fatty acids"	1.000	"Octadecanoids"	0.899	"Jasmonic acids"	0.574	"Lipids and lipid-like molecules"	0.954	"Fatty Acyls"	0.963	"Lineolic acids and derivatives"	0.561	"Jasmonic acids"	0.589	"Jasmonic acids"	0.589	"Organic compounds; Lipids and lipid-like molecules; Ketones; Fatty acids and conjugates; Organic acids and derivatives; Carboxylic acids and derivatives; Organooxygen compounds; Unsaturated fatty acids; Dicarboxylic acids and derivatives; Lineolic acids and derivatives; Jasmonic acids; Monocarboxylic acids and derivatives; Carboxylic acids; Carbonyl compounds; Medium-chain fatty acids; Cyclic ketones; Fatty Acyls; Organic oxides; Hydrocarbon derivatives; Organic oxygen compounds; Chemical entities"	225.113	223	3.716	"645923933502739056"	"645923801319233799"	"785"	"DECENT"
1	"C19H18O7"	"[M - H]-"	"C19H17O7-"	"Shikimates and Phenylpropanoids"	1.000	"Phenylpropanoids (C6-C3)"	0.626	"Cinnamic acids and derivatives"	0.723	"Phenylpropanoids and polyketides"	0.986	"Cinnamic acids and derivatives"	0.986	"Hydroxycinnamic acids and derivatives"	0.997	"Coumaric acids and derivatives"	0.987	"Coumaric acids and derivatives"	0.987	"Organic compounds; Lipids and lipid-like molecules; Styrenes; Coumaric acids and derivatives; Ketones; Alkyl aryl ethers; Phenols; Anisoles; Methoxyphenols; Ethers; Phenylpropanoids and polyketides; Organic acids and derivatives; Carboxylic acids and derivatives; Organooxygen compounds; Fatty acid esters; Cinnamic acids and derivatives; Carboxylic acid derivatives; Monocarboxylic acids and derivatives; Carboxylic acid esters; Hydroxycinnamic acids and derivatives; Carbonyl compounds; Benzene and substituted derivatives; Phenol ethers; Benzenoids; Alpha-acyloxy ketones; Cinnamic acid esters; Enoate esters; Alpha,beta-unsaturated carboxylic esters; Alpha-acyloxy carbonyl compounds; Fatty Acyls; Organic oxides; Methoxybenzenes; Hydrocarbon derivatives; Organic oxygen compounds; 1-hydroxy-2-unsubstituted benzenoids; Phenoxy compounds; Chemical entities"	357.098	249	4.146	"645923945712358490"	"645923806377572029"	"2343"	"DECENT"
1	"C38H32O20"	"[M - H]-"	"C38H31O20-"	"Shikimates and Phenylpropanoids"	0.995	"Phenolic acids (C6-C1)"	0.846	"Gallotannins"	0.924	"Phenylpropanoids and polyketides"	0.995	"Tannins"	0.956					"Tannins"	0.956	"Organic compounds; Organoheterocyclic compounds; Carbohydrates and carbohydrate conjugates; Lipids and lipid-like molecules; Alcohols and polyols; Phenols; Catechols; Benzoic acids and derivatives; Tannins; Ethers; Phenylpropanoids and polyketides; Organic acids and derivatives; Carboxylic acids and derivatives; Benzoyl derivatives; Organooxygen compounds; Pyrogallols and derivatives; Carboxylic acid derivatives; Carboxylic acid esters; Hydroxybenzoic acid derivatives; Gallic acid and derivatives; Benzenediols; Benzenetriols and derivatives; Benzoic acid esters; Monosaccharides; Acetals; Secondary alcohols; Carbonyl compounds; Oxanes; Benzene and substituted derivatives; Polyols; Benzenoids; Galloyl esters; Enoate esters; Alpha,beta-unsaturated carboxylic esters; Organic oxides; Oxacyclic compounds; Hydrocarbon derivatives; Organic oxygen compounds; 1-hydroxy-2-unsubstituted benzenoids; 1-hydroxy-4-unsubstituted benzenoids; m-Hydroxybenzoic acid esters; p-Hydroxybenzoic acid esters; p-Hydroxybenzoic acid alkyl esters; Chemical entities"	807.141	250	4.167	"645923945481671747"	"645923806843140524"	"2473"	"DECENT"
1	"C19H31NO6"	"[M - H]-"	"C19H30NO6-"	"Fatty acids"	0.724	"Small peptides"	0.185	"Sphingoid bases"	0.168	"Organic acids and derivatives"	0.996	"Carboxylic acids and derivatives"	0.999	"Amino acids, peptides, and analogues"	1.000	"Amino acids and derivatives"	1.000	"Glutamic acid and derivatives"	0.993	"Organic compounds; Lipids and lipid-like molecules; Amino acids, peptides, and analogues; Alpha amino acids and derivatives; Alcohols and polyols; Fatty acids and conjugates; Organic acids and derivatives; Carboxylic acids and derivatives; Organonitrogen compounds; Organooxygen compounds; Hydroxy fatty acids; Dicarboxylic acids and derivatives; Amino acids and derivatives; Amino fatty acids; Carboxylic acid derivatives; Carboxylic acids; Carboxylic acid esters; Secondary alcohols; Carbonyl compounds; Fatty Acyls; Organic oxides; Hydrocarbon derivatives; Glutamic acid and derivatives; Organopnictogen compounds; Organic oxygen compounds; Organic nitrogen compounds; Chemical entities"	368.207	255	4.250	"645923944621839381"	"645923804209113598"	"1723"	"DECENT"
1	"C52H82O21"	"[M + CH2O2 - H]-"	"C53H83O23-"	"Terpenoids"	0.997	"Triterpenoids"	0.988	"Oleanane triterpenoids"	0.656	"Lipids and lipid-like molecules"	0.991	"Prenol lipids"	0.978	"Terpene glycosides"	0.895	"Triterpene glycosides"	0.817	"Triterpene saponins"	0.817	"Organic compounds; Organoheterocyclic compounds; Carbohydrates and carbohydrate conjugates; Lipids and lipid-like molecules; Alcohols and polyols; Oligosaccharides; Ethers; Prenol lipids; Organic acids and derivatives; Carboxylic acids and derivatives; Primary alcohols; Organooxygen compounds; Carboxylic acid derivatives; Monocarboxylic acids and derivatives; Carboxylic acid esters; Triterpenoids; Triterpene glycosides; Acetals; Secondary alcohols; Carbonyl compounds; Oxanes; Terpene glycosides; Glycosyl compounds; O-glycosyl compounds; Polyols; Triterpene saponins; Fatty Acyls; Organic oxides; Oxacyclic compounds; Hydrocarbon derivatives; Organic oxygen compounds; Chemical entities"	1087.532	293	4.887	"645923982550932805"	"645923807002524385"	"2523"	"DECENT"
1	"C16H20O4"	"[M - H]-"	"C16H19O4-"	"Terpenoids"	0.241	"Sesquiterpenoids"	0.211	"Naphthalenes and derivatives"	0.288	"Benzenoids"	0.999	"Phenol ethers"	0.985	"Anisoles"	0.979			"Anisoles"	0.979	"Organic compounds; Ketones; Alkyl aryl ethers; Phenols; Anisoles; Ethers; Organooxygen compounds; Carbonyl compounds; Phenol ethers; Benzenoids; Organic oxides; Hydrocarbon derivatives; Organic oxygen compounds; Chemical entities"	275.129	307	5.111	"645923950032491762"	"645923802078404036"	"1049"	"DECENT"
1	"C15H20O3"	"[M - H]-"	"C15H19O3-"	"Terpenoids"	0.998	"Sesquiterpenoids"	0.994	"Eremophilane sesquiterpenoids"	0.488	"Lipids and lipid-like molecules"	0.827	"Prenol lipids"	0.890	"Terpene lactones"	0.889	"Sesquiterpene lactones"	0.931	"Eremophilanolides and secoeremophilanolides"	0.640	"Organic compounds; Organoheterocyclic compounds; Lipids and lipid-like molecules; Lactones; Alcohols and polyols; Prenol lipids; Organic acids and derivatives; Carboxylic acids and derivatives; Organooxygen compounds; Hemiacetals; Carboxylic acid derivatives; Monocarboxylic acids and derivatives; Carboxylic acid esters; Terpene lactones; Cyclic alcohols and derivatives; Sesquiterpene lactones; Sesquiterpenoids; Naphthofurans; Eudesmanolides, secoeudesmanolides, and derivatives; Carbonyl compounds; Furanones; Dihydrofurans; Eremophilanolides and secoeremophilanolides; Butenolides; Enoate esters; Alpha,beta-unsaturated carboxylic esters; Organic oxides; Oxacyclic compounds; Hydrocarbon derivatives; Organic oxygen compounds; Chemical entities"	247.133	311	5.192	"645923963223578681"	"645923801696721711"	"913"	"DECENT"
1	"C27H46N6O6"	"[M - H]-"	"C27H45N6O6-"	"Amino acids and Peptides"	0.587	"Oligopeptides"	0.282	"Cyclic peptides"	0.371	"Organic acids and derivatives"	0.999	"Carboxylic acids and derivatives"	0.991	"Amino acids, peptides, and analogues"	0.987	"Peptides"	0.615	"Peptides"	0.615	"Organic compounds; Organoheterocyclic compounds; Amino acids, peptides, and analogues; Alpha amino acids and derivatives; Alcohols and polyols; Lactams; Piperazines; Organic acids and derivatives; Carboxylic acids and derivatives; Organonitrogen compounds; Organooxygen compounds; Amino acids and derivatives; Peptides; Carboxylic acid amides; Carboxylic acid derivatives; Secondary alcohols; Secondary carboxylic acid amides; Tertiary carboxylic acid amides; Carbonyl compounds; Trialkylamines; Benzene and substituted derivatives; Diazinanes; Benzenoids; Amines; Tertiary amines; N-alkylpiperazines; Organic oxides; Azacyclic compounds; Hydrocarbon derivatives; Organopnictogen compounds; Organic oxygen compounds; Organic nitrogen compounds; Chemical entities"	549.343	313	5.219	"645923953996109365"	"645923805656150577"	"2148"	"LOWEST"
1	"C30H48O6"	"[M - H]-"	"C30H47O6-"	"Terpenoids"	1.000	"Triterpenoids"	1.000	"Oleanane triterpenoids"	0.804	"Lipids and lipid-like molecules"	0.998	"Prenol lipids"	0.977	"Triterpenoids"	0.994			"Triterpenoids"	0.994	"Organic compounds; Lipids and lipid-like molecules; Alcohols and polyols; Steroids and steroid derivatives; Prenol lipids; Organic acids and derivatives; Carboxylic acids and derivatives; Primary alcohols; Organooxygen compounds; Monocarboxylic acids and derivatives; Carboxylic acids; Cyclic alcohols and derivatives; Hydroxysteroids; Triterpenoids; Secondary alcohols; Carbonyl compounds; Polyols; 12-hydroxysteroids; Organic oxides; Hydrocarbon derivatives; Organic oxygen compounds; Chemical entities"	503.337	313	5.223	"645923968151886211"	"645923805282856919"	"2038"	"DECENT"
1	"C34H70N2O17S"	"[M - H]-"	"C34H69N2O17S-"	"Alkaloids"	0.969	"Pseudoalkaloids (transamidation)"	0.855	"Steroidal alkaloids"	0.274	"Lipids and lipid-like molecules"	0.895	"Prenol lipids"	0.328	"Diterpenoids"	0.522			"Diterpenoids"	0.522	"Organic compounds; Organoheterocyclic compounds; Organosulfur compounds; Carbohydrates and carbohydrate conjugates; Lipids and lipid-like molecules; Amino acids, peptides, and analogues; Alcohols and polyols; Piperidines; Ethers; Organic acids and derivatives; Carboxylic acids and derivatives; Organonitrogen compounds; Alkaloids and derivatives; Organooxygen compounds; Dicarboxylic acids and derivatives; Amino acids and derivatives; Carboxylic acid derivatives; Carboxylic acid esters; Cyclic alcohols and derivatives; Diterpenoids; Acetals; Secondary alcohols; Carbonyl compounds; Oxanes; Terpene glycosides; Glycosyl compounds; O-glycosyl compounds; Dialkylamines; Trialkylamines; Polyols; Amines; Secondary amines; Alkanolamines; Sulfenyl compounds; Fatty Acyls; Organic oxides; Azacyclic compounds; Oxacyclic compounds; Hydrocarbon derivatives; Amino acids; Organopnictogen compounds; Organic oxygen compounds; Organic nitrogen compounds; Chemical entities"	809.432	328	5.472	"645923986061565599"	"645923806843140532"	"2469"	"DECENT"
1	"C40H58N8O10"	"[M - H]-"	"C40H57N8O10-"	"Amino acids and Peptides"	0.762	"Oligopeptides"	0.996	"Cyclic peptides"	0.770	"Organic acids and derivatives"	0.999	"Carboxylic acids and derivatives"	0.998	"Amino acids, peptides, and analogues"	0.991	"Peptides"	0.703	"Oligopeptides"	0.503	"Organic compounds; Organoheterocyclic compounds; Amino acids, peptides, and analogues; Alpha amino acids and derivatives; Macrolactams; Pyridines and derivatives; Alcohols and polyols; Lactams; Phenylpropanoids and polyketides; Organic acids and derivatives; Carboxylic acids and derivatives; Organonitrogen compounds; Organooxygen compounds; Amino acids and derivatives; Peptides; Carboxylic acid amides; Carboxylic acid derivatives; Secondary alcohols; Secondary carboxylic acid amides; Tertiary carboxylic acid amides; Carbonyl compounds; Cyclic depsipeptides; Cyclic peptides; Polyols; Benzenoids; Organic oxides; Azacyclic compounds; Hydrocarbon derivatives; Organopnictogen compounds; Organic oxygen compounds; Organic nitrogen compounds; Oligopeptides; Chemical entities"	809.414	330	5.508	"645923964263766144"	"645923806834751888"	"2459"	"LOWEST"
1	"C42H66O15"	"[M - H]-"	"C42H65O15-"	"Terpenoids"	0.999	"Triterpenoids"	0.999	"Oleanane triterpenoids"	0.304	"Lipids and lipid-like molecules"	0.998	"Prenol lipids"	0.987	"Terpene glycosides"	0.846	"Triterpene glycosides"	0.819	"Triterpene saponins"	0.819	"Organic compounds; Organoheterocyclic compounds; Carbohydrates and carbohydrate conjugates; Lipids and lipid-like molecules; Alcohols and polyols; Ethers; Steroids and steroid derivatives; Prenol lipids; Organic acids and derivatives; Carboxylic acids and derivatives; Primary alcohols; Organooxygen compounds; Dicarboxylic acids and derivatives; Carboxylic acid derivatives; Carboxylic acids; Carboxylic acid esters; Disaccharides; Triterpenoids; Triterpene glycosides; Acetals; Secondary alcohols; Fatty acyl glycosides; Carbonyl compounds; Oxanes; Terpene glycosides; Glycosyl compounds; O-glycosyl compounds; Polyols; Triterpene saponins; Fatty acyl glycosides of mono- and disaccharides; Fatty Acyls; Organic oxides; Oxacyclic compounds; Hydrocarbon derivatives; Organic oxygen compounds; Chemical entities"	809.434	334	5.559	"645923973038250667"	"645923806843140511"	"2461"	"DECENT"
1	"C20H26O4"	"[M - H]-"	"C20H25O4-"	"Terpenoids"	0.999	"Diterpenoids"	0.914	"Cembrane diterpenoids"	0.777	"Lipids and lipid-like molecules"	0.912	"Prenol lipids"	0.949	"Diterpenoids"	0.888	"Cembrane diterpenoids"	0.743	"Cembrane diterpenoids"	0.743	"Organic compounds; Organoheterocyclic compounds; Cembrane diterpenoids; Lipids and lipid-like molecules; Lactones; Prenol lipids; Organic acids and derivatives; Carboxylic acids and derivatives; Organooxygen compounds; Dicarboxylic acids and derivatives; Carboxylic acid derivatives; Carboxylic acids; Carboxylic acid esters; Gamma butyrolactones; Terpene lactones; Diterpene lactones; Diterpenoids; Carbonyl compounds; Furanones; Dihydrofurans; Butenolides; Enoate esters; Alpha,beta-unsaturated carboxylic esters; Organic oxides; Oxacyclic compounds; Hydrocarbon derivatives; Organic oxygen compounds; Chemical entities"	329.175	356	5.932	"645923984337706489"	"645923803064066959"	"1387"	"DECENT"
1	"C21H38O6"	"[M - H]-"	"C21H37O6-"	"Fatty acids"	0.955	"Fatty esters"	0.595	"Dicarboxylic acids"	0.576	"Lipids and lipid-like molecules"	0.988	"Fatty Acyls"	0.989	"Fatty acids and conjugates"	0.665	"Branched fatty acids"	0.637	"Branched fatty acids"	0.637	"Organic compounds; Lipids and lipid-like molecules; Alcohols and polyols; Fatty acids and conjugates; Organic acids and derivatives; Carboxylic acids and derivatives; Organooxygen compounds; Fatty acid esters; Branched fatty acids; Hydroxy fatty acids; Dicarboxylic acids and derivatives; Carboxylic acid derivatives; Carboxylic acids; Carboxylic acid esters; Secondary alcohols; Carbonyl compounds; Fatty Acyls; Organic oxides; Hydrocarbon derivatives; Organic oxygen compounds; Chemical entities"	385.259	383	6.378	"645923986015428244"	"645923804041341265"	"1693"	"DECENT"
1	"C21H24O9"	"[M - H]-"	"C21H23O9-"	"Shikimates and Phenylpropanoids"	0.854	"Lignans"	0.451	"Depsides and depsidones"	0.145	"Benzenoids"	1.000	"Benzene and substituted derivatives"	0.999	"Benzoic acids and derivatives"	0.979	"Methoxybenzoic acids and derivatives"	0.967	"M-methoxybenzoic acids and derivatives"	0.878	"Organic compounds; Alkyl aryl ethers; Alcohols and polyols; Phenols; Anisoles; Benzoic acids and derivatives; Methoxyphenols; Ethers; Phenylpropanoids and polyketides; Organic acids and derivatives; Carboxylic acids and derivatives; Benzoyl derivatives; Organooxygen compounds; Carboxylic acid derivatives; Monocarboxylic acids and derivatives; Carboxylic acid esters; Hydroxybenzoic acid derivatives; Benzoic acid esters; Secondary alcohols; Benzene and substituted derivatives; Phenol ethers; Methoxybenzoic acids and derivatives; M-methoxybenzoic acids and derivatives; Benzenoids; Organic oxides; Methoxybenzenes; Hydrocarbon derivatives; Organic oxygen compounds; 1-hydroxy-2-unsubstituted benzenoids; p-Hydroxybenzoic acid esters; Phenoxy compounds; Chemical entities"	419.134	383	6.378	"645923992772452373"	"645923806247548368"	"2313"	"BAD"
1	"C21H24O9"	"[M - H]-"	"C21H23O9-"	"Shikimates and Phenylpropanoids"	0.861	"Lignans"	0.274	"Depsides and depsidones"	0.188	"Benzenoids"	1.000	"Benzene and substituted derivatives"	0.998	"Benzoic acids and derivatives"	0.957	"Methoxybenzoic acids and derivatives"	0.917	"M-methoxybenzoic acids and derivatives"	0.757	"Organic compounds; Alkyl aryl ethers; Alcohols and polyols; Phenols; Anisoles; Benzoic acids and derivatives; Methoxyphenols; Ethers; Phenylpropanoids and polyketides; Organic acids and derivatives; Carboxylic acids and derivatives; Benzoyl derivatives; Organooxygen compounds; Carboxylic acid derivatives; Monocarboxylic acids and derivatives; Carboxylic acid esters; Hydroxybenzoic acid derivatives; Benzoic acid esters; Secondary alcohols; Benzene and substituted derivatives; Phenol ethers; Methoxybenzoic acids and derivatives; M-methoxybenzoic acids and derivatives; Benzenoids; Vinylogous acids; Organic oxides; Methoxybenzenes; Hydrocarbon derivatives; Organic oxygen compounds; 1-hydroxy-2-unsubstituted benzenoids; p-Hydroxybenzoic acid esters; Phenoxy compounds; Chemical entities"	419.135	492	8.206	"645924056483934042"	"645923804586601514"	"1840"	"DECENT"
