"structurePerIdRank"	"formulaRank"	"ConfidenceScoreExact"	"ConfidenceScoreApproximate"	"CSI:FingerIDScore"	"ZodiacScore"	"SiriusScore"	"molecularFormula"	"adduct"	"precursorFormula"	"InChIkey2D"	"InChI"	"name"	"smiles"	"xlogp"	"pubchemids"	"links"	"dbflags"	"ionMass"	"retentionTimeInSeconds"	"retentionTimeInMinutes"	"formulaId"	"alignedFeatureId"	"mappingFeatureId"	"overallFeatureQuality"
1	1	0.306	0.819	-23.811	1.000	29.220	"C8H8O3"	"[M - H]-"	"C8H7O3-"	"CCVYRRGZDBSHFU"	"InChI=1S/C8H8O3/c9-7-4-2-1-3-6(7)5-8(10)11/h1-4,9H,5H2,(H,10,11)"	"2-(2-Hydroxyphenyl)Acetate"	"C1=CC=C(C(=C1)CC(=O)O)O"	1.059	"6933325;76973316;58399617;101569100;11970;138396033"	"PUBCHEMANNOTATIONBIO:(null);HMDB:(HMDB0000669);MiMeDB:(MMDBc0047976 MMDBc0054029);PUBCHEMANNOTATIONSAFETYANDTOXIC:(null);BloodExposome:(11970 6933325);SUPERNATURAL:(SN0042263);MESH:(11970);FooDB:(FDB012331);PUBCHEM:(6933325 76973316 58399617 101569100 11970 138396033);COCONUT:(CNP0298923);NORMAN:(NS00014664 NS00103167);METACYC:(CPD-11495);CHEBI:(28478 62423);KEGG:(C05852);DSSTox:(DTXSID1060633 DTXSID90892678);LOTUS:(Q27103728);PUBCHEMANNOTATIONDRUG:(null);PUBMED:(null)"	"139443046766"	151.039	63	1.058	"645923912065650185"	"645923796516753515"	"268"	"DECENT"
1	1	0.549	0.549	-28.202	1.000	156.127	"C26H30O14"	"[M - H]-"	"C26H29O14-"	"AEMSSQCQGDBRNA"	"InChI=1S/C26H30O14/c27-7-16-20(33)22(35)25(40-26-23(36)19(32)13(31)8-37-26)24(39-16)18-12(30)6-15-17(21(18)34)11(29)5-14(38-15)9-1-3-10(28)4-2-9/h1-4,6,13-14,16,19-20,22-28,30-36H,5,7-8H2"	"6-[4,5-dihydroxy-6-(hydroxymethyl)-3-[(3,4,5-trihydroxyoxan-2-yl)oxy]oxan-2-yl]-5,7-dihydroxy-2-(4-hydroxyphenyl)-3,4-dihydro-2H-1-benzopyran-4-one"	"C1C(OC2=C(C1=O)C(=C(C(=C2)O)C3C(C(C(C(O3)CO)O)O)OC4C(C(C(CO4)O)O)O)O)C5=CC=C(C=C5)O"	-1.600	"124870806;124870807;124870808;124870809;162823160;162823161;162823162;162823163;44715645"	"COCONUT:(CNP0086771);SUPERNATURAL:(SN0003471);PUBCHEM:(124870806 124870807 124870808 124870809 162823160 162823161 162823162 162823163 44715645)"	"3145730"	565.156	101	1.686	"645924178823399296"	"645923805832311650"	"2191"	"DECENT"
1	1	0.421	0.362	-4.865	1.000	115.003	"C29H34O18"	"[M - H]-"	"C29H33O18-"	"ZZNVCZGRNCQHCQ"	"InChI=1S/C29H34O18/c1-41-12-5-9(3-4-10(12)31)25-27(20(36)16-13(44-25)6-11(32)26(42-2)19(16)35)47-29-24(40)22(38)18(34)15(46-29)8-43-28-23(39)21(37)17(33)14(7-30)45-28/h3-6,14-15,17-18,21-24,28-35,37-40H,7-8H2,1-2H3"	"Spinacetin 3-Gentiobioside"	"COC1=C(C=CC(=C1)C2=C(C(=O)C3=C(O2)C=C(C(=C3O)OC)O)OC4C(C(C(C(O4)COC5C(C(C(C(O5)CO)O)O)O)O)O)O)O"	-1.500	"21676286;162982485;162982486;44259791;73822534"	"PUBCHEMANNOTATIONBIO:(null);COCONUT:(CNP0254789);HMDB:(HMDB0037469);CHEBI:(192235);LIPIDMAPS:(LMPK12112901);SUPERNATURAL:(SN0484542);FooDB:(FDB016534);PUBCHEM:(21676286 162982485 162982486 44259791 73822534);DSSTox:(DTXSID401305637);LOTUS:(Q105386943);GNPS:(CCMSLIB00000848182);PUBCHEMANNOTATIONDRUG:(null);KNAPSACK:(ZZNVCZGRNCQHCQ-UHFFFAOYSA-N)"	"140445225018"	669.167	140	2.332	"645924154710345590"	"645923806327240257"	"2324"	"DECENT"
1	1	0.029	0.108	-244.351	1.000	51.177	"C21H24O9"	"[M - H]-"	"C21H23O9-"	"KLPUXMNQDCUPNO"	"InChI=1S/C21H24O9/c1-28-16-8-11(4-5-15(16)24)2-3-12-6-13(23)9-14(7-12)29-21-20(27)19(26)18(25)17(10-22)30-21/h2-9,17-27H,10H2,1H3"	"Isorhapontin"	"COC1=C(C=CC(=C1)C=CC2=CC(=CC(=C2)OC3C(C(C(C(O3)CO)O)O)O)O)O"	0.932	"163001697;163001698;163001699;163001700;5090283;5281716;6267634;442709"	"COCONUT:(CNP0275540);PUBCHEMANNOTATIONSAFETYANDTOXIC:(null);CHEBI:(6053);LIPIDMAPS:(LMPK13090010);SUPERNATURAL:(SN0188986);KEGG:(C10266);MESH:(5281716);PUBCHEM:(163001697 163001698 163001699 163001700 5090283 5281716 6267634 442709);DSSTox:(DTXSID701031823);LOTUS:(Q105142757 Q18352366 Q105142756);PUBMED:(null);KNAPSACK:(KLPUXMNQDCUPNO-UHFFFAOYSA-N)"	"139925127542"	419.134	195	3.256	"645923932907147850"	"645923806247548362"	"2312"	"DECENT"
1	1	0.369	0.369	-109.958	0.997	95.188	"C25H30O12"	"[M - H]-"	"C25H29O12-"	"DUNFAZHEVVYXGG"	"InChI=1S/C25H30O12/c1-12-9-16(36-19(28)6-4-13-3-5-15(27)17(10-13)34-2)14(20(12)24(32)33)7-8-35-25-23(31)22(30)21(29)18(11-26)37-25/h3-7,10,16,18,21-23,25-27,29-31H,8-9,11H2,1-2H3,(H,32,33)"	"4-{[3-(4-hydroxy-3-methoxyphenyl)prop-2-enoyl]oxy}-2-methyl-5-(2-{[3,4,5-trihydroxy-6-(hydroxymethyl)oxan-2-yl]oxy}ethylidene)cyclopent-1-ene-1-carboxylic acid"	"CC1=C(C(=CCOC2C(C(C(C(O2)CO)O)O)O)C(C1)OC(=O)C=CC3=CC(=C(C=C3)O)OC)C(=O)O"	-0.500	"95224652;95224653;75130931;162823281;162823282;133053892;45783210"	"COCONUT:(CNP0087167);TeroMol:(TKC021782);SUPERNATURAL:(SN0075852);PUBCHEM:(95224652 95224653 75130931 162823281 162823282 133053892 45783210);GNPS:(CCMSLIB00000849330 CCMSLIB00000849333);PUBMED:(null)"	"11538498"	521.166	196	3.265	"645923940398175092"	"645923805492572465"	"2105"	"DECENT"
1	17	0.032	0.032	-191.312		11.075	"C18H20N8O"	"[M - H]-"	"C18H19N8O-"	"GZGYPQFTQOWKQR"	"InChI=1S/C18H20N8O/c27-18(14-26-9-1-6-20-26)25-12-10-24(11-13-25)17-3-2-16(22-23-17)21-15-4-7-19-8-5-15/h1-9H,10-14H2,(H,19,21,22)"	"2-(1H-pyrazol-1-yl)-1-(4-(6-(pyridin-4-ylamino)pyridazin-3-yl)piperazin-1-yl)ethanone"	"C1CN(CCN1C2=NN=C(C=C2)NC3=CC=NC=C3)C(=O)CN4C=CC=N4"	0.500	"122347972"	"PUBCHEM:(122347972)"	"2"	363.166	205	3.424	"645923924359155955"	"645923803600938790"	"1578"	"DECENT"
1	1	0.651	0.651	-86.944	0.990	24.999	"C15H26O7"	"[M - H]-"	"C15H25O7-"	"DBRPBQZVPSHBSR"	"InChI=1S/C15H26O7/c1-3-10(2)6-4-5-7-13(19)22-9-12(18)15(21)14(20)11(17)8-16/h4-7,10-12,14-18,20-21H,3,8-9H2,1-2H3"	"2,3,4,5,6-pentahydroxyhexyl (2E,4E)-6-methylocta-2,4-dienoate"	"CCC(C)C=CC=CC(=O)OCC(C(C(C(CO)O)O)O)O"	-0.300	"154812464"	"PUBCHEM:(154812464)"	"2"	317.160	206	3.426	"645923933842477702"	"645923802841768475"	"1311"	"DECENT"
1	1	0.287	0.526	-4.470	1.000	122.668	"C15H10O6"	"[M - H]-"	"C15H9O6-"	"XHEFDIBZLJXQHF"	"InChI=1S/C15H10O6/c16-8-2-3-9-12(6-8)21-15(14(20)13(9)19)7-1-4-10(17)11(18)5-7/h1-6,16-18,20H"	"Fietin"	"C1=CC(=C(C=C1C2=C(C(=O)C3=C(O2)C=C(C=C3)O)O)O)O"	2.000	"163342012;5281614;12309893;54758660"	"PUBCHEMANNOTATIONBIO:(null);PUBCHEMANNOTATIONSAFETYANDTOXIC:(null);BloodExposome:(5281614);LIPIDMAPS:(LMPK12111566);SUPERNATURAL:(SN0430080);MESH:(5281614);FooDB:(FDB000624);PUBCHEM:(163342012 5281614 12309893 54758660);COCONUT:(CNP0276366);NORMAN:(NS00018308);METACYC:(CPD-13503);CHEBI:(71992 42567);KEGG:(C10041);DSSTox:(DTXSID10583773 DTXSID4022317);LOTUS:(Q418384);PUBCHEMANNOTATIONDRUG:(null);PUBMED:(null);KNAPSACK:(XHEFDIBZLJXQHF-UHFFFAOYSA-N)"	"140516788598"	285.040	206	3.426	"645923951445972325"	"645923807254182658"	"2527"	"DECENT"
1	1	0.074	0.074	-246.863	1.000	42.178	"C21H24O9"	"[M - H]-"	"C21H23O9-"	"KLPUXMNQDCUPNO"	"InChI=1S/C21H24O9/c1-28-16-8-11(4-5-15(16)24)2-3-12-6-13(23)9-14(7-12)29-21-20(27)19(26)18(25)17(10-22)30-21/h2-9,17-27H,10H2,1H3"	"Isorhapontin"	"COC1=C(C=CC(=C1)C=CC2=CC(=CC(=C2)OC3C(C(C(C(O3)CO)O)O)O)O)O"	0.932	"163001697;163001698;163001699;163001700;5090283;5281716;6267634;442709"	"COCONUT:(CNP0275540);PUBCHEMANNOTATIONSAFETYANDTOXIC:(null);CHEBI:(6053);LIPIDMAPS:(LMPK13090010);SUPERNATURAL:(SN0188986);KEGG:(C10266);MESH:(5281716);PUBCHEM:(163001697 163001698 163001699 163001700 5090283 5281716 6267634 442709);DSSTox:(DTXSID701031823);LOTUS:(Q105142757 Q18352366 Q105142756);PUBMED:(null);KNAPSACK:(KLPUXMNQDCUPNO-UHFFFAOYSA-N)"	"139925127542"	419.134	208	3.467	"645923951349503321"	"645923806163662276"	"2306"	"DECENT"
1	1	0.659	0.659	-85.586	0.996	115.865	"C25H30O12"	"[M - H]-"	"C25H29O12-"	"DUNFAZHEVVYXGG"	"InChI=1S/C25H30O12/c1-12-9-16(36-19(28)6-4-13-3-5-15(27)17(10-13)34-2)14(20(12)24(32)33)7-8-35-25-23(31)22(30)21(29)18(11-26)37-25/h3-7,10,16,18,21-23,25-27,29-31H,8-9,11H2,1-2H3,(H,32,33)"	"4-{[3-(4-hydroxy-3-methoxyphenyl)prop-2-enoyl]oxy}-2-methyl-5-(2-{[3,4,5-trihydroxy-6-(hydroxymethyl)oxan-2-yl]oxy}ethylidene)cyclopent-1-ene-1-carboxylic acid"	"CC1=C(C(=CCOC2C(C(C(C(O2)CO)O)O)O)C(C1)OC(=O)C=CC3=CC(=C(C=C3)O)OC)C(=O)O"	-0.500	"95224652;95224653;75130931;162823281;162823282;133053892;45783210"	"COCONUT:(CNP0087167);TeroMol:(TKC021782);SUPERNATURAL:(SN0075852);PUBCHEM:(95224652 95224653 75130931 162823281 162823282 133053892 45783210);GNPS:(CCMSLIB00000849330 CCMSLIB00000849333);PUBMED:(null)"	"11538498"	521.166	208	3.474	"645923940633056128"	"645923805479989545"	"2102"	"DECENT"
1	1	0.197	0.197	-150.260	0.992	91.428	"C25H30O12"	"[M + CH2O2 - H]-"	"C26H31O14-"	"UBIOBPKBEZMDGP"	"InChI=1S/C25H30O12/c1-33-17-8-12(2-4-15(17)27)3-5-19(29)35-11-13-9-16(28)14-6-7-34-24(20(13)14)37-25-23(32)22(31)21(30)18(10-26)36-25/h2-9,14,16,18,20-28,30-32H,10-11H2,1H3"	"(5-hydroxy-1-{[3,4,5-trihydroxy-6-(hydroxymethyl)oxan-2-yl]oxy}-1H,4aH,5H,7aH-cyclopenta[c]pyran-7-yl)methyl 3-(4-hydroxy-3-methoxyphenyl)prop-2-enoate"	"COC1=C(C=CC(=C1)C=CC(=O)OCC2=CC(C3C2C(OC=C3)OC4C(C(C(C(O4)CO)O)O)O)O)O"	-0.700	"101675241;162864583;162864584"	"COCONUT:(CNP0128000);TeroMol:(TKC021946);SUPERNATURAL:(SN0365795);PUBCHEM:(101675241 162864583 162864584);LOTUS:(Q105269309)"	"279969794"	567.171	208	3.474	"645923937529271079"	"645923805781979911"	"2180"	"DECENT"
1	1	0.162	0.162	-95.828	1.000	76.981	"C12H18O4"	"[M - H]-"	"C12H17O4-"	"WPSFKKQQTBEENR"	"InChI=1S/C12H18O4/c13-11(14)9-7-5-3-1-2-4-6-8-10-12(15)16/h3-6H,1-2,7-10H2,(H,13,14)(H,15,16)"		"C(CC=CCCC(=O)O)C=CCCC(=O)O"	1.700	"6537917;84312"	"NORMAN:(NS00053855);PUBCHEM:(6537917 84312);DSSTox:(DTXSID001299551 DTXSID90931637)"	"137439215618"	225.113	223	3.716	"645923933502739056"	"645923801319233799"	"785"	"DECENT"
1	1	0.218	0.681	-106.345	0.999	67.599	"C19H18O7"	"[M - H]-"	"C19H17O7-"	"AOAGZRJZUKYLHH"	"InChI=1S/C19H18O7/c1-25-18-10-12(2-6-16(18)22)4-7-19(24)26-11-14(20)8-13-3-5-15(21)17(23)9-13/h2-7,9-10,21-23H,8,11H2,1H3"	"Cimiracemate B"	"COC1=C(C=CC(=C1)C=CC(=O)OCC(=O)CC2=CC(=C(C=C2)O)O)O"	2.500	"5315876;78384676"	"COCONUT:(CNP0272004);SUPERNATURAL:(SN0010693);MESH:(5315876);PUBCHEM:(5315876 78384676);LOTUS:(Q27255555 Q104915512);PUBMED:(null);KNAPSACK:(AOAGZRJZUKYLHH-UHFFFAOYSA-N)"	"271581270"	357.098	249	4.146	"645923945712358490"	"645923806377572029"	"2343"	"DECENT"
1	1	0.167	0.167	-197.226	1.000	70.858	"C19H31NO6"	"[M - H]-"	"C19H30NO6-"	"GHHWUZRWIRAIRD"	"InChI=1S/C19H31NO6/c1-2-10-15(21)11-8-6-4-3-5-7-9-12-17(22)20-16(19(25)26)13-14-18(23)24/h3,5-6,8,15-16,21H,2,4,7,9-14H2,1H3,(H,20,22)(H,23,24)(H,25,26)"	"2-[[(5Z,8Z)-11-hydroxytetradeca-5,8-dienoyl]amino]pentanedioic acid"	"CCCC(CC=CCC=CCCCC(=O)NC(CCC(=O)O)C(=O)O)O"	2.100	"154812541"	"PUBCHEM:(154812541)"	"2"	368.207	255	4.250	"645923944621839381"	"645923804209113598"	"1723"	"DECENT"
1	1	0.236	0.255	-88.627	0.531	55.534	"C52H82O21"	"[M + CH2O2 - H]-"	"C53H83O23-"	"IFKVQLFRSXXGJD"	"InChI=1S/C52H82O21/c1-22-10-15-52(47(65)73-45-40(64)37(61)34(58)28(20-54)69-45)17-16-50(6)24(25(52)18-22)8-9-30-49(5)13-12-31(48(3,4)29(49)11-14-51(30,50)7)70-46-42(72-43-38(62)35(59)32(56)23(2)67-43)41(26(55)21-66-46)71-44-39(63)36(60)33(57)27(19-53)68-44/h8,23,25-46,53-64H,1,9-21H2,2-7H3"	"Guaiacin D"	"CC1C(C(C(C(O1)OC2C(C(COC2OC3CCC4(C(C3(C)C)CCC5(C4CC=C6C5(CCC7(C6CC(=C)CC7)C(=O)OC8C(C(C(C(O8)CO)O)O)O)C)C)C)O)OC9C(C(C(C(O9)CO)O)O)O)O)O)O"	0.200	"101589132;162996774;162996775"	"COCONUT:(CNP0270186);TeroMol:(TKC055548 TKC185527);SUPERNATURAL:(SN0144231);PUBCHEM:(101589132 162996774 162996775);LOTUS:(Q105112224 Q105112226);KNAPSACK:(IFKVQLFRSXXGJD-UHFFFAOYSA-N)"	"279969810"	1087.532	293	4.887	"645923982550932805"	"645923807002524385"	"2523"	"DECENT"
1	1	0.205	0.205	-144.936	0.999	65.430	"C16H20O4"	"[M - H]-"	"C16H19O4-"	"KIPGMYAIQAAECU"	"InChI=1S/C16H20O4/c1-9-11(18-4)7-10-13(15(9)20-6)14(17)12(19-5)8-16(10,2)3/h7-8H,1-6H3"	"2,6,8-Trimethoxy-4,4,7-trimethylnaphthalen-1-one"	"CC1=C(C=C2C(=C1OC)C(=O)C(=CC2(C)C)OC)OC"	3.600	"137635763"	"PUBCHEM:(137635763);PUBMED:(null)"	"66"	275.129	307	5.111	"645923950032491762"	"645923802078404036"	"1049"	"DECENT"
1	11	0.100	0.100	-161.356		29.877	"C11H23NO3P"	"[M - H]-"	"C11H22NO3P-"	"FNEZDHBOGHOYAY"	"InChI=1S/C11H24NO3P/c1-8-15-16(14)9(10(2,3)4)12(13)11(5,6)7/h9H,8H2,1-7H3/q+1"	"[1-(Ethoxyphosphinyl)-2,2-dimethylpropyl(tert-butyl)aminooxy]radical"	"CCO[P+](=O)C(C(C)(C)C)N(C(C)(C)C)[O]"	2.300	"132514227"	"PUBCHEM:(132514227)"	"2"	247.133	309	5.149	"645923950615500048"	"645923801696721705"	"904"	"DECENT"
1	18	0.199	0.199	-62.969		56.666	"C13H17F3"	"[M + CH2O2 - H]-"	"C14H18F3O2-"	"AOVRUHWJCIJSRE"	"InChI=1S/C13H17F3/c1-5-9-6-10(12(2,3)4)8-11(7-9)13(14,15)16/h6-8H,5H2,1-4H3"	"1-Tert-butyl-3-ethyl-5-(trifluoromethyl)benzene"	"CCC1=CC(=CC(=C1)C(F)(F)F)C(C)(C)C"	5.300	"89663665"	"PUBCHEM:(89663665)"	"2"	275.129	309	5.149	"645923959087994754"	"645923802078404032"	"1045"	"DECENT"
1	1	0.156	0.247	-67.922	1.000	58.407	"C15H20O3"	"[M - H]-"	"C15H19O3-"	"FBMORZZOJSDNRQ"	"InChI=1S/C15H20O3/c1-9-5-4-6-14(3)8-15(17)12(7-11(9)14)10(2)13(16)18-15/h11,17H,1,4-8H2,2-3H3"	"Codonolactone"	"CC1=C2CC3C(=C)CCCC3(CC2(OC1=O)O)C"	2.100	"5315992;5321031;14420566;124355487;92261980;92261981;92261982;122679467;11311230;155948;196319"	"PUBCHEMANNOTATIONBIO:(null);HMDB:(HMDB0248708);TeroMol:(TKC134277 TKC134276 TKC036893 TKC134278 TKC134279 TKC134275);PUBCHEMANNOTATIONSAFETYANDTOXIC:(null);BloodExposome:(155948);SUPERNATURAL:(SN0081210);HSDB:(73030-71-4);MESH:(155948 196319);PUBCHEM:(5315992 5321031 14420566 124355487 92261980 92261981 92261982 122679467 11311230 155948 196319);COCONUT:(CNP0135232);CHEBI:(69958 181894);KEGG:(C17887);DSSTox:(DTXSID20916093 DTXSID50223308);LOTUS:(Q104992738 Q104992740 Q82887225 Q104992739 Q27138303);PUBMED:(null);KNAPSACK:(FBMORZZOJSDNRQ-UHFFFAOYSA-N)"	"137807004542"	247.133	311	5.192	"645923963223578681"	"645923801696721711"	"913"	"DECENT"
1	4	0.054	0.054	-279.475	0.030	12.653	"C28H42N10O2"	"[M - H]-"	"C28H41N10O2-"	"AMKDYKUEAHFZTP"	"InChI=1S/C28H42N10O2/c1-21-11-25-15-33(7-5-9-39)16-27-13-23(3)37(31-27)20-38-24(4)14-28(32-38)18-34(8-6-10-40)17-26-12-22(2)36(30-26)19-35(21)29-25/h11-14,39-40H,5-10,15-20H2,1-4H3"	"N,N'-[Methylenebis(5-methyl-1H-pyrazole-1,3-diyl)bismethylene]-N,N'-[methylenebis(5-methyl-1H-pyrazole-1,3-diyl)bismethylene]bis(3-hydroxy-1-propanamine)"	"CC1=CC2=NN1CN3C(=CC(=N3)CN(CC4=NN(CN5C(=CC(=N5)CN(C2)CCCO)C)C(=C4)C)CCCO)C"	0.600	"102246315"	"PUBCHEM:(102246315)"	"2"	549.343	313	5.219	"645923953996109368"	"645923805656150577"	"2148"	"LOWEST"
1	1	0.421	0.448	-21.211	1.000	47.900	"C30H48O6"	"[M - H]-"	"C30H47O6-"	"PRAUVHZJPXOEIF"	"InChI=1S/C30H48O6/c1-16-9-10-30(25(35)36)12-11-28(5)18(22(30)17(16)2)7-8-21-26(3)13-20(33)24(34)27(4,15-31)23(26)19(32)14-29(21,28)6/h7,16-17,19-24,31-34H,8-15H2,1-6H3,(H,35,36)"	"Brahmic Acid"	"CC1CCC2(CCC3(C(=CCC4C3(CC(C5C4(CC(C(C5(C)CO)O)O)C)O)C)C2C1C)C)C(=O)O"	4.400	"42617414;124827541;124827542;124827543;124827544;51531964;51531966;51531968;9983615;6710742;53239391;163022283;163022284;163022285;163022286;163022287;50937096;16039578;5315494;51008623;69570950;137705969;21139897;137325532;96327575;96327576;96327577;96327578;94725164;94725165;94725166;94725167;146157741;126509868;16757913;56845291;3246316;98047108;98047109;98047110;98047111;73412;258809;12073158;11547904;11972635;44119894;44197787;138107071;24825674;24867578"	"PUBCHEMANNOTATIONBIO:(null);HMDB:(HMDB0036670 HMDB0242432);TeroMol:(TKC105501 TKC063247 TKC144945 TKC144948 TKC144950 TKC105499 TKC144949 TKC144946 TKC144947 TKC151701 TKC151702);BloodExposome:(73412 24825674 6710742 258809 137705969 12073158);LIPIDMAPS:(LMPR0106180009);SUPERNATURAL:(SN0292937);MESH:(73412);FooDB:(FDB015600 FDB019814);PUBCHEM:(42617414 124827541 124827542 124827543 124827544 51531964 51531966 51531968 9983615 6710742 53239391 163022283 163022284 163022285 163022286 163022287 50937096 16039578 5315494 51008623 69570950 137705969 21139897 137325532 96327575 96327576 96327577 96327578 94725164 94725165 94725166 94725167 146157741 126509868 16757913 56845291 3246316 98047108 98047109 98047110 98047111 73412 258809 12073158 11547904 11972635 44119894 44197787 138107071 24825674 24867578);COCONUT:(CNP0299068);NORMAN:(NS00071060);CHEBI:(73058);DSSTox:(DTXSID70939838);LOTUS:(Q105213583 Q105213586 Q27140267 Q104195273);PUBCHEMANNOTATIONDRUG:(null);PUBMED:(null)"	"140458066030"	503.337	313	5.223	"645923968151886211"	"645923805282856919"	"2038"	"DECENT"
1	6	0.017	0.017	-498.471	0.035	40.416	"C42H62N6O8S"	"[M - H]-"	"C42H61N6O8S-"	"ZKELQISUOPVZIB"	"InChI=1S/C42H62N6O8S/c1-13-25-19-42(25,36(54)47-57(55,56)26-15-16-26)46-32(50)27-20-41(39(11,12)40(41)17-14-18-40)21-48(27)35(53)31(38(8,9)10)45-34(52)30(37(5,6)7)44-33(51)29-28(24(4)49)22(2)23(3)43-29/h13,25-27,30-31,43H,1,14-21H2,2-12H3,(H,44,51)(H,45,52)(H,46,50)(H,47,54)"	"(5R,8S)-7-[(2S)-2-[[(2S)-2-[(3-acetyl-4,5-dimethyl-1H-pyrrole-2-carbonyl)amino]-3,3-dimethylbutanoyl]amino]-3,3-dimethylbutanoyl]-N-[(1R,2S)-1-(cyclopropylsulfonylcarbamoyl)-2-ethenylcyclopropyl]-10,10-dimethyl-7-azadispiro[3.0.45.14]decane-8-carboxamide"	"CC1=C(NC(=C1C(=O)C)C(=O)NC(C(=O)NC(C(=O)N2CC3(CC2C(=O)NC4(CC4C=C)C(=O)NS(=O)(=O)C5CC5)C(C36CCC6)(C)C)C(C)(C)C)C(C)(C)C)C"	5.600	"59533345"	"PUBCHEM:(59533345)"	"2"	809.432	328	5.472	"645923986061565606"	"645923806843140532"	"2469"	"DECENT"
1	3	0.327	0.327	-405.103	0.045	7.632	"C46H58N4O9"	"[M - H]-"	"C46H57N4O9-"	"JXLYSJRDGCGARV"	"InChI=1S/C46H58N4O9/c1-8-42(54)23-28-24-45(40(52)57-6,36-30(15-19-49(25-28)26-42)29-13-10-11-14-33(29)47-36)32-21-31-34(22-35(32)56-5)48(4)38-44(31)17-20-50-18-12-16-43(9-2,37(44)50)39(59-27(3)51)46(38,55)41(53)58-7/h10-14,16,21-22,28,37-39,47,54-55H,8-9,15,17-20,23-26H2,1-7H3"	"Leurosidine"	"CCC1(CC2CC(C3=C(CCN(C2)C1)C4=CC=CC=C4N3)(C5=C(C=C6C(=C5)C78CCN9C7C(C=CC9)(C(C(C8N6C)(C(=O)OC)O)OC(=O)C)CC)OC)C(=O)OC)O"	4.622	"154828021;118985538;134270729;124516887;124746066;58905610;9811085;6604041;6710780;53298463;163141435;163141436;163188151;163285611;5315216;135021197;53979789;154496896;118444056;129606856;129607086;23617286;162888785;162888786;162888787;125038935;125038936;125038937;66509077;146165484;145853436;16757895;16758820;126656044;126672739;126672740;89970490;100925385;70928568;25202108;133126830;657290;99719263;159458387;129009934;129010343;129320449;71520318;71520319;71720356;71752948;71752949;131708751;11083338;11104792;45073402;10898115;59922226;13342;68543;161115;241903;442110;91030248;3823886;3823887;12444690;12444694;12444700;11957720;71065226;71155863;71172367;73759760;73896882;44367556;44417235;138107191;2724156;24867288"	"PUBCHEMANNOTATIONBIO:(null);HMDB:(HMDB0014710);TeroMol:(TKC205987 TKC205990 TKC123137 TKC205985 TKC205989 TKC205986 TKC205991 TKC205988);PUBCHEMANNOTATIONSAFETYANDTOXIC:(null);BloodExposome:(3823887 133126830 241903 129009934 44417235 13342 6710780);SUPERNATURAL:(SN0151208 SN0177925);HSDB:(865-21-4);MESH:(13342 241903 3823887 6710780 44417235 129009934 133126830);PUBCHEM:(154828021 118985538 134270729 124516887 124746066 58905610 9811085 6604041 6710780 53298463 163141435 163141436 163188151 163285611 5315216 135021197 53979789 154496896 118444056 129606856 129607086 23617286 162888785 162888786 162888787 125038935 125038936 125038937 66509077 146165484 145853436 16757895 16758820 126656044 126672739 126672740 89970490 100925385 70928568 25202108 133126830 657290 99719263 159458387 129009934 129010343 129320449 71520318 71520319 71720356 71752948 71752949 131708751 11083338 11104792 45073402 10898115 59922226 13342 68543 161115 241903 442110 91030248 3823886 3823887 12444690 12444694 12444700 11957720 71065226 71155863 71172367 73759760 73896882 44367556 44417235 138107191 2724156 24867288);GNPS:(CCMSLIB00004680074);COCONUT:(CNP0155491 CNP0452466);NORMAN:(NS00003095 NS00094493);METACYC:(CPD-7858);PLANTCYC:(CPD-7858);CHEBI:(125454 6429 27375);KEGG:(C07201 C09218);DSSTox:(DTXSID101018043 DTXSID8021430);LOTUS:(Q282629 Q105136628 Q105136631 Q105136630 Q105136639);PUBCHEMANNOTATIONDRUG:(null);PUBMED:(null);KNAPSACK:(JXLYSJRDGCGARV-UHFFFAOYSA-N)"	"137840958334"	809.414	330	5.508	"645923964263766146"	"645923806834751888"	"2459"	"LOWEST"
1	1	0.234	0.426	-122.083	0.998	60.261	"C42H66O15"	"[M - H]-"	"C42H65O15-"	"LDCLXZSKVDYDBF"	"InChI=1S/C42H66O15/c1-19-9-14-41(37(53)57-35-33(50)31(48)29(46)23(18-44)55-35)15-16-42(36(51)52)21(27(41)20(19)2)7-8-25-39(5)12-11-26(38(3,4)24(39)10-13-40(25,42)6)56-34-32(49)30(47)28(45)22(17-43)54-34/h7,19-20,22-35,43-50H,8-18H2,1-6H3,(H,51,52)"	"Mussaendoside S"	"CC1CCC2(CCC3(C(=CCC4C3(CCC5C4(CCC(C5(C)C)OC6C(C(C(C(O6)CO)O)O)O)C)C)C2C1C)C(=O)O)C(=O)OC7C(C(C(C(O7)CO)O)O)O"	2.500	"101210549;124871394;124871395;124871396;23955888;14194008;14194010;102085435;101563029;162946059;162946060;10079101;133556269"	"COCONUT:(CNP0216542);TeroMol:(TKC141752 TKC056427 TKC141753 TKC141751 TKC149484 TKC056446 TKC149485 TKC056419 TKC149486);SUPERNATURAL:(SN0202252);PUBCHEM:(101210549 124871394 124871395 124871396 23955888 14194008 14194010 102085435 101563029 162946059 162946060 10079101 133556269);DSSTox:(DTXSID601171323);LOTUS:(Q105150157 Q105150158 Q105150159 Q104170841);PUBMED:(null)"	"137718923330"	809.434	334	5.559	"645923973038250667"	"645923806843140511"	"2461"	"DECENT"
1	19	-Infinity	-Infinity	-148.854		31.741	"C12H26N6O3Si"	"[M + CH2O2 - H]-"	"C13H27N6O5Si-"	"RTTCKKDVSOLRSR"	"InChI=1S/C12H26N6O3Si/c1-5-9(15-12-17-10(13)16-11(14)18-12)22(19-6-2,20-7-3)21-8-4/h9H,5-8H2,1-4H3,(H5,13,14,15,16,17,18)"	"2-N-(1-triethoxysilylpropyl)-1,3,5-triazine-2,4,6-triamine"	"CCC(NC1=NC(=NC(=N1)N)N)[Si](OCC)(OCC)OCC"	1.739	"140286170"	"PUBCHEM:(140286170)"	"2"	375.181	356	5.930	"645923976565660613"	"645923803668047744"	"1597"	"DECENT"
1	1	0.796	0.796	-9.129	1.000	134.553	"C20H26O4"	"[M - H]-"	"C20H25O4-"	"XMGYICKYGJRMIY"	"InChI=1S/C20H26O4/c1-14(2)7-5-9-17(20(22)23)10-6-8-15(3)11-12-18-16(4)13-19(21)24-18/h7,10-13H,5-6,8-9H2,1-4H3,(H,22,23)"	"(2Z,6E,8Z)-6-methyl-8-(3-methyl-5-oxofuran-2-ylidene)-2-(4-methylpent-3-enyl)octa-2,6-dienoic acid"	"CC1=CC(=O)OC1=CC=C(C)CCC=C(CCC=C(C)C)C(=O)O"	4.700	"154812469;154814097"	"PUBCHEM:(154812469 154814097)"	"2"	329.175	356	5.932	"645923984337706489"	"645923803064066959"	"1387"	"DECENT"
1	1	0.059	0.444	-137.381	0.986	25.056	"C21H38O6"	"[M - H]-"	"C21H37O6-"	"MBCOREYAADFJIA"	"InChI=1S/C21H38O6/c1-3-4-5-6-7-8-9-10-11-12-13-14-15-17(20(23)24)18(21(25)26)16-19(22)27-2/h17-18H,3-16H2,1-2H3,(H,23,24)(H,25,26)"	"(+)-Rangiformic Acid"	"CCCCCCCCCCCCCCC(C(CC(=O)OC)C(=O)O)C(=O)O"	6.500	"10738926;78062505;71357507"	"COCONUT:(CNP0203130);SUPERNATURAL:(SN0220850);PUBCHEM:(10738926 78062505 71357507);DSSTox:(DTXSID70781576);KNAPSACK:(MBCOREYAADFJIA-UHFFFAOYSA-N)"	"137442099218"	385.259	383	6.378	"645923986015428244"	"645923804041341265"	"1693"	"DECENT"
1	1	0.025	0.050	-203.128	0.998	59.804	"C21H24O9"	"[M - H]-"	"C21H23O9-"	"KLPUXMNQDCUPNO"	"InChI=1S/C21H24O9/c1-28-16-8-11(4-5-15(16)24)2-3-12-6-13(23)9-14(7-12)29-21-20(27)19(26)18(25)17(10-22)30-21/h2-9,17-27H,10H2,1H3"	"Isorhapontin"	"COC1=C(C=CC(=C1)C=CC2=CC(=CC(=C2)OC3C(C(C(C(O3)CO)O)O)O)O)O"	0.932	"163001697;163001698;163001699;163001700;5090283;5281716;6267634;442709"	"COCONUT:(CNP0275540);PUBCHEMANNOTATIONSAFETYANDTOXIC:(null);CHEBI:(6053);LIPIDMAPS:(LMPK13090010);SUPERNATURAL:(SN0188986);KEGG:(C10266);MESH:(5281716);PUBCHEM:(163001697 163001698 163001699 163001700 5090283 5281716 6267634 442709);DSSTox:(DTXSID701031823);LOTUS:(Q105142757 Q18352366 Q105142756);PUBMED:(null);KNAPSACK:(KLPUXMNQDCUPNO-UHFFFAOYSA-N)"	"139925127542"	419.134	383	6.378	"645923992772452373"	"645923806247548368"	"2313"	"BAD"
1	14	0.028	0.028	-167.453		75.007	"C11H9FO5"	"[M + CH2O2 - H]-"	"C12H10FO7-"	"BMDXEVPRDAOXFB"	"InChI=1S/C11H9FO5/c1-17-11(16)10(15)5-9(14)7-4-6(12)2-3-8(7)13/h2-5,13-14H,1H3"	"methyl (Z)-4-(5-fluoro-2-hydroxyphenyl)-4-hydroxy-2-oxobut-3-enoate"	"COC(=O)C(=O)C=C(C1=C(C=CC(=C1)F)O)O"	1.800	"82551459"	"PUBCHEM:(82551459)"	"2"	285.040	491	8.186	"645924046765731194"	"645923807254182652"	"2526"	"DECENT"
1	1	0.031	0.068	-198.682	0.997	54.886	"C21H24O9"	"[M - H]-"	"C21H23O9-"	"KLPUXMNQDCUPNO"	"InChI=1S/C21H24O9/c1-28-16-8-11(4-5-15(16)24)2-3-12-6-13(23)9-14(7-12)29-21-20(27)19(26)18(25)17(10-22)30-21/h2-9,17-27H,10H2,1H3"	"Isorhapontin"	"COC1=C(C=CC(=C1)C=CC2=CC(=CC(=C2)OC3C(C(C(C(O3)CO)O)O)O)O)O"	0.932	"163001697;163001698;163001699;163001700;5090283;5281716;6267634;442709"	"COCONUT:(CNP0275540);PUBCHEMANNOTATIONSAFETYANDTOXIC:(null);CHEBI:(6053);LIPIDMAPS:(LMPK13090010);SUPERNATURAL:(SN0188986);KEGG:(C10266);MESH:(5281716);PUBCHEM:(163001697 163001698 163001699 163001700 5090283 5281716 6267634 442709);DSSTox:(DTXSID701031823);LOTUS:(Q105142757 Q18352366 Q105142756);PUBMED:(null);KNAPSACK:(KLPUXMNQDCUPNO-UHFFFAOYSA-N)"	"139925127542"	419.135	492	8.206	"645924056483934042"	"645923804586601514"	"1840"	"DECENT"
