"formulaRank"	"molecularFormula"	"adduct"	"precursorFormula"	"NPC#pathway"	"NPC#pathway Probability"	"NPC#superclass"	"NPC#superclass Probability"	"NPC#class"	"NPC#class Probability"	"ClassyFire#superclass"	"ClassyFire#superclass probability"	"ClassyFire#class"	"ClassyFire#class Probability"	"ClassyFire#subclass"	"ClassyFire#subclass Probability"	"ClassyFire#level 5"	"ClassyFire#level 5 Probability"	"ClassyFire#most specific class"	"ClassyFire#most specific class Probability"	"ClassyFire#all classifications"	"ionMass"	"retentionTimeInSeconds"	"retentionTimeInMinutes"	"formulaId"	"alignedFeatureId"	"mappingFeatureId"	"overallFeatureQuality"
1	"C19H26O12"	"[M - H]-"	"C19H25O12-"	"Shikimates and Phenylpropanoids"	0.659	"Monoterpenoids"	0.471	"Iridoids monoterpenoids"	0.280	"Organic oxygen compounds"	1.000	"Organooxygen compounds"	1.000	"Carbohydrates and carbohydrate conjugates"	0.999	"Disaccharides"	0.918	"Disaccharides"	0.918	"Organic compounds; Organoheterocyclic compounds; Carbohydrates and carbohydrate conjugates; Alcohols and polyols; Ethers; Primary alcohols; Benzodioxoles; Organooxygen compounds; Disaccharides; Acetals; Secondary alcohols; Tertiary alcohols; Oxanes; Glycosyl compounds; O-glycosyl compounds; Polyols; Benzenoids; Oxacyclic compounds; Hydrocarbon derivatives; Organic oxygen compounds; Chemical entities"	445.134	62	1.040	"645946596047757909"	"645946506235117974"	"2158"	"DECENT"
1	"C19H26O12"	"[M + CH2O2 - H]-"	"C20H27O14-"	"Shikimates and Phenylpropanoids"	0.908	"Phenylpropanoids (C6-C3)"	0.296	"Cinnamic acids and derivatives"	0.282	"Organic oxygen compounds"	1.000	"Organooxygen compounds"	1.000	"Carbohydrates and carbohydrate conjugates"	0.999	"Disaccharides"	0.976	"Disaccharides"	0.976	"Organic compounds; Organoheterocyclic compounds; Carbohydrates and carbohydrate conjugates; Alcohols and polyols; Ethers; Primary alcohols; Benzodioxoles; Organooxygen compounds; Disaccharides; Acetals; Secondary alcohols; Oxanes; Glycosyl compounds; O-glycosyl compounds; Benzene and substituted derivatives; Polyols; Benzenoids; Oxacyclic compounds; Hydrocarbon derivatives; Organic oxygen compounds; Chemical entities"	491.140	63	1.047	"645946590288978042"	"645946506654549015"	"2300"	"DECENT"
1	"C20H22O9"	"[M - H]-"	"C20H21O9-"	"Shikimates and Phenylpropanoids"	0.996	"Phenolic acids (C6-C1)"	0.993	"Simple phenolic acids"	0.987	"Organic oxygen compounds"	1.000	"Organooxygen compounds"	1.000	"Carbohydrates and carbohydrate conjugates"	1.000	"Glycosyl compounds"	0.999	"Phenolic glycosides"	0.998	"Organic compounds; Organoheterocyclic compounds; Carbohydrates and carbohydrate conjugates; Benzyl alcohols; Alcohols and polyols; Phenols; Benzoic acids and derivatives; Ethers; Organic acids and derivatives; Carboxylic acids and derivatives; Primary alcohols; Benzoyl derivatives; Organooxygen compounds; Carboxylic acid derivatives; Monocarboxylic acids and derivatives; Carboxylic acid esters; Benzoic acid esters; Monosaccharides; Acetals; Secondary alcohols; Oxanes; Glycosyl compounds; O-glycosyl compounds; Benzene and substituted derivatives; Polyols; Phenol ethers; Benzenoids; Organic oxides; Oxacyclic compounds; Hydrocarbon derivatives; Phenolic glycosides; Organic oxygen compounds; 4-alkoxyphenols; 1-hydroxy-2-unsubstituted benzenoids; Phenoxy compounds; Chemical entities"	405.118	118	1.969	"645946827338471980"	"645946505996042229"	"2064"	"DECENT"
1	"C21H24O11"	"[M - H]-"	"C21H23O11-"	"Shikimates and Phenylpropanoids"	0.996	"Phenolic acids (C6-C1)"	0.870	"Simple phenolic acids"	0.467	"Phenylpropanoids and polyketides"	0.481	"Tannins"	0.666	"Hydrolyzable tannins"	0.799			"Hydrolyzable tannins"	0.799	"Organic compounds; Organoheterocyclic compounds; Carbohydrates and carbohydrate conjugates; Alkyl aryl ethers; Alcohols and polyols; Phenols; Anisoles; Benzoic acids and derivatives; Methoxyphenols; Tannins; Ethers; Organic acids and derivatives; Carboxylic acids and derivatives; Benzoyl derivatives; Organooxygen compounds; Carboxylic acid derivatives; Monocarboxylic acids and derivatives; Carboxylic acid esters; Hydroxybenzoic acid derivatives; Benzoic acid esters; Monosaccharides; Acetals; Secondary alcohols; Hydrolyzable tannins; Oxanes; Glycosyl compounds; O-glycosyl compounds; Benzene and substituted derivatives; Polyols; Phenol ethers; Methoxybenzoic acids and derivatives; M-methoxybenzoic acids and derivatives; Benzenoids; Organic oxides; Methoxybenzenes; Oxacyclic compounds; Hydrocarbon derivatives; Phenolic glycosides; Organic oxygen compounds; 4-alkoxyphenols; 1-hydroxy-2-unsubstituted benzenoids; p-Hydroxybenzoic acid esters; p-Hydroxybenzoic acid alkyl esters; Phenoxy compounds; Chemical entities"	451.124	125	2.085	"645946727065238822"	"645946506277061050"	"2166"	"DECENT"
1	"C25H32O10"	"[M - H]-"	"C25H31O10-"	"Shikimates and Phenylpropanoids"	1.000	"Lignans"	1.000	"Arylnaphthalene and aryltetralin lignans"	0.998	"Lignans, neolignans and related compounds"	0.994	"Lignan glycosides"	0.963					"Lignan glycosides"	0.963	"Organic compounds; Organoheterocyclic compounds; Carbohydrates and carbohydrate conjugates; Tetralins; Alkyl aryl ethers; Alcohols and polyols; Phenols; Anisoles; Methoxyphenols; Ethers; Primary alcohols; Organooxygen compounds; Lignans, neolignans and related compounds; Pentoses; Lignan glycosides; Monosaccharides; Acetals; Secondary alcohols; Oxanes; Glycosyl compounds; O-glycosyl compounds; Benzene and substituted derivatives; Polyols; Phenol ethers; Benzenoids; Aryltetralin lignans; Methoxybenzenes; Oxacyclic compounds; Hydrocarbon derivatives; Organic oxygen compounds; 1-hydroxy-2-unsubstituted benzenoids; Phenoxy compounds; Chemical entities"	491.191	129	2.146	"645947025070548451"	"645946506625188839"	"2291"	"DECENT"
1	"C25H32O10"	"[M + CH2O2 - H]-"	"C26H33O12-"	"Shikimates and Phenylpropanoids"	1.000	"Lignans"	1.000	"Arylnaphthalene and aryltetralin lignans"	0.997	"Lignans, neolignans and related compounds"	0.994	"Lignan glycosides"	0.964					"Lignan glycosides"	0.964	"Organic compounds; Organoheterocyclic compounds; Carbohydrates and carbohydrate conjugates; Tetralins; Alkyl aryl ethers; Alcohols and polyols; Phenols; Anisoles; Methoxyphenols; Ethers; Primary alcohols; Organooxygen compounds; Lignans, neolignans and related compounds; Pentoses; Lignan glycosides; Monosaccharides; Acetals; Secondary alcohols; Oxanes; Glycosyl compounds; O-glycosyl compounds; Benzene and substituted derivatives; Polyols; Phenol ethers; Benzenoids; Aryltetralin lignans; Methoxybenzenes; Oxacyclic compounds; Hydrocarbon derivatives; Organic oxygen compounds; 1-hydroxy-2-unsubstituted benzenoids; Phenoxy compounds; Chemical entities"	537.197	129	2.146	"645946817288918706"	"645946506948150720"	"2395"	"DECENT"
1	"C15H22O4"	"[M - H]-"	"C15H21O4-"	"Terpenoids"	0.998	"Sesquiterpenoids"	0.977	"Protoilludane sesquiterpenoids"	0.061	"Lipids and lipid-like molecules"	0.714	"Prenol lipids"	0.726	"Sesquiterpenoids"	0.744			"Sesquiterpenoids"	0.744	"Organic compounds; Lipids and lipid-like molecules; Alcohols and polyols; Prenol lipids; Organic acids and derivatives; Carboxylic acids and derivatives; Organooxygen compounds; Monocarboxylic acids and derivatives; Carboxylic acids; Cyclic alcohols and derivatives; Sesquiterpenoids; Secondary alcohols; Tertiary alcohols; Carbonyl compounds; Organic oxides; Hydrocarbon derivatives; Organic oxygen compounds; Chemical entities"	265.144	141	2.348	"645946602016252943"	"645946503055831295"	"1139"	"DECENT"
1	"C14H25NO3"	"[M - H]-"	"C14H24NO3-"	"Fatty acids"	0.516	"Fatty amides"	0.475	"N-acyl amines"	0.380	"Organic acids and derivatives"	1.000	"Carboxylic acids and derivatives"	1.000	"Amino acids, peptides, and analogues"	0.549	"Amino acids and derivatives"	0.545	"Gamma amino acids and derivatives"	0.867	"Organic compounds; Lipids and lipid-like molecules; Amino acids, peptides, and analogues; Ethers; Organic acids and derivatives; Carboxylic acids and derivatives; Organonitrogen compounds; Organooxygen compounds; Amino acids and derivatives; Carboxylic acid amides; Carboxylic acid derivatives; N-acyl amines; Monocarboxylic acids and derivatives; Dialkyl ethers; Carboxylic acids; Secondary carboxylic acid amides; Carbonyl compounds; Gamma amino acids and derivatives; Fatty Acyls; Acetamides; Organic oxides; Hydrocarbon derivatives; Organopnictogen compounds; Organic oxygen compounds; Organic nitrogen compounds; Chemical entities"	254.176	151	2.516	"645946594399396250"	"645946502846115915"	"1091"	"BAD"
1	"C32H42O13"	"[M - H]-"	"C32H41O13-"	"Terpenoids"	0.996	"Triterpenoids"	0.941	"Limonoids"	0.978	"Organoheterocyclic compounds"	1.000	"Naphthopyrans"	0.572					"Naphthopyrans"	0.572	"Organic compounds; Organoheterocyclic compounds; Carbohydrates and carbohydrate conjugates; Lipids and lipid-like molecules; Lactones; Furans; Ketones; Alcohols and polyols; Epoxides; Ethers; Organic acids and derivatives; Carboxylic acids and derivatives; Primary alcohols; Organooxygen compounds; Dicarboxylic acids and derivatives; Carboxylic acid derivatives; Dialkyl ethers; Carboxylic acid esters; Delta valerolactones; Hexoses; Monosaccharides; Naphthopyrans; Acetals; Secondary alcohols; Carbonyl compounds; Oxanes; Glycosyl compounds; O-glycosyl compounds; Polyols; 1,4-dioxepanes; Organic oxides; Oxacyclic compounds; Heteroaromatic compounds; Hydrocarbon derivatives; Organic oxygen compounds; Chemical entities"	633.254	194	3.240	"645946679375999708"	"645946507417913538"	"2535"	"DECENT"
1	"C15H22O4"	"[M - H]-"	"C15H21O4-"	"Terpenoids"	0.999	"Sesquiterpenoids"	0.999	"Lactarane sesquiterpenoids"	0.996	"Lipids and lipid-like molecules"	0.830	"Prenol lipids"	0.855	"Terpene lactones"	0.942			"Terpene lactones"	0.942	"Organic compounds; Organoheterocyclic compounds; Lipids and lipid-like molecules; Lactones; Alcohols and polyols; Ethers; Prenol lipids; Organic acids and derivatives; Carboxylic acids and derivatives; Organooxygen compounds; Hemiacetals; Carboxylic acid derivatives; Monocarboxylic acids and derivatives; Carboxylic acid esters; Terpene lactones; Sesquiterpenoids; Secondary alcohols; Tertiary alcohols; Carbonyl compounds; Furanones; Dihydrofurans; Butenolides; Enoate esters; Alpha,beta-unsaturated carboxylic esters; Organic oxides; Oxacyclic compounds; Hydrocarbon derivatives; Organic oxygen compounds; Chemical entities"	265.144	197	3.276	"645946614427199221"	"645946503135523220"	"1170"	"DECENT"
1	"C30H44O8"	"[M - H]-"	"C30H43O8-"	"Terpenoids"	0.994	"Sesquiterpenoids"	0.922	"Drimane sesquiterpenoids"	0.938	"Lipids and lipid-like molecules"	0.993	"Fatty Acyls"	0.967	"Fatty acid esters"	0.968			"Fatty acid esters"	0.968	"Organic compounds; Lipids and lipid-like molecules; Alcohols and polyols; Prenol lipids; Organic acids and derivatives; Carboxylic acids and derivatives; Organooxygen compounds; Fatty acid esters; Dicarboxylic acids and derivatives; Carboxylic acid derivatives; Carboxylic acids; Carboxylic acid esters; Tertiary alcohols; Carbonyl compounds; Enoate esters; Alpha,beta-unsaturated carboxylic esters; Fatty Acyls; Organic oxides; Hydrocarbon derivatives; Organic oxygen compounds; Chemical entities"	531.295	197	3.276	"645946614087460541"	"645946506902013303"	"2380"	"DECENT"
1	"C20H28O5"	"[M - H]-"	"C20H27O5-"	"Terpenoids"	0.981	"Diterpenoids"	0.847	"Cembrane diterpenoids"	0.317	"Organic acids and derivatives"	0.971	"Carboxylic acids and derivatives"	0.966	"Dicarboxylic acids and derivatives"	0.505			"Dicarboxylic acids and derivatives"	0.505	"Organic compounds; Organoheterocyclic compounds; Lipids and lipid-like molecules; Lactones; Alcohols and polyols; Prenol lipids; Organic acids and derivatives; Carboxylic acids and derivatives; Organooxygen compounds; Dicarboxylic acids and derivatives; Carboxylic acid derivatives; Carboxylic acids; Carboxylic acid esters; Cyclic alcohols and derivatives; Tertiary alcohols; Carbonyl compounds; Enoate esters; Alpha,beta-unsaturated carboxylic esters; Organic oxides; Oxacyclic compounds; Hydrocarbon derivatives; Organic oxygen compounds; Chemical entities"	347.186	209	3.487	"645946622920665237"	"645946504909715916"	"1717"	"DECENT"
1	"C48H78O20"	"[M - H]-"	"C48H77O20-"	"Terpenoids"	1.000	"Triterpenoids"	1.000	"Oleanane triterpenoids"	0.977	"Lipids and lipid-like molecules"	0.999	"Prenol lipids"	0.997	"Terpene glycosides"	0.995	"Triterpene glycosides"	0.997	"Triterpene saponins"	0.997	"Organic compounds; Organoheterocyclic compounds; Carbohydrates and carbohydrate conjugates; Lipids and lipid-like molecules; Alcohols and polyols; Ethers; Steroids and steroid derivatives; Prenol lipids; Organic acids and derivatives; Carboxylic acids and derivatives; Primary alcohols; Organooxygen compounds; Carboxylic acid derivatives; Monocarboxylic acids and derivatives; Carboxylic acid esters; Disaccharides; Triterpenoids; Triterpene glycosides; Acetals; Secondary alcohols; Fatty acyl glycosides; Carbonyl compounds; Oxanes; Terpene glycosides; Glycosyl compounds; O-glycosyl compounds; Polyols; Triterpene saponins; Fatty Acyls; Organic oxides; Oxacyclic compounds; Hydrocarbon derivatives; Organic oxygen compounds; Chemical entities"	973.501	215	3.584	"645946632362043981"	"645946508034477228"	"2744"	"DECENT"
1	"C20H28O5"	"[M - H]-"	"C20H27O5-"	"Terpenoids"	0.851	"Diterpenoids"	0.742	"Cembrane diterpenoids"	0.133	"Lipids and lipid-like molecules"	0.623	"Prenol lipids"	0.696	"Diterpenoids"	0.511			"Diterpenoids"	0.511	"Organic compounds; Organoheterocyclic compounds; Lipids and lipid-like molecules; Ketones; Alcohols and polyols; Prenol lipids; Organic acids and derivatives; Carboxylic acids and derivatives; Organooxygen compounds; Carboxylic acids; Cyclic alcohols and derivatives; Diterpenoids; Tertiary alcohols; Carbonyl compounds; Organic oxides; Oxacyclic compounds; Hydrocarbon derivatives; Organic oxygen compounds; Chemical entities"	347.186	220	3.673	"645946641497238441"	"645946504909715912"	"1708"	"DECENT"
1	"C62H100O29"	"[M - H]-"	"C62H99O29-"	"Terpenoids"	0.999	"Triterpenoids"	0.966	"Oleanane triterpenoids"	0.721	"Lipids and lipid-like molecules"	0.989	"Prenol lipids"	0.989	"Terpene glycosides"	0.975	"Triterpene glycosides"	0.854	"Triterpene saponins"	0.854	"Organic compounds; Organoheterocyclic compounds; Carbohydrates and carbohydrate conjugates; Lipids and lipid-like molecules; Alcohols and polyols; Oligosaccharides; Ethers; Prenol lipids; Organic acids and derivatives; Carboxylic acids and derivatives; Primary alcohols; Organooxygen compounds; Carboxylic acid derivatives; Monocarboxylic acids and derivatives; Carboxylic acid esters; Triterpenoids; Triterpene glycosides; Acetals; Secondary alcohols; Carbonyl compounds; Oxanes; Terpene glycosides; Glycosyl compounds; O-glycosyl compounds; Polyols; Triterpene saponins; Organic oxides; Oxacyclic compounds; Hydrocarbon derivatives; Organic oxygen compounds; Chemical entities"	1307.626	228	3.808	"645946676230271551"	"645946508202249686"	"2792"	"DECENT"
1	"C18H14O9"	"[M - H]-"	"C18H13O9-"	"Polyketides"	1.000	"Aromatic polyketides"	1.000	"Depsides and depsidones"	1.000	"Phenylpropanoids and polyketides"	0.912	"Depsides and depsidones"	0.979					"Depsides and depsidones"	0.979	"Organic compounds; Organoheterocyclic compounds; Lactones; Aldehydes; Phenols; Benzoic acids and derivatives; Ethers; Phenylpropanoids and polyketides; Organic acids and derivatives; Carboxylic acids and derivatives; Organooxygen compounds; Dicarboxylic acids and derivatives; Salicylic acid and derivatives; Carboxylic acid derivatives; Carboxylic acids; Carboxylic acid esters; Hydroxybenzoic acid derivatives; Depsides and depsidones; Carbonyl compounds; Benzene and substituted derivatives; Benzenoids; Diarylethers; Dioxepines; 1,4-dioxepines; Aryl-aldehydes; Vinylogous acids; Organic oxides; Oxacyclic compounds; Hydrocarbon derivatives; Organic oxygen compounds; 1-hydroxy-2-unsubstituted benzenoids; Chemical entities"	373.056	241	4.014	"645946650896674124"	"645946505576611226"	"1930"	"DECENT"
1	"C47H76O18"	"[M + CH2O2 - H]-"	"C48H77O20-"	"Terpenoids"	0.999	"Triterpenoids"	0.999	"Cycloartane triterpenoids"	0.405	"Lipids and lipid-like molecules"	0.999	"Steroids and steroid derivatives"	0.893	"Steroidal glycosides"	0.640	"Steroidal saponins"	0.416	"Cucurbitacin glycosides"	0.554	"Organic compounds; Organoheterocyclic compounds; Carbohydrates and carbohydrate conjugates; Lipids and lipid-like molecules; Ketones; Alcohols and polyols; Oligosaccharides; Ethers; Steroids and steroid derivatives; Prenol lipids; Organic acids and derivatives; Carboxylic acids and derivatives; Primary alcohols; Organooxygen compounds; Steroidal glycosides; Monocarboxylic acids and derivatives; Oxosteroids; Carboxylic acids; Cyclic alcohols and derivatives; Hydroxysteroids; Disaccharides; Triterpenoids; Acetals; Secondary alcohols; Tertiary alcohols; Cucurbitacin glycosides; Carbonyl compounds; Oxanes; Glycosyl compounds; Hydroxy bile acids, alcohols and derivatives; O-glycosyl compounds; Polyols; Cycloartanols and derivatives; Organic oxides; Oxacyclic compounds; Hydrocarbon derivatives; Organic oxygen compounds; Chemical entities"	973.501	259	4.322	"645946830064769840"	"645946508080614656"	"2756"	"DECENT"
1	"C19H17F3N4O3"	"[M - H]-"	"C19H16F3N4O3-"	"Alkaloids"	0.709	"Histidine alkaloids"	0.019	"Imidazole alkaloids"	0.019	"Organic oxygen compounds"	1.000	"Organooxygen compounds"	1.000	"Ethers"	0.811	"Diarylethers"	0.901	"Diarylethers"	0.901	"Organic compounds; Organoheterocyclic compounds; Imidazoles; Pyridines and derivatives; Ethers; Organic acids and derivatives; Carboxylic acids and derivatives; Organohalogen compounds; Organonitrogen compounds; Organooxygen compounds; Azoles; Carboxylic acid amides; Alkyl fluorides; Carboxylic acid derivatives; Organofluorides; Secondary carboxylic acid amides; Benzene and substituted derivatives; Substituted imidazoles; N-substituted imidazoles; Phenol ethers; Benzenoids; Diarylethers; Alkyl halides; Organic oxides; Azacyclic compounds; Heteroaromatic compounds; Hydrocarbon derivatives; Organopnictogen compounds; Organic oxygen compounds; Organic nitrogen compounds; Phenoxy compounds; 2-heteroaryl carboxamides; Chemical entities"	405.119	266	4.438	"645946633905547892"	"645946505924738964"	"2042"	"BAD"
1	"C20H28O5"	"[M - H]-"	"C20H27O5-"	"Terpenoids"	0.990	"Diterpenoids"	0.970	"Gibberellins"	0.073	"Lipids and lipid-like molecules"	0.903	"Prenol lipids"	0.900	"Diterpenoids"	0.899			"Diterpenoids"	0.899	"Organic compounds; Lipids and lipid-like molecules; Ketones; Alcohols and polyols; Prenol lipids; Organic acids and derivatives; Carboxylic acids and derivatives; Organooxygen compounds; Dicarboxylic acids and derivatives; Hydroxy acids and derivatives; Carboxylic acids; Cyclic alcohols and derivatives; Diterpenoids; Secondary alcohols; Beta hydroxy acids and derivatives; Carbonyl compounds; Organic oxides; Hydrocarbon derivatives; Organic oxygen compounds; Chemical entities"	347.186	281	4.689	"645946636149500603"	"645946504876161432"	"1697"	"LOWEST"
1	"C48H76O19"	"[M - H]-"	"C48H75O19-"	"Terpenoids"	0.999	"Triterpenoids"	0.992	"Oleanane triterpenoids"	0.867	"Lipids and lipid-like molecules"	0.995	"Prenol lipids"	0.978	"Terpene glycosides"	0.827	"Triterpene glycosides"	0.713	"Triterpene saponins"	0.713	"Organic compounds; Organoheterocyclic compounds; Carbohydrates and carbohydrate conjugates; Lipids and lipid-like molecules; Alcohols and polyols; Ethers; Prenol lipids; Organic acids and derivatives; Carboxylic acids and derivatives; Primary alcohols; Organooxygen compounds; Carboxylic acid derivatives; Monocarboxylic acids and derivatives; Carboxylic acids; Carboxylic acid esters; Disaccharides; Triterpenoids; Triterpene glycosides; Acetals; Secondary alcohols; Carbonyl compounds; Oxanes; Terpene glycosides; Glycosyl compounds; O-glycosyl compounds; Polyols; Triterpene saponins; Organic oxides; Oxacyclic compounds; Hydrocarbon derivatives; Organic oxygen compounds; Chemical entities"	955.490	328	5.463	"645946691539481974"	"645946507958979606"	"2724"	"DECENT"
1	"C18H14O9"	"[M - H]-"	"C18H13O9-"	"Polyketides"	0.954	"Naphthalenes"	0.290	"Anthraquinones and anthrones"	0.305	"Benzenoids"	1.000	"Naphthalenes"	0.719	"Naphthalenecarboxylic acids and derivatives"	0.512	"Naphthalenecarboxylic acids"	0.546	"Naphthalenecarboxylic acids"	0.546	"Organic compounds; Organoheterocyclic compounds; Naphthalenes; Ketones; Alcohols and polyols; Phenols; Benzoic acids and derivatives; Ethers; Organic acids and derivatives; Carboxylic acids and derivatives; Organooxygen compounds; Dicarboxylic acids and derivatives; Salicylic acid and derivatives; Carboxylic acid derivatives; Carboxylic acids; Carboxylic acid esters; Hydroxybenzoic acid derivatives; Carbonyl compounds; Naphthalenecarboxylic acids and derivatives; Benzene and substituted derivatives; Naphthalenecarboxylic acids; Benzenoids; Aryl ketones; Vinylogous acids; Organic oxides; Oxacyclic compounds; Hydrocarbon derivatives; Organic oxygen compounds; 1-hydroxy-2-unsubstituted benzenoids; Chemical entities"	373.056	330	5.508	"645946664821763997"	"645946505295592436"	"1837"	"LOWEST"
1	"C31H46O10"	"[M - H]-"	"C31H45O10-"	"Terpenoids"	0.982	"Diterpenoids"	0.935	"Tetracyclic diterpenoids"	0.058	"Lipids and lipid-like molecules"	0.946	"Prenol lipids"	0.852	"Terpene glycosides"	0.404	"Diterpene glycosides"	0.598	"Diterpene glycosides"	0.598	"Organic compounds; Organoheterocyclic compounds; Carbohydrates and carbohydrate conjugates; Lipids and lipid-like molecules; Alcohols and polyols; Prenol lipids; Organic acids and derivatives; Carboxylic acids and derivatives; Primary alcohols; Organooxygen compounds; Dicarboxylic acids and derivatives; Carboxylic acid derivatives; Carboxylic acids; Carboxylic acid esters; Cyclic alcohols and derivatives; Monosaccharides; Diterpenoids; Secondary alcohols; Tertiary alcohols; Diterpene glycosides; Carbonyl compounds; Oxanes; Polyols; Organic oxides; Oxacyclic compounds; Hydrocarbon derivatives; Organic oxygen compounds; Chemical entities"	577.301	344	5.739	"645946665341857716"	"645946507199809358"	"2467"	"DECENT"
1	"C12H26O4S"	"[M - H]-"	"C12H25O4S-"	"Fatty acids"	0.970	"Fatty acyls"	0.085	"Fatty alcohols"	0.004	"Organic acids and derivatives"	0.999	"Organic sulfuric acids and derivatives"	0.999	"Sulfuric acid esters"	0.979	"Sulfuric acid monoesters"	0.923	"Sulfuric acid monoesters"	0.923	"Organic compounds; Organic acids and derivatives; Organooxygen compounds; Organic sulfuric acids and derivatives; Sulfuric acid monoesters; Sulfuric acid esters; Alkyl sulfates; Organic oxides; Hydrocarbon derivatives; Organic oxygen compounds; Chemical entities"	265.148	356	5.934	"645946663974514562"	"645946503005499605"	"1125"	"BAD"
1	"C14H22O7"	"[M - H]-"	"C14H21O7-"	"Polyketides"	0.794	"Linear polyketides"	0.549	"Open-chain polyketides"	0.400	"Organic acids and derivatives"	0.999	"Carboxylic acids and derivatives"	0.998	"Tricarboxylic acids and derivatives"	0.945			"Tricarboxylic acids and derivatives"	0.945	"Organic compounds; Organoheterocyclic compounds; Lactones; Alcohols and polyols; Organic acids and derivatives; Carboxylic acids and derivatives; Organooxygen compounds; Hydroxy acids and derivatives; Carboxylic acid derivatives; Carboxylic acids; Carboxylic acid esters; Gamma butyrolactones; Alpha hydroxy acids and derivatives; Tertiary alcohols; Carbonyl compounds; Tricarboxylic acids and derivatives; Tetrahydrofurans; Organic oxides; Oxacyclic compounds; Hydrocarbon derivatives; Organic oxygen compounds; Chemical entities"	301.129	378	6.304	"645946675517239804"	"645946504389621556"	"1548"	"DECENT"
1	"C14H22O7"	"[M - H]-"	"C14H21O7-"	"Polyketides"	0.760	"Linear polyketides"	0.516	"Dicarboxylic acids"	0.422	"Organic acids and derivatives"	0.999	"Carboxylic acids and derivatives"	0.998	"Tricarboxylic acids and derivatives"	0.952			"Tricarboxylic acids and derivatives"	0.952	"Organic compounds; Organoheterocyclic compounds; Lactones; Alcohols and polyols; Organic acids and derivatives; Carboxylic acids and derivatives; Organooxygen compounds; Hydroxy acids and derivatives; Carboxylic acid derivatives; Carboxylic acids; Carboxylic acid esters; Gamma butyrolactones; Alpha hydroxy acids and derivatives; Tertiary alcohols; Carbonyl compounds; Tricarboxylic acids and derivatives; Tetrahydrofurans; Organic oxides; Oxacyclic compounds; Hydrocarbon derivatives; Organic oxygen compounds; Chemical entities"	301.129	496	8.274	"645946789312908897"	"645946503970190698"	"1421"	"DECENT"
