"structurePerIdRank"	"formulaRank"	"ConfidenceScoreExact"	"ConfidenceScoreApproximate"	"CSI:FingerIDScore"	"ZodiacScore"	"SiriusScore"	"molecularFormula"	"adduct"	"precursorFormula"	"InChIkey2D"	"InChI"	"name"	"smiles"	"xlogp"	"pubchemids"	"links"	"dbflags"	"ionMass"	"retentionTimeInSeconds"	"retentionTimeInMinutes"	"formulaId"	"alignedFeatureId"	"mappingFeatureId"	"overallFeatureQuality"
1	1	0.850	0.850	-64.898	1.000	126.371	"C19H26O12"	"[M - H]-"	"C19H25O12-"	"PPLHEXYBZJOGTR"	"InChI=1S/C19H26O12/c20-6-19(25)7-28-18(16(19)24)27-5-12-13(21)14(22)15(23)17(31-12)26-4-9-1-2-10-11(3-9)30-8-29-10/h1-3,12-18,20-25H,4-8H2"	"(2R,3R,4S,5S,6R)-2-(1,3-benzodioxol-5-ylmethoxy)-6-[[(2R,3R,4R)-3,4-dihydroxy-4-(hydroxymethyl)oxolan-2-yl]oxymethyl]oxane-3,4,5-triol"	"C1C(C(C(O1)OCC2C(C(C(C(O2)OCC3=CC4=C(C=C3)OCO4)O)O)O)O)(CO)O"	-2.500	"154812456"	"PUBCHEM:(154812456)"	"2"	445.134	62	1.040	"645946596047757909"	"645946506235117974"	"2158"	"DECENT"
1	1	0.888	0.888	-29.157	0.998	149.206	"C19H26O12"	"[M + CH2O2 - H]-"	"C20H27O14-"	"PPLHEXYBZJOGTR"	"InChI=1S/C19H26O12/c20-6-19(25)7-28-18(16(19)24)27-5-12-13(21)14(22)15(23)17(31-12)26-4-9-1-2-10-11(3-9)30-8-29-10/h1-3,12-18,20-25H,4-8H2"	"(2R,3R,4S,5S,6R)-2-(1,3-benzodioxol-5-ylmethoxy)-6-[[(2R,3R,4R)-3,4-dihydroxy-4-(hydroxymethyl)oxolan-2-yl]oxymethyl]oxane-3,4,5-triol"	"C1C(C(C(O1)OCC2C(C(C(C(O2)OCC3=CC4=C(C=C3)OCO4)O)O)O)O)(CO)O"	-2.500	"154812456"	"PUBCHEM:(154812456)"	"2"	491.140	63	1.047	"645946590288978042"	"645946506654549015"	"2300"	"DECENT"
1	19	-Infinity	-Infinity	-200.231		18.471	"C14H14N10O4"	"[M - H]-"	"C14H13N10O4-"	"JYFHYMDSSYOAPT"	"InChI=1S/C14H14N10O4/c1-5-15-11-19-7(25)3-9(27)21-13-17-6(2)18-14(24-13)22-10(28)4-8(26)20-12(16-5)23-11/h3-4H2,1-2H3,(H2,15,16,19,20,23,25,26)(H2,17,18,21,22,24,27,28)"		"CC1=NC2=NC(=N1)NC(=O)CC(=O)NC3=NC(=NC(=N3)NC(=O)CC(=O)N2)C"	-1.400	"71473474"	"PUBCHEM:(71473474)"	"2"	385.113	102	1.695	"645946582609207076"	"645946505522085168"	"1907"	"DECENT"
1	1	0.205	0.398	-103.252	0.999	99.212	"C20H22O9"	"[M - H]-"	"C20H21O9-"	"FLROYCKIIJCTDY"	"InChI=1S/C20H22O9/c21-9-12-8-13(22)6-7-14(12)28-20-18(25)17(24)16(23)15(29-20)10-27-19(26)11-4-2-1-3-5-11/h1-8,15-18,20-25H,9-10H2"	"Poliothyrsoside"	"C1=CC=C(C=C1)C(=O)OCC2C(C(C(C(O2)OC3=C(C=C(C=C3)O)CO)O)O)O"	0.698	"162855589;162855590;3084295;12313364"	"COCONUT:(CNP0118367);SUPERNATURAL:(SN0089050);MESH:(3084295);PUBCHEM:(162855589 162855590 3084295 12313364);DSSTox:(DTXSID10939852);LOTUS:(Q104997418 Q104997420 Q72494174);GNPS:(CCMSLIB00000851398 CCMSLIB00000851395);PUBMED:(null);KNAPSACK:(FLROYCKIIJCTDY-UHFFFAOYSA-N)"	"137710538838"	405.118	118	1.969	"645946827338471980"	"645946505996042229"	"2064"	"DECENT"
1	1	0.265	0.422	-85.463	0.991	107.404	"C21H24O11"	"[M - H]-"	"C21H23O11-"	"UEIWCDIFYPMJSO"	"InChI=1S/C21H24O11/c1-28-14-7-10(3-5-12(14)22)20(27)30-9-16-17(24)18(25)19(26)21(32-16)31-11-4-6-13(23)15(8-11)29-2/h3-8,16-19,21-26H,9H2,1-2H3"	"[3,4,5-trihydroxy-6-(4-hydroxy-3-methoxyphenoxy)oxan-2-yl]methyl 4-hydroxy-3-methoxybenzoate"	"COC1=C(C=CC(=C1)C(=O)OCC2C(C(C(C(O2)OC3=CC(=C(C=C3)O)OC)O)O)O)O"	0.700	"77994055;71496293"	"COCONUT:(CNP0176472);SUPERNATURAL:(SN0368154);PUBCHEM:(77994055 71496293);LOTUS:(Q110193674)"	"271581186"	451.124	125	2.085	"645946727065238822"	"645946506277061050"	"2166"	"DECENT"
1	1	0.344	0.567	-9.555	0.995	152.717	"C25H32O10"	"[M - H]-"	"C25H31O10-"	"KCFGBZQQDITPTM"	"InChI=1S/C25H32O10/c1-32-20-6-12(3-4-17(20)27)22-15-8-18(28)21(33-2)7-13(15)5-14(16(22)9-26)10-34-25-24(31)23(30)19(29)11-35-25/h3-4,6-8,14,16,19,22-31H,5,9-11H2,1-2H3"	"(+)-Isolariciresinol 2A-O-Alpha-L-Arabinopyranoside"	"COC1=C(C=C2C(C(C(CC2=C1)COC3C(C(C(CO3)O)O)O)CO)C4=CC(=C(C=C4)O)OC)O"	0.500	"101432458;163067942;145709623;138111894"	"COCONUT:(CNP0359610);SUPERNATURAL:(SN0181663);PUBCHEM:(101432458 163067942 145709623 138111894);LOTUS:(Q105138708 Q105138707);KNAPSACK:(KCFGBZQQDITPTM-UHFFFAOYSA-N)"	"271581202"	491.191	129	2.146	"645947025070548451"	"645946506625188839"	"2291"	"DECENT"
1	1	0.323	0.584	-8.955	0.998	116.074	"C25H32O10"	"[M + CH2O2 - H]-"	"C26H33O12-"	"KCFGBZQQDITPTM"	"InChI=1S/C25H32O10/c1-32-20-6-12(3-4-17(20)27)22-15-8-18(28)21(33-2)7-13(15)5-14(16(22)9-26)10-34-25-24(31)23(30)19(29)11-35-25/h3-4,6-8,14,16,19,22-31H,5,9-11H2,1-2H3"	"(+)-Isolariciresinol 2A-O-Alpha-L-Arabinopyranoside"	"COC1=C(C=C2C(C(C(CC2=C1)COC3C(C(C(CO3)O)O)O)CO)C4=CC(=C(C=C4)O)OC)O"	0.500	"101432458;163067942;145709623;138111894"	"COCONUT:(CNP0359610);SUPERNATURAL:(SN0181663);PUBCHEM:(101432458 163067942 145709623 138111894);LOTUS:(Q105138708 Q105138707);KNAPSACK:(KCFGBZQQDITPTM-UHFFFAOYSA-N)"	"271581202"	537.197	129	2.146	"645946817288918706"	"645946506948150720"	"2395"	"DECENT"
1	1	0.364	0.364	-139.672	1.000	143.542	"C15H22O4"	"[M - H]-"	"C15H21O4-"	"SKVBOXXEOMZDMH"	"InChI=1S/C15H22O4/c1-9-6-11-4-5-14(3,18)12(11)15(19,7-9)8-10(2)13(16)17/h7-8,11-12,18-19H,4-6H2,1-3H3,(H,16,17)"	"3-(3,4-dihydroxy-3,6-dimethyl-2,3,3a,4,7,7a-hexahydro-1H-inden-4-yl)-2-methylprop-2-enoic acid"	"CC1=CC(C2C(C1)CCC2(C)O)(C=C(C)C(=O)O)O"	0.900	"163004426;163004427;163004428;163004429;163004430;101893976;101893977"	"COCONUT:(CNP0278579);TeroMol:(TKC131550 TKC186798 TKC027793);SUPERNATURAL:(SN0348278);PUBCHEM:(163004426 163004427 163004428 163004429 163004430 101893976 101893977)"	"11534338"	265.144	141	2.348	"645946602016252943"	"645946503055831295"	"1139"	"DECENT"
1	1	0.406	0.406	-230.080	0.996	21.082	"C14H25NO3"	"[M - H]-"	"C14H24NO3-"	"PSNAHWRZQOSIQE"	"InChI=1S/C14H25NO3/c1-2-3-4-5-6-7-8-9-12-15-13(16)10-11-14(17)18/h10-11H,2-9,12H2,1H3,(H,15,16)(H,17,18)"	"(2Z)-4-(decylamino)-4-oxobut-2-enoic acid"	"CCCCCCCCCCNC(=O)C=CC(=O)O"	3.800	"1678741;1678743;3628244;3628245"	"PUBCHEMANNOTATIONSAFETYANDTOXIC:(null);PUBCHEM:(1678741 1678743 3628244 3628245);DSSTox:(DTXSID80394454)"	"137506062338"	254.176	151	2.516	"645946594399396250"	"645946502846115915"	"1091"	"BAD"
1	15	0.012	0.012	-131.022		11.959	"C15H31NOSSi"	"[M - H]-"	"C15H30NOSSi-"	"CZJVUYARNGWHDR"	"InChI=1S/C15H31NOSSi/c1-4-17-19(2,3)14-12-10-8-6-5-7-9-11-13-18-15-16/h4-14H2,1-3H3"	"10-[Ethoxy(dimethyl)silyl]decyl thiocyanate"	"CCO[Si](C)(C)CCCCCCCCCCSC#N"	6.287	"149991629"	"PUBCHEM:(149991629)"	"2"	300.181	151	2.516	"645946597725479595"	"645946503634646050"	"1341"	"DECENT"
1	1	0.737	0.737	-106.351	0.990	167.690	"C32H42O13"	"[M - H]-"	"C32H41O13-"	"NHGZHAZTFBKTSU"	"InChI=1S/C32H42O13/c1-28(2)17-10-18(34)31(5)16(6-8-29(3)24(14-7-9-40-13-14)43-26(39)25-32(29,31)45-25)30(17,4)19(11-20(35)44-28)42-27-23(38)22(37)21(36)15(12-33)41-27/h7,9,13,15-17,19,21-25,27,33,36-38H,6,8,10-12H2,1-5H3"	"7-(furan-3-yl)-1,8,12,17,17-pentamethyl-13-{[3,4,5-trihydroxy-6-(hydroxymethyl)oxan-2-yl]oxy}-3,6,16-trioxapentacyclo[9.9.0.0²,⁴.0²,⁸.0¹²,¹⁸]icosane-5,15,20-trione"	"CC1(C2CC(=O)C3(C(C2(C(CC(=O)O1)OC4C(C(C(C(O4)CO)O)O)O)C)CCC5(C36C(O6)C(=O)OC5C7=COC=C7)C)C)C"	0.400	"163089489;163190405"	"COCONUT:(CNP0406707);SUPERNATURAL:(SN0245511);PUBCHEM:(163089489 163190405);LOTUS:(Q105179376)"	"271581186"	633.254	194	3.240	"645946679375999708"	"645946507417913538"	"2535"	"DECENT"
1	1	0.183	0.183	-60.213	1.000	185.664	"C15H22O4"	"[M - H]-"	"C15H21O4-"	"UUZWMJQAEYBHAO"	"InChI=1S/C15H22O4/c1-14(2)4-9-11(6-14)15(3,18)5-8-10(12(9)16)7-19-13(8)17/h9,11-12,16,18H,4-7H2,1-3H3"	"Lactarorufin A"	"CC1(CC2C(C1)C(CC3=C(C2O)COC3=O)(C)O)C"	0.700	"124853738;124355971;95790296;95790297;95790298;95790299;162862760;56842298;98769520;98769522;13995409;13995410;10869217"	"COCONUT:(CNP0126013);TeroMol:(TKC136294 TKC136290 TKC136297 TKC136293 TKC043617 TKC136291 TKC080850 TKC136298 TKC136295 TKC136296 TKC136299 TKC136292);CHEBI:(181875);SUPERNATURAL:(SN0380870);PUBCHEM:(124853738 124355971 95790296 95790297 95790298 95790299 162862760 56842298 98769520 98769522 13995409 13995410 10869217);DSSTox:(DTXSID10188540);LOTUS:(Q105279696 Q105279698 Q105279692 Q83060339);GNPS:(CCMSLIB00000853390);PUBMED:(null);KNAPSACK:(UUZWMJQAEYBHAO-UHFFFAOYSA-N)"	"137718927474"	265.144	197	3.276	"645946614427199221"	"645946503135523220"	"1170"	"DECENT"
1	1	0.015	0.015	-300.644	1.000	66.653	"C30H44O8"	"[M - H]-"	"C30H43O8-"	"FBGLZDYMEULGSX"	"InChI=1S/C30H44O8/c1-25(2)15-9-10-19-27(5)13-18(32)23(30(8,38)21(34)12-20(33)26(3,4)37)28(27,6)14-22(35)29(19,7)16(15)11-17(31)24(25)36/h9,11,16,18-20,23,31-33,37-38H,10,12-14H2,1-8H3"	"Cucurbitacin J"	"CC1(C2=CCC3C4(CC(C(C4(CC(=O)C3(C2C=C(C1=O)O)C)C)C(C)(C(=O)CC(C(C)(C)O)O)O)O)C)C"	1.800	"58747345;157979437;157979438;21140057;162972911;162972912;155472270;78759273;270060;270061;441819;90472975;57402770;57402771"	"COCONUT:(CNP0244581);TeroMol:(TKC101868 TKC060987 TKC068726);CHEBI:(3948);LIPIDMAPS:(LMST01010111);SUPERNATURAL:(SN0081045);KEGG:(C08801);PUBCHEM:(58747345 157979437 157979438 21140057 162972911 162972912 155472270 78759273 270060 270061 441819 90472975 57402770 57402771);DSSTox:(DTXSID101317409 DTXSID20987026 DTXSID701317207);LOTUS:(Q82975162 Q27106266 Q105104777 Q104992616);PUBMED:(null);KNAPSACK:(FBGLZDYMEULGSX-UHFFFAOYSA-N)"	"139866407282"	531.295	197	3.276	"645946614087460541"	"645946506902013303"	"2380"	"DECENT"
1	1	0.026	0.026	-185.049	1.000	95.303	"C20H28O5"	"[M - H]-"	"C20H27O5-"	"JDJKAUSVESMORO"	"InChI=1S/C20H28O5/c1-15(7-4-10-17(3)14-21)8-5-11-18(20(24)25)12-6-9-16(2)13-19(22)23/h8,10,12-14H,4-7,9,11H2,1-3H3,(H,22,23)(H,24,25)"		"CC(=CCCC(=CCCC(=CC(=O)O)C)C(=O)O)CCC=C(C)C=O"	4.479	""	"TeroMol:(TKC009156)"	"8388608"	347.186	209	3.487	"645946622920665237"	"645946504909715916"	"1717"	"DECENT"
1	19	0.034	0.034	-475.673		36.627	"C17H34N2O4S2"	"[M - H]-"	"C17H33N2O4S2-"	"JIXLTAHDLBIQIZ"	"InChI=1S/C17H34N2O4S2/c1-6-7-8-9-10-11-12-13-14-22-25(21)19(4)16(20)23-18-15-17(2,3)24-5/h15H,6-14H2,1-5H3"	"7,7-Dimethyl-3-oxo-4-oxa-8-thia-2,5-diazanon-5-ene-2-sulfinic acid decyl ester"	"CCCCCCCCCCOS(=O)N(C)C(=O)ON=CC(C)(C)SC"	5.700	"9588328;3059801"	"PUBCHEMANNOTATIONSAFETYANDTOXIC:(null);PUBCHEM:(9588328 3059801)"	"67108866"	393.191	209	3.487	"645946625688906012"	"645946505786326740"	"2001"	"DECENT"
1	1	0.150	0.203	-132.676	1.000	28.665	"C48H78O20"	"[M - H]-"	"C48H77O20-"	"LSGNCRMBOXKTQQ"	"InChI=1S/C48H78O20/c1-43(2)11-13-48(42(62)68-40-36(61)33(58)30(55)25(18-50)64-40)14-12-46(5)21(22(48)15-43)7-8-28-44(3)16-23(53)38(45(4,20-52)27(44)9-10-47(28,46)6)67-41-37(34(59)31(56)26(19-51)65-41)66-39-35(60)32(57)29(54)24(17-49)63-39/h7,22-41,49-61H,8-20H2,1-6H3"	"3,4,5-trihydroxy-6-(hydroxymethyl)oxan-2-yl 10-{[4,5-dihydroxy-6-(hydroxymethyl)-3-{[3,4,5-trihydroxy-6-(hydroxymethyl)oxan-2-yl]oxy}oxan-2-yl]oxy}-11-hydroxy-9-(hydroxymethyl)-2,2,6a,6b,9,12a-hexamethyl-1,2,3,4,4a,5,6,6a,6b,7,8,8a,9,10,11,12,12a,12b,13,14b-icosahydropicene-4a-carboxylate"	"CC1(CCC2(CCC3(C(=CCC4C3(CCC5C4(CC(C(C5(C)CO)OC6C(C(C(C(O6)CO)O)O)OC7C(C(C(C(O7)CO)O)O)O)O)C)C)C2C1)C)C(=O)OC8C(C(C(C(O8)CO)O)O)O)C"	0.300	"85138028;10418456"	"COCONUT:(CNP0137872);TeroMol:(TKC064488);SUPERNATURAL:(SN0214021);PUBCHEM:(85138028 10418456);LOTUS:(Q105156502)"	"279969794"	973.501	215	3.584	"645946632362043981"	"645946508034477228"	"2744"	"DECENT"
1	1	0.259	0.259	-138.265	1.000	200.351	"C20H28O5"	"[M - H]-"	"C20H27O5-"	"NJEWNTGSXKRWKA"	"InChI=1S/C20H28O5/c1-10-8-20-9-11(10)4-5-12(20)18(2)7-6-13(21)19(3,17(24)25)15(18)14(20)16(22)23/h11-15,21H,1,4-9H2,2-3H3,(H,22,23)(H,24,25)"	"Gibberellin A14"	"CC12CCC(C(C1C(C34C2CCC(C3)C(=C)C4)C(=O)O)(C)C(=O)O)O"	3.100	"159796154;25200636;25244039;443451;12310177"	"PUBCHEMANNOTATIONBIO:(null);HMDB:(HMDB0303454);MiMeDB:(MMDBc0053276);TeroMol:(TKC160888 TKC126556 TKC006990);LIPIDMAPS:(LMPR0104170015);SUPERNATURAL:(SN0247032);FooDB:(FDB013660);PUBCHEM:(159796154 25200636 25244039 443451 12310177);GNPS:(CCMSLIB00000851176 CCMSLIB00000851223);COCONUT:(CNP0103215);METACYC:(CPD-6228);PLANTCYC:(CPD-6228);CHEBI:(143961 29588);KEGG:(C11858);DSSTox:(DTXSID90332089);LOTUS:(Q27110160 Q105180104 Q105180105);PUBCHEMANNOTATIONDRUG:(null);PUBMED:(null);KNAPSACK:(NJEWNTGSXKRWKA-UHFFFAOYSA-N)"	"141527488890"	347.186	220	3.673	"645946641497238441"	"645946504909715912"	"1708"	"DECENT"
1	19	-Infinity	-Infinity	-458.615		63.434	"C14H30N6O5S"	"[M - H]-"	"C14H29N6O5S-"	"JMMRPLXCEPVCFV"	"InChI=1S/C14H30N6O5S/c1-8(22)10(15)6-20(3)19(2)5-9(4-12(16)23)17-14(26)18-11(7-21)13(24)25/h8-11,21-22H,4-7,15H2,1-3H3,(H2,16,23)(H,24,25)(H2,17,18,26)"	"(2R)-2-[[(2R)-4-amino-1-[[[(2R)-2-amino-3-hydroxybutyl]-methylamino]-methylamino]-4-oxobutan-2-yl]carbamothioylamino]-3-hydroxypropanoic acid"	"CC(C(CN(C)N(C)CC(CC(=O)N)NC(=S)NC(CO)C(=O)O)N)O"	-5.300	"89799656;71736371;78164414"	"PUBCHEM:(89799656 71736371 78164414)"	"2"	393.191	221	3.680	"645946636405353190"	"645946505782132412"	"1995"	"DECENT"
1	2	0.190	0.300	-45.518	0.078	43.731	"C61H98O27"	"[M + CH2O2 - H]-"	"C62H99O29-"	"NNIRVDLUHWUBSX"	"InChI=1S/C61H98O27/c1-25-36(65)40(69)44(73)51(81-25)86-48-32(23-78-27(3)63)84-50(47(76)43(48)72)80-22-31-39(68)42(71)46(75)53(83-31)88-55(77)61-18-16-57(6,24-62)20-29(61)28-10-11-34-58(7)14-13-35(56(4,5)33(58)12-15-60(34,9)59(28,8)17-19-61)85-54-49(38(67)30(64)21-79-54)87-52-45(74)41(70)37(66)26(2)82-52/h10,25-26,29-54,62,64-76H,11-24H2,1-9H3"	"Ezoukoginoside C"	"CC1C(C(C(C(O1)OC2C(OC(C(C2O)O)OCC3C(C(C(C(O3)OC(=O)C45CCC(CC4C6=CCC7C8(CCC(C(C8CCC7(C6(CC5)C)C)(C)C)OC9C(C(C(CO9)O)O)OC1C(C(C(C(O1)C)O)O)O)C)(C)CO)O)O)O)COC(=O)C)O)O)O"	-1.700	"154812521;132525247"	"TeroMol:(TKC050599);PUBCHEM:(154812521 132525247);PUBMED:(null)"	"8388674"	1307.626	228	3.808	"645946676230271552"	"645946508202249686"	"2792"	"DECENT"
1	1	0.218	0.218	-17.677	1.000	211.711	"C18H14O9"	"[M - H]-"	"C18H13O9-"	"JLSCHGSDHIXCDX"	"InChI=1S/C18H14O9/c1-6-3-10(21)8(4-19)15-11(6)18(25)27-14-7(2)12(17(23)24)13(22)9(5-20)16(14)26-15/h3-4,20-22H,5H2,1-2H3,(H,23,24)"	"Parmosidone A"	"CC1=CC(=C(C2=C1C(=O)OC3=C(O2)C(=C(C(=C3C)C(=O)O)O)CO)C=O)O"	2.200	"132553220"	"COCONUT:(CNP0152065);SUPERNATURAL:(SN0168822);PUBCHEM:(132553220);LOTUS:(Q104169658)"	"271581186"	373.056	241	4.014	"645946650896674124"	"645946505576611226"	"1930"	"DECENT"
1	1	0.201	0.201	-201.162	0.999	118.809	"C47H76O18"	"[M + CH2O2 - H]-"	"C48H77O20-"	"OWZYYRSRGCPFKQ"	"InChI=1S/C47H76O18/c1-21(49)11-16-47(42(58)59)18-17-45(7)24(30(47)22(2)50)9-10-28-44(6)14-13-29(43(4,5)27(44)12-15-46(28,45)8)63-41-38(65-39-35(56)33(54)31(52)23(3)61-39)37(25(51)20-60-41)64-40-36(57)34(55)32(53)26(19-48)62-40/h9,21,23,25-41,48-49,51-57H,10-20H2,1-8H3,(H,58,59)"	"(2R,4aS,4bR,8S,10aR)-1-acetyl-2-(3-hydroxybutyl)-8-[(2S,3R,4S,5S)-5-hydroxy-4-[(2S,3R,4S,5S,6R)-3,4,5-trihydroxy-6-(hydroxymethyl)oxan-2-yl]oxy-3-[(2S,3R,4R,5R,6S)-3,4,5-trihydroxy-6-methyloxan-2-yl]oxyoxan-2-yl]oxy-4a,4b,7,7,10a-pentamethyl-3,4,5,6,6a,8,9,10,10b,11-decahydro-1H-chrysene-2-carboxylic acid"	"CC1C(C(C(C(O1)OC2C(C(COC2OC3CCC4(C(C3(C)C)CCC5(C4CC=C6C5(CCC(C6C(=O)C)(CCC(C)O)C(=O)O)C)C)C)O)OC7C(C(C(C(O7)CO)O)O)O)O)O)O"	0.900	"154812502"	"PUBCHEM:(154812502)"	"2"	973.501	259	4.322	"645946830064769840"	"645946508080614656"	"2756"	"DECENT"
1	1	0.136	0.136	-163.731	0.527	7.162	"C19H17F3N4O3"	"[M - H]-"	"C19H16F3N4O3-"	"BKJAGEFMXYZOIM"	"InChI=1S/C19H17F3N4O3/c20-19(21,22)12-29-18-16(2-1-7-24-18)17(27)25-14-3-5-15(6-4-14)28-11-10-26-9-8-23-13-26/h1-9,13H,10-12H2,(H,25,27)"	"N-[4-(2-imidazol-1-ylethoxy)phenyl]-2-(2,2,2-trifluoroethoxy)pyridine-3-carboxamide"	"C1=CC(=C(N=C1)OCC(F)(F)F)C(=O)NC2=CC=C(C=C2)OCCN3C=CN=C3"	2.800	"47072644"	"PUBCHEM:(47072644)"	"2"	405.119	266	4.438	"645946633905547892"	"645946505924738964"	"2042"	"BAD"
1	1	0.117	0.135	-110.998	1.000	27.438	"C20H28O5"	"[M - H]-"	"C20H27O5-"	"NJEWNTGSXKRWKA"	"InChI=1S/C20H28O5/c1-10-8-20-9-11(10)4-5-12(20)18(2)7-6-13(21)19(3,17(24)25)15(18)14(20)16(22)23/h11-15,21H,1,4-9H2,2-3H3,(H,22,23)(H,24,25)"	"Gibberellin A14"	"CC12CCC(C(C1C(C34C2CCC(C3)C(=C)C4)C(=O)O)(C)C(=O)O)O"	3.100	"159796154;25200636;25244039;443451;12310177"	"PUBCHEMANNOTATIONBIO:(null);HMDB:(HMDB0303454);MiMeDB:(MMDBc0053276);TeroMol:(TKC160888 TKC126556 TKC006990);LIPIDMAPS:(LMPR0104170015);SUPERNATURAL:(SN0247032);FooDB:(FDB013660);PUBCHEM:(159796154 25200636 25244039 443451 12310177);GNPS:(CCMSLIB00000851176 CCMSLIB00000851223);COCONUT:(CNP0103215);METACYC:(CPD-6228);PLANTCYC:(CPD-6228);CHEBI:(143961 29588);KEGG:(C11858);DSSTox:(DTXSID90332089);LOTUS:(Q27110160 Q105180104 Q105180105);PUBCHEMANNOTATIONDRUG:(null);PUBMED:(null);KNAPSACK:(NJEWNTGSXKRWKA-UHFFFAOYSA-N)"	"141527488890"	347.186	281	4.689	"645946636149500603"	"645946504876161432"	"1697"	"LOWEST"
1	2	0.093	0.093	-121.934	0.013	93.793	"C47H74O17"	"[M + CH2O2 - H]-"	"C48H75O19-"	"BYYDPFYDWYXAOS"	"InChI=1S/C47H74O17/c1-21-28(49)29(50)32(53)38(60-21)64-36-34(62-39-33(54)30(51)31(52)35(63-39)37(55)56)24(48)20-59-40(36)61-27-12-13-44(6)25(43(27,4)5)11-14-46(8)26(44)10-9-22-23-19-42(2,3)15-17-47(23,41(57)58)18-16-45(22,46)7/h9,21,23-36,38-40,48-54H,10-20H2,1-8H3,(H,55,56)(H,57,58)"	"6-({2-[(8a-carboxy-4,4,6a,6b,11,11,14b-heptamethyl-1,2,3,4,4a,5,6,6a,6b,7,8,8a,9,10,11,12,12a,14,14a,14b-icosahydropicen-3-yl)oxy]-5-hydroxy-3-[(3,4,5-trihydroxy-6-methyloxan-2-yl)oxy]oxan-4-yl}oxy)-3,4,5-trihydroxyoxane-2-carboxylic acid"	"CC1C(C(C(C(O1)OC2C(C(COC2OC3CCC4(C(C3(C)C)CCC5(C4CC=C6C5(CCC7(C6CC(CC7)(C)C)C(=O)O)C)C)C)O)OC8C(C(C(C(O8)C(=O)O)O)O)O)O)O)O"	3.500	"101254083;85294644;10865882"	"COCONUT:(CNP0315912);TeroMol:(TKC060766);SUPERNATURAL:(SN0039286);PUBCHEM:(101254083 85294644 10865882);LOTUS:(Q104950144)"	"279969794"	955.490	328	5.463	"645946691539481975"	"645946507958979606"	"2724"	"DECENT"
1	1	0.034	0.034	-140.395	1.000	41.093	"C18H14O9"	"[M - H]-"	"C18H13O9-"	"JLSCHGSDHIXCDX"	"InChI=1S/C18H14O9/c1-6-3-10(21)8(4-19)15-11(6)18(25)27-14-7(2)12(17(23)24)13(22)9(5-20)16(14)26-15/h3-4,20-22H,5H2,1-2H3,(H,23,24)"	"Parmosidone A"	"CC1=CC(=C(C2=C1C(=O)OC3=C(O2)C(=C(C(=C3C)C(=O)O)O)CO)C=O)O"	2.200	"132553220"	"COCONUT:(CNP0152065);SUPERNATURAL:(SN0168822);PUBCHEM:(132553220);LOTUS:(Q104169658)"	"271581186"	373.056	330	5.508	"645946664821763997"	"645946505295592436"	"1837"	"LOWEST"
1	2	0.101	0.101	-224.679	0.102	48.674	"C30H44O8"	"[M + CH2O2 - H]-"	"C31H45O10-"	"CKLKZEGQXUNFJU"	"InChI=1S/C30H44O8/c1-25(2)15-9-10-19-27(5)13-18(32)23(30(8,38)21(34)12-20(33)26(3,4)37)28(27,6)14-22(35)29(19,7)16(15)11-17(31)24(25)36/h9,16,18-19,23-24,32,36-38H,10-14H2,1-8H3"	"(3R,8S,9R,10R,13R,14S,16R,17R)-17-[(2R)-2,6-dihydroxy-6-methyl-3,5-dioxoheptan-2-yl]-3,16-dihydroxy-4,4,9,13,14-pentamethyl-3,7,8,10,12,15,16,17-octahydro-1H-cyclopenta[a]phenanthrene-2,11-dione"	"CC1(C(C(=O)CC2C1=CCC3C2(C(=O)CC4(C3(CC(C4C(C)(C(=O)CC(=O)C(C)(C)O)O)O)C)C)C)O)C"	1.600	"123318180"	"PUBCHEM:(123318180)"	"2"	577.301	344	5.739	"645946665341857717"	"645946507199809358"	"2467"	"DECENT"
1	1	0.441	0.470	-11.656	1.000	19.426	"C12H26O4S"	"[M - H]-"	"C12H25O4S-"	"MOTZDAYCYVMXPC"	"InChI=1S/C12H26O4S/c1-2-3-4-5-6-7-8-9-10-11-12-16-17(13,14)15/h2-12H2,1H3,(H,13,14,15)"	"(dodecyloxy)sulfonic acid"	"CCCCCCCCCCCCOS(=O)(=O)O"	4.700	"4329331;102602045;16212949;129717800;112758521;8778;71309009"	"PUBCHEMANNOTATIONBIO:(null);PUBCHEMANNOTATIONSAFETYANDTOXIC:(null);BloodExposome:(8778 3423265 2735071 23669623 16700);SUPERNATURAL:(SN0231332);HSDB:(151-21-3 2235-54-3 151-41-7);MESH:(8778 4329331);PUBCHEM:(4329331 102602045 16212949 129717800 112758521 8778 71309009);GNPS:(CCMSLIB00000081579);COCONUT:(CNP0020932);NORMAN:(NS00078220 NS00081255 NS00077200 NS00067051 NS00010587 NS00082878);METACYC:(CPD-8876);CHEBI:(45599 8984 23872);DSSTox:(DTXSID0042088 DTXSID1026031 DTXSID2027462 DTXSID40884104 DTXSID6062125 DTXSID90422671 DTXSID90635724);LOTUS:(Q27094826);PUBCHEMANNOTATIONDRUG:(null);PUBMED:(null)"	"137832438374"	265.148	356	5.934	"645946663974514562"	"645946503005499605"	"1125"	"BAD"
1	1	0.995	0.995	-11.909	1.000	117.210	"C14H22O7"	"[M - H]-"	"C14H21O7-"	"YTGLTAKRHYYKCI"	"InChI=1S/C14H22O7/c1-2-3-4-5-6-7-8-9-12(17)21-10(11(15)16)14(9,20)13(18)19/h9-10,20H,2-8H2,1H3,(H,15,16)(H,18,19)"	"3-hydroxy-4-octyl-5-oxooxolane-2,3-dicarboxylic acid"	"CCCCCCCCC1C(=O)OC(C1(C(=O)O)O)C(=O)O"	2.900	"124878484;124878485;124878486;124878487;128964476"	"COCONUT:(CNP0086937);SUPERNATURAL:(SN0459633);PUBCHEM:(124878484 124878485 124878486 124878487 128964476)"	"3145730"	301.129	378	6.304	"645946675517239804"	"645946504389621556"	"1548"	"DECENT"
1	1	0.997	0.997	-13.705	1.000	84.120	"C14H22O7"	"[M - H]-"	"C14H21O7-"	"YTGLTAKRHYYKCI"	"InChI=1S/C14H22O7/c1-2-3-4-5-6-7-8-9-12(17)21-10(11(15)16)14(9,20)13(18)19/h9-10,20H,2-8H2,1H3,(H,15,16)(H,18,19)"	"3-hydroxy-4-octyl-5-oxooxolane-2,3-dicarboxylic acid"	"CCCCCCCCC1C(=O)OC(C1(C(=O)O)O)C(=O)O"	2.900	"124878484;124878485;124878486;124878487;128964476"	"COCONUT:(CNP0086937);SUPERNATURAL:(SN0459633);PUBCHEM:(124878484 124878485 124878486 124878487 128964476)"	"3145730"	301.129	496	8.274	"645946789312908897"	"645946503970190698"	"1421"	"DECENT"
