"formulaRank"	"molecularFormula"	"adduct"	"precursorFormula"	"NPC#pathway"	"NPC#pathway Probability"	"NPC#superclass"	"NPC#superclass Probability"	"NPC#class"	"NPC#class Probability"	"ClassyFire#superclass"	"ClassyFire#superclass probability"	"ClassyFire#class"	"ClassyFire#class Probability"	"ClassyFire#subclass"	"ClassyFire#subclass Probability"	"ClassyFire#level 5"	"ClassyFire#level 5 Probability"	"ClassyFire#most specific class"	"ClassyFire#most specific class Probability"	"ClassyFire#all classifications"	"ionMass"	"retentionTimeInSeconds"	"retentionTimeInMinutes"	"formulaId"	"alignedFeatureId"	"mappingFeatureId"	"overallFeatureQuality"
1	"C7H10N2O2S"	"[M + K]+"	"C7H10KN2O2S+"	"Amino acids and Peptides"	0.675	"Small peptides"	0.058	"Primary amides"	0.079	"Organoheterocyclic compounds"	0.732	"Azacyclic compounds"	0.582					"Azacyclic compounds"	0.582	"Organic compounds; Organoheterocyclic compounds; Organosulfur compounds; Organonitrogen compounds; Organic oxides; Azacyclic compounds; Hydrocarbon derivatives; Organopnictogen compounds; Organic oxygen compounds; Organic nitrogen compounds; Chemical entities"	225.010	16	0.272	"645965617153260930"	"645965431001646444"	"575"	"BAD"
1	"C20H24N4O6"	"[M + H3N + H]+"	"C20H28N5O6+"	"Carbohydrates"	0.456	"Nucleosides"	0.582	"Cyanogenic glycosides"	0.282	"Organic oxygen compounds"	1.000	"Organooxygen compounds"	0.997	"Carbohydrates and carbohydrate conjugates"	0.964	"Glycosyl compounds"	0.934	"Glycosylamines"	0.851	"Organic compounds; Organoheterocyclic compounds; Carbohydrates and carbohydrate conjugates; Alcohols and polyols; Ethers; Organonitrogen compounds; Primary alcohols; Nucleosides, nucleotides, and analogues; Organooxygen compounds; Azoles; Monosaccharides; Secondary alcohols; Glycosyl compounds; Glycosylamines; Benzene and substituted derivatives; Polyols; Benzenoids; 1,2-diols; Azacyclic compounds; Oxacyclic compounds; Heteroaromatic compounds; Hydrocarbon derivatives; Organopnictogen compounds; Organic oxygen compounds; Organic nitrogen compounds; Chemical entities"	434.202	68	1.131	"645965573922566964"	"645965432528375017"	"892"	"DECENT"
1	"C18H24O9"	"[M + H3N + H]+"	"C18H28NO9+"	"Terpenoids"	0.686	"Monoterpenoids"	0.385	"Iridoids monoterpenoids"	0.120	"Organic oxygen compounds"	1.000	"Organooxygen compounds"	1.000	"Carbohydrates and carbohydrate conjugates"	0.989	"Monosaccharides"	0.937	"Hexoses"	0.740	"Organic compounds; Organoheterocyclic compounds; Carbohydrates and carbohydrate conjugates; Alcohols and polyols; Ethers; Primary alcohols; Organooxygen compounds; Hexoses; Monosaccharides; Acetals; Secondary alcohols; Carbonyl compounds; Oxanes; Glycosyl compounds; O-glycosyl compounds; Polyols; Benzenoids; Organic oxides; Oxacyclic compounds; Hydrocarbon derivatives; Organic oxygen compounds; Chemical entities"	402.176	129	2.142	"645965482511899796"	"645965432209607478"	"840"	"DECENT"
1	"C30H46O5"	"[M + H]+"	"C30H47O5+"	"Terpenoids"	0.999	"Triterpenoids"	0.997	"Ursane and Taraxastane triterpenoids"	0.573	"Lipids and lipid-like molecules"	0.993	"Prenol lipids"	0.976	"Triterpenoids"	0.937			"Triterpenoids"	0.937	"Organic compounds; Lipids and lipid-like molecules; Alcohols and polyols; Steroids and steroid derivatives; Prenol lipids; Organic acids and derivatives; Carboxylic acids and derivatives; Organooxygen compounds; Monocarboxylic acids and derivatives; Carboxylic acids; Cyclic alcohols and derivatives; Triterpenoids; Secondary alcohols; Carbonyl compounds; Organic oxides; Hydrocarbon derivatives; Organic oxygen compounds; Chemical entities"	487.342	229	3.820	"645965508755661197"	"645965432952000356"	"982"	"DECENT"
1	"C30H46O5"	"[M + H]+"	"C30H47O5+"	"Terpenoids"	1.000	"Triterpenoids"	1.000	"Lupane triterpenoids"	0.629	"Lipids and lipid-like molecules"	0.998	"Prenol lipids"	0.994	"Triterpenoids"	0.990			"Triterpenoids"	0.990	"Organic compounds; Lipids and lipid-like molecules; Alcohols and polyols; Steroids and steroid derivatives; Prenol lipids; Organic acids and derivatives; Carboxylic acids and derivatives; Organooxygen compounds; Dicarboxylic acids and derivatives; Oxosteroids; Carboxylic acids; Cyclic alcohols and derivatives; Triterpenoids; Secondary alcohols; Carbonyl compounds; Organic oxides; Hydrocarbon derivatives; 18-hydroxysteroids; Organic oxygen compounds; Chemical entities"	487.342	234	3.899	"645965516053750412"	"645965432914251574"	"974"	"DECENT"
1	"C48H79NO19"	"[M + H]+"	"C48H80NO19+"	"Terpenoids"	0.994	"Triterpenoids"	0.990	"Lupane triterpenoids"	0.658	"Lipids and lipid-like molecules"	0.994	"Prenol lipids"	0.991	"Terpene glycosides"	0.954	"Triterpene glycosides"	0.933	"Triterpene saponins"	0.933	"Organic compounds; Organoheterocyclic compounds; Carbohydrates and carbohydrate conjugates; Lipids and lipid-like molecules; Alcohols and polyols; Ethers; Steroids and steroid derivatives; Prenol lipids; Organic acids and derivatives; Carboxylic acids and derivatives; Primary alcohols; Organooxygen compounds; Dicarboxylic acids and derivatives; Carboxylic acid derivatives; Oxosteroids; Carboxylic acids; Disaccharides; Triterpenoids; Triterpene glycosides; Acetals; Secondary alcohols; Carbonyl compounds; Oxanes; Terpene glycosides; Glycosyl compounds; O-glycosyl compounds; Polyols; Triterpene saponins; 19-oxosteroids; Organic oxides; Oxacyclic compounds; Hydrocarbon derivatives; Organic oxygen compounds; Chemical entities"	974.531	234	3.903	"645965566242795447"	"645965433841194161"	"1155"	"DECENT"
1	"C15H20O5"	"[M + H]+"	"C15H21O5+"	"Terpenoids"	0.983	"Sesquiterpenoids"	0.978	"Cadinane sesquiterpenoids"	0.617	"Organic acids and derivatives"	0.970	"Carboxylic acids and derivatives"	0.966	"Dicarboxylic acids and derivatives"	0.503			"Dicarboxylic acids and derivatives"	0.503	"Organic compounds; Organoheterocyclic compounds; Lipids and lipid-like molecules; Lactones; Alcohols and polyols; Prenol lipids; Organic acids and derivatives; Carboxylic acids and derivatives; Organooxygen compounds; Dicarboxylic acids and derivatives; Carboxylic acid derivatives; Carboxylic acids; Carbonyl compounds; Organic oxides; Oxacyclic compounds; Hydrocarbon derivatives; Organic oxygen compounds; Chemical entities"	281.138	246	4.107	"645965501868613650"	"645965431316219577"	"636"	"DECENT"
1	"C15H20O5"	"[M + H]+"	"C15H21O5+"	"Terpenoids"	0.982	"Sesquiterpenoids"	0.975	"Cadinane sesquiterpenoids"	0.531	"Lipids and lipid-like molecules"	0.623	"Prenol lipids"	0.691	"Terpene lactones"	0.583			"Terpene lactones"	0.583	"Organic compounds; Organoheterocyclic compounds; Lipids and lipid-like molecules; Lactones; Alcohols and polyols; Prenol lipids; Organic acids and derivatives; Carboxylic acids and derivatives; Organooxygen compounds; Dicarboxylic acids and derivatives; Carboxylic acid derivatives; Carboxylic acid esters; Terpene lactones; Carbonyl compounds; Organic oxides; Oxacyclic compounds; Hydrocarbon derivatives; Organic oxygen compounds; Chemical entities"	281.138	249	4.145	"645965502300626984"	"645965431274276496"	"626"	"DECENT"
1	"C17H14O7"	"[M + H]+"	"C17H15O7+"	"Shikimates and Phenylpropanoids"	1.000	"Flavonoids"	0.995	"Flavones"	0.993	"Phenylpropanoids and polyketides"	0.997	"Flavonoids"	0.995	"O-methylated flavonoids"	0.989	"6-O-methylated flavonoids"	0.921	"6-O-methylated flavonoids"	0.921	"Organic compounds; Organoheterocyclic compounds; Pyrans; Benzopyrans; Alkyl aryl ethers; Phenols; Anisoles; Chromones; Ethers; Phenylpropanoids and polyketides; Organic acids and derivatives; Organooxygen compounds; Flavonoids; Pyranones and derivatives; Flavones; Benzene and substituted derivatives; Phenol ethers; Benzenoids; O-methylated flavonoids; 6-O-methylated flavonoids; 7-O-methylated flavonoids; 8-O-methylated flavonoids; Hydroxyflavonoids; 5-hydroxyflavonoids; 7-hydroxyflavonoids; 1-benzopyrans; Vinylogous acids; Organic oxides; Oxacyclic compounds; Heteroaromatic compounds; Hydrocarbon derivatives; Organic oxygen compounds; 1-hydroxy-2-unsubstituted benzenoids; 1-hydroxy-4-unsubstituted benzenoids; Chemical entities"	331.081	281	4.679	"645965498991320960"	"645965433002332082"	"994"	"DECENT"
1	"C28H37NO8"	"[M + H]+"	"C28H38NO8+"	"Terpenoids"	0.919	"Meroterpenoids"	0.982	"Spriromeroterpenoids"	0.984	"Organic acids and derivatives"	1.000	"Carboxylic acids and derivatives"	1.000	"Amino acids, peptides, and analogues"	0.950	"Amino acids and derivatives"	0.951	"Glutamic acid and derivatives"	0.885	"Organic compounds; Organoheterocyclic compounds; Amino acids, peptides, and analogues; Alpha amino acids and derivatives; Isoindoles; Alkyl aryl ethers; Alcohols and polyols; Phenols; Lactams; Ethers; Organic acids and derivatives; Carboxylic acids and derivatives; Organonitrogen compounds; Organooxygen compounds; Dicarboxylic acids and derivatives; Amino acids and derivatives; Carboxylic acid amides; Carboxylic acid derivatives; Carboxylic acids; Cyclic alcohols and derivatives; Secondary alcohols; Tertiary carboxylic acid amides; Isoindoles and derivatives; Isoindolones; Carbonyl compounds; Benzenoids; Isoindolines; Organic oxides; Azacyclic compounds; Oxacyclic compounds; Hydrocarbon derivatives; Coumarans; Glutamic acid and derivatives; Organopnictogen compounds; Organic oxygen compounds; 1-hydroxy-2-unsubstituted benzenoids; Organic nitrogen compounds; Chemical entities"	516.259	312	5.206	"645965519497274109"	"645965433371431353"	"1065"	"DECENT"
1	"C28H40N2O8"	"[M + H]+"	"C28H41N2O8+"	"Alkaloids"	0.773	"Pseudoalkaloids (transamidation)"	0.894	"Isoindole alkaloids"	0.845	"Organic acids and derivatives"	0.999	"Carboxylic acids and derivatives"	0.998	"Amino acids, peptides, and analogues"	0.880	"Amino acids and derivatives"	0.881	"Glutamic acid and derivatives"	0.865	"Organic compounds; Organoheterocyclic compounds; Lipids and lipid-like molecules; Amino acids, peptides, and analogues; Alpha amino acids and derivatives; Isoindoles; Alkyl aryl ethers; Alcohols and polyols; Phenols; Lactams; Ethers; Organic acids and derivatives; Carboxylic acids and derivatives; Organonitrogen compounds; Organooxygen compounds; Dicarboxylic acids and derivatives; Amino acids and derivatives; Carboxylic acid amides; Carboxylic acid derivatives; Carboxylic acids; Carboxylic acid esters; Secondary alcohols; Tertiary carboxylic acid amides; Isoindoles and derivatives; Isoindolones; Carbonyl compounds; Benzenoids; Isoindolines; Fatty Acyls; Organic oxides; Azacyclic compounds; Oxacyclic compounds; Hydrocarbon derivatives; Glutamic acid and derivatives; Organopnictogen compounds; Organic oxygen compounds; Organic nitrogen compounds; Chemical entities"	533.285	313	5.208	"645965517408510638"	"645965433258184955"	"1042"	"DECENT"
1	"C27H20N2O10"	"[M + H]+"	"C27H21N2O10+"	"Amino acids and Peptides"	0.372	"Peptide alkaloids"	0.677	"Indole diketopiperazine alkaloids (L-Trp, L-Pro)"	0.007	"Organic acids and derivatives"	1.000	"Carboxylic acids and derivatives"	1.000	"Amino acids, peptides, and analogues"	0.986	"Amino acids and derivatives"	0.985	"Alpha amino acids and derivatives"	0.990	"Organic compounds; Organoheterocyclic compounds; Amino acids, peptides, and analogues; Alpha amino acids and derivatives; Aldehydes; Alkyl aryl ethers; Phenols; Anisoles; Lactams; Benzoic acids and derivatives; Piperazines; Pyrrolidines; Ethers; Organic acids and derivatives; Carboxylic acids and derivatives; Organonitrogen compounds; Benzoyl derivatives; Organooxygen compounds; Amino acids and derivatives; Carboxylic acid amides; Carboxylic acid derivatives; Carboxylic acid esters; Benzaldehydes; Benzoic acid esters; Tertiary carboxylic acid amides; Dioxopiperazines; Carbonyl compounds; Benzene and substituted derivatives; Phenol ethers; Methoxybenzoic acids and derivatives; P-methoxybenzoic acids and derivatives; Diazinanes; Benzenoids; Diarylethers; Aryl-aldehydes; N-alkylpiperazines; N-methylpiperazines; 2,5-dioxopiperazines; Organic oxides; Hydroxybenzaldehydes; Methoxybenzenes; Azacyclic compounds; Oxacyclic compounds; Hydrocarbon derivatives; Diphenylethers; Organopnictogen compounds; Organic oxygen compounds; 1-hydroxy-2-unsubstituted benzenoids; Organic nitrogen compounds; Phenoxy compounds; Chemical entities"	533.119	325	5.415	"645965535217526328"	"645965433186881687"	"1027"	"DECENT"
1	"C27H22N2O10S4"	"[M + H]+"	"C27H23N2O10S4+"	"Amino acids and Peptides"	0.998	"Peptide alkaloids"	0.999	"Thiodiketopiperazine alkaloids"	0.929	"Organic acids and derivatives"	1.000	"Carboxylic acids and derivatives"	1.000	"Amino acids, peptides, and analogues"	0.999	"Amino acids and derivatives"	0.999	"Alpha amino acids and derivatives"	1.000	"Organic compounds; Organoheterocyclic compounds; Organosulfur compounds; Amino acids, peptides, and analogues; Alpha amino acids and derivatives; Alkyl aryl ethers; Alcohols and polyols; Phenols; Anisoles; Lactams; Piperazines; Indoles and derivatives; Pyrrolidines; Ethers; Organic acids and derivatives; Carboxylic acids and derivatives; Organonitrogen compounds; Benzoyl derivatives; Organooxygen compounds; Amino acids and derivatives; Carboxylic acid amides; Carboxylic acid derivatives; Carboxylic acid esters; Benzaldehydes; Benzoic acid esters; Secondary alcohols; Tertiary carboxylic acid amides; Dioxopiperazines; Thiodioxopiperazines; Epipolythiodioxopiperazines; Carbonyl compounds; Benzene and substituted derivatives; Phenol ethers; Methoxybenzoic acids and derivatives; P-methoxybenzoic acids and derivatives; Diazinanes; Benzenoids; Diarylethers; Organic disulfides; Aryl-aldehydes; N-alkylpiperazines; N-methylpiperazines; 2,5-dioxopiperazines; Organic oxides; Hydroxybenzaldehydes; Methoxybenzenes; Azacyclic compounds; Hydrocarbon derivatives; Diphenylethers; Organopnictogen compounds; Organic oxygen compounds; 1-hydroxy-2-unsubstituted benzenoids; Organic nitrogen compounds; Phenoxy compounds; Chemical entities"	663.022	327	5.457	"645965534613546486"	"645965433564369654"	"1107"	"DECENT"
1	"C26H21N3O15S2"	"[M + H]+"	"C26H22N3O15S2+"	"Amino acids and Peptides"	0.994	"Peptide alkaloids"	0.994	"Thiodiketopiperazine alkaloids"	0.877	"Organic acids and derivatives"	1.000	"Carboxylic acids and derivatives"	1.000	"Amino acids, peptides, and analogues"	0.997	"Amino acids and derivatives"	0.997	"Alpha amino acids and derivatives"	0.999	"Organic compounds; Organoheterocyclic compounds; Organosulfur compounds; Amino acids, peptides, and analogues; Alpha amino acids and derivatives; Alcohols and polyols; Phenols; Lactams; Benzoic acids and derivatives; Piperazines; Pyrrolidines; Ethers; Organic acids and derivatives; Carboxylic acids and derivatives; Organonitrogen compounds; Benzoyl derivatives; Organooxygen compounds; Amino acids and derivatives; Carboxylic acid amides; Carboxylic acid derivatives; Thioethers; Carboxylic acid esters; Benzaldehydes; Benzoic acid esters; Secondary alcohols; Tertiary carboxylic acid amides; Thiohemiaminal derivatives; Dioxopiperazines; Thiodioxopiperazines; Carbonyl compounds; Benzene and substituted derivatives; Phenol ethers; Methoxybenzoic acids and derivatives; P-methoxybenzoic acids and derivatives; Diazinanes; Benzenoids; Diarylethers; Aryl-aldehydes; N-alkylpiperazines; N-methylpiperazines; 2,5-dioxopiperazines; Organic oxides; Hydroxybenzaldehydes; Azacyclic compounds; Hydrocarbon derivatives; Diphenylethers; Organopnictogen compounds; Organic oxygen compounds; 1-hydroxy-2-unsubstituted benzenoids; Organic nitrogen compounds; Phenoxy compounds; Chemical entities"	680.049	327	5.457	"645965537985767180"	"645965433602118462"	"1116"	"DECENT"
1	"C38H61N11O6"	"[M + H]+"	"C38H62N11O6+"	"Terpenoids"	0.648	"Triterpenoids"	0.946	"Lupane triterpenoids"	0.215	"Lipids and lipid-like molecules"	0.938	"Prenol lipids"	0.699	"Triterpenoids"	0.596			"Triterpenoids"	0.596	"Organic compounds; Organoheterocyclic compounds; Lipids and lipid-like molecules; Amino acids, peptides, and analogues; Alpha amino acids and derivatives; Prenol lipids; Organic acids and derivatives; Carboxylic acids and derivatives; Organonitrogen compounds; Organooxygen compounds; Amino acids and derivatives; Carboxylic acid amides; Carboxylic acid derivatives; Monocarboxylic acids and derivatives; Carboxylic acids; Triterpenoids; Tertiary carboxylic acid amides; Carbonyl compounds; Amines; Organic oxides; Azacyclic compounds; Hydrocarbon derivatives; Organopnictogen compounds; Organic oxygen compounds; Organic nitrogen compounds; Chemical entities"	768.488	332	5.536	"645965526539510798"	"645965433660838819"	"1127"	"DECENT"
1	"C16H30N2O4"	"[M + H]+"	"C16H31N2O4+"	"Fatty acids"	1.000	"Fatty amides"	1.000	"N-acyl amines"	1.000	"Organic acids and derivatives"	1.000	"Carboxylic acids and derivatives"	1.000	"Amino acids, peptides, and analogues"	0.996	"Amino acids and derivatives"	0.996	"N-acyl-alpha amino acids"	0.977	"Organic compounds; Lipids and lipid-like molecules; Amino acids, peptides, and analogues; Alpha amino acids and derivatives; Fatty acids and conjugates; Organic acids and derivatives; Carboxylic acids and derivatives; Organonitrogen compounds; Organooxygen compounds; Fatty amides; Amino acids and derivatives; Carboxylic acid amides; Carboxylic acid derivatives; N-acyl amines; Monocarboxylic acids and derivatives; N-acyl-alpha amino acids and derivatives; Carboxylic acids; Primary carboxylic acid amides; Secondary carboxylic acid amides; Carbonyl compounds; N-acyl-alpha amino acids; Fatty Acyls; Organic oxides; Hydrocarbon derivatives; Asparagine and derivatives; Organopnictogen compounds; Organic oxygen compounds; Organic nitrogen compounds; Chemical entities"	315.227	335	5.585	"645965536928802511"	"645965431597238303"	"700"	"DECENT"
1	"C15H10O5"	"[M + H]+"	"C15H11O5+"	"Polyketides"	0.973	"Xanthones"	0.926	"Methyl xanthones"	0.940	"Organoheterocyclic compounds"	0.586	"Benzopyrans"	0.619	"1-benzopyrans"	0.602	"Dibenzopyrans"	0.724	"Xanthones"	0.818	"Organic compounds; Organoheterocyclic compounds; Pyrans; Benzopyrans; Phenols; Chromones; Xanthenes; Xanthones; Organic acids and derivatives; Carboxylic acids and derivatives; Organooxygen compounds; Pyranones and derivatives; Carboxylic acid derivatives; Monocarboxylic acids and derivatives; Carboxylic acid esters; Benzenoids; Dibenzopyrans; 1-benzopyrans; Methyl esters; Vinylogous acids; Organic oxides; Heteroaromatic compounds; Hydrocarbon derivatives; Organic oxygen compounds; 1-hydroxy-2-unsubstituted benzenoids; 1-hydroxy-4-unsubstituted benzenoids; Chemical entities"	271.060	338	5.626	"645965544281417825"	"645965431093921199"	"587"	"DECENT"
1	"C30H46O5"	"[M + H3N + H]+"	"C30H50NO5+"	"Terpenoids"	0.999	"Triterpenoids"	0.986	"Fusidane triterpenoids"	0.333	"Lipids and lipid-like molecules"	0.995	"Prenol lipids"	0.908	"Triterpenoids"	0.957			"Triterpenoids"	0.957	"Organic compounds; Organoheterocyclic compounds; Lipids and lipid-like molecules; Ketones; Alcohols and polyols; Ethers; Steroids and steroid derivatives; Prenol lipids; Organooxygen compounds; Dialkyl ethers; Oxosteroids; Cyclic alcohols and derivatives; Hydroxysteroids; Triterpenoids; Secondary alcohols; Tertiary alcohols; Carbonyl compounds; Cycloartanols and derivatives; 3-oxosteroids; Cyclic ketones; Organic oxides; Oxacyclic compounds; Hydrocarbon derivatives; Organic oxygen compounds; Chemical entities"	504.368	363	6.043	"645965629643898253"	"645965433082023922"	"1002"	"DECENT"
1	"C30H46O5"	"[M + H]+"	"C30H47O5+"	"Terpenoids"	0.998	"Triterpenoids"	0.979	"Fusidane triterpenoids"	0.307	"Lipids and lipid-like molecules"	0.993	"Prenol lipids"	0.908	"Triterpenoids"	0.957			"Triterpenoids"	0.957	"Organic compounds; Organoheterocyclic compounds; Lipids and lipid-like molecules; Ketones; Alcohols and polyols; Ethers; Steroids and steroid derivatives; Prenol lipids; Organooxygen compounds; Oxosteroids; Cyclic alcohols and derivatives; Hydroxysteroids; Triterpenoids; Secondary alcohols; Tertiary alcohols; Carbonyl compounds; Cycloartanols and derivatives; 3-oxosteroids; Cyclic ketones; Organic oxides; Oxacyclic compounds; Hydrocarbon derivatives; Organic oxygen compounds; Chemical entities"	487.341	363	6.050	"645965634781920671"	"645965432964583295"	"985"	"DECENT"
1	"C26H31N3O6"	"[M + H]+"	"C26H32N3O6+"	"Alkaloids"	0.734	"Tryptophan alkaloids"	0.078	"Pyridine alkaloids"	0.076	"Benzenoids"	0.693							"Benzenoids"	0.693	"Organic compounds; Organoheterocyclic compounds; Organic acids and derivatives; Carboxylic acids and derivatives; Organonitrogen compounds; Organooxygen compounds; Azoles; Carboxylic acid derivatives; Carboxylic acid esters; Carbonyl compounds; Benzenoids; Organic oxides; Azacyclic compounds; Heteroaromatic compounds; Hydrocarbon derivatives; Organopnictogen compounds; Organic oxygen compounds; Organic nitrogen compounds; Chemical entities"	482.230	366	6.094	"645965606378093924"	"645965432855531222"	"961"	"DECENT"
1	"C17H14O7"	"[M + H]+"	"C17H15O7+"	"Shikimates and Phenylpropanoids"	1.000	"Flavonoids"	0.987	"Flavonols"	0.708	"Phenylpropanoids and polyketides"	0.995	"Flavonoids"	0.985	"O-methylated flavonoids"	0.984	"3-O-methylated flavonoids"	0.662	"3-O-methylated flavonoids"	0.662	"Organic compounds; Organoheterocyclic compounds; Pyrans; Benzopyrans; Alkyl aryl ethers; Phenols; Anisoles; Chromones; Ethers; Phenylpropanoids and polyketides; Organic acids and derivatives; Organooxygen compounds; Flavonoids; Pyranones and derivatives; Flavones; Benzene and substituted derivatives; Phenol ethers; Benzenoids; O-methylated flavonoids; 3-O-methylated flavonoids; 6-O-methylated flavonoids; 7-O-methylated flavonoids; 4'-hydroxyflavonoids; Hydroxyflavonoids; 5-hydroxyflavonoids; 7-hydroxyflavonoids; 1-benzopyrans; Vinylogous acids; Organic oxides; Methoxybenzenes; Oxacyclic compounds; Heteroaromatic compounds; Hydrocarbon derivatives; Organic oxygen compounds; 1-hydroxy-2-unsubstituted benzenoids; 1-hydroxy-4-unsubstituted benzenoids; 3-methoxychromones; Chemical entities"	331.081	494	8.228	"645965606243876186"	"645965431618209840"	"701"	"BAD"
