"formulaRank"	"molecularFormula"	"adduct"	"precursorFormula"	"NPC#pathway"	"NPC#pathway Probability"	"NPC#superclass"	"NPC#superclass Probability"	"NPC#class"	"NPC#class Probability"	"ClassyFire#superclass"	"ClassyFire#superclass probability"	"ClassyFire#class"	"ClassyFire#class Probability"	"ClassyFire#subclass"	"ClassyFire#subclass Probability"	"ClassyFire#level 5"	"ClassyFire#level 5 Probability"	"ClassyFire#most specific class"	"ClassyFire#most specific class Probability"	"ClassyFire#all classifications"	"ionMass"	"retentionTimeInSeconds"	"retentionTimeInMinutes"	"formulaId"	"alignedFeatureId"	"mappingFeatureId"	"overallFeatureQuality"
1	"C9H17NO4"	"[M + H]+"	"C9H18NO4+"	"Amino acids and Peptides"	0.961	"Small peptides"	0.966	"Aminoacids"	0.791	"Organic acids and derivatives"	0.999	"Carboxylic acids and derivatives"	0.999	"Amino acids, peptides, and analogues"	0.919	"Amino acids and derivatives"	0.919	"Alpha amino acids and derivatives"	0.542	"Organic compounds; Lipids and lipid-like molecules; Amino acids, peptides, and analogues; Alpha amino acids and derivatives; Fatty acids and conjugates; Organic acids and derivatives; Carboxylic acids and derivatives; Organonitrogen compounds; Organooxygen compounds; Amino acids and derivatives; Monoalkylamines; Amino fatty acids; Monocarboxylic acids and derivatives; Carboxylic acids; Carbonyl compounds; Amines; Primary amines; Medium-chain fatty acids; Fatty Acyls; Organic oxides; Hydrocarbon derivatives; Amino acids; Organopnictogen compounds; Organic oxygen compounds; Organic nitrogen compounds; Chemical entities"	204.123	109	1.817	"645969375724919576"	"645969300596536478"	"343"	"BAD"
1	"C16H14O8"	"[M + H]+"	"C16H15O8+"	"Polyketides"	0.852	"Aromatic polyketides"	0.974	"Depsides and depsidones"	0.991	"Phenylpropanoids and polyketides"	0.642	"Depsides and depsidones"	0.833					"Depsides and depsidones"	0.833	"Organic compounds; Alkyl aryl ethers; Phenols; Anisoles; Benzoic acids and derivatives; Methoxyphenols; Ethers; Phenylpropanoids and polyketides; Organic acids and derivatives; Carboxylic acids and derivatives; Benzoyl derivatives; Organooxygen compounds; Dicarboxylic acids and derivatives; Carboxylic acid derivatives; Carboxylic acids; Carboxylic acid esters; Hydroxybenzoic acid derivatives; Meta cresols; Benzoic acid esters; Depsides and depsidones; Benzene and substituted derivatives; Phenol esters; Phenol ethers; Methoxybenzoic acids and derivatives; M-methoxybenzoic acids and derivatives; Benzenoids; Benzoic acids; Vinylogous acids; Organic oxides; Methoxybenzenes; Hydrocarbon derivatives; Organic oxygen compounds; 1-hydroxy-2-unsubstituted benzenoids; 1-hydroxy-4-unsubstituted benzenoids; m-Hydroxybenzoic acid esters; p-Hydroxybenzoic acid esters; Phenoxy compounds; Chemical entities"	335.076	145	2.423	"645969370830166447"	"645969302974709322"	"849"	"DECENT"
1	"C42H46O22"	"[M + H]+"	"C42H47O22+"	"Shikimates and Phenylpropanoids"	0.998	"Flavonoids"	0.997	"Flavonols"	0.959	"Phenylpropanoids and polyketides"	1.000	"Flavonoids"	0.992	"Flavonoid glycosides"	0.992	"Flavonoid O-glycosides"	0.991	"Flavonoid-3-O-glycosides"	0.972	"Organic compounds; Organoheterocyclic compounds; Carbohydrates and carbohydrate conjugates; Lipids and lipid-like molecules; Styrenes; Coumaric acids and derivatives; Pyrans; Benzopyrans; Alcohols and polyols; Phenols; Chromones; Ethers; Phenylpropanoids and polyketides; Organic acids and derivatives; Carboxylic acids and derivatives; Primary alcohols; Organooxygen compounds; Fatty acid esters; Flavonoids; Coumaric acid esters; Cinnamic acids and derivatives; Pyranones and derivatives; Carboxylic acid derivatives; Flavonoid glycosides; Monocarboxylic acids and derivatives; Carboxylic acid esters; Hydroxycinnamic acids and derivatives; Disaccharides; Flavonoid O-glycosides; Flavones; Acetals; Secondary alcohols; Carbonyl compounds; Oxanes; Glycosyl compounds; O-glycosyl compounds; Benzene and substituted derivatives; Polyols; Benzenoids; 4'-hydroxyflavonoids; Hydroxyflavonoids; 5-hydroxyflavonoids; Hydroxycinnamic acid esters; 1-benzopyrans; Cinnamic acid esters; Flavonoid-3-O-glycosides; Flavonoid-7-O-glycosides; Enoate esters; Alpha,beta-unsaturated carboxylic esters; Vinylogous acids; Fatty Acyls; Organic oxides; Oxacyclic compounds; Heteroaromatic compounds; Hydrocarbon derivatives; Phenolic glycosides; Organic oxygen compounds; 1-hydroxy-2-unsubstituted benzenoids; 1-hydroxy-4-unsubstituted benzenoids; Chemical entities"	903.255	168	2.795	"645969372977650308"	"645969305495490182"	"1580"	"DECENT"
1	"C32H42N4O8"	"[M + H3N + H]+"	"C32H46N5O8+"	"Amino acids and Peptides"	0.376	"Pseudoalkaloids (transamidation)"	0.313	"Open-chain polyketides"	0.036	"Lipids and lipid-like molecules"	0.880	"Fatty Acyls"	0.781	"Fatty acid esters"	0.792			"Fatty acid esters"	0.792	"Organic compounds; Organoheterocyclic compounds; Lipids and lipid-like molecules; Alcohols and polyols; Organic acids and derivatives; Carboxylic acids and derivatives; Organonitrogen compounds; Organooxygen compounds; Fatty acid esters; Carboxylic acid derivatives; Carboxylic acid esters; Carbonyl compounds; Benzene and substituted derivatives; Benzenoids; Fatty Acyls; Organic oxides; Azacyclic compounds; Hydrocarbon derivatives; Organopnictogen compounds; Organic oxygen compounds; Organic nitrogen compounds; Chemical entities"	628.332	201	3.349	"645969431551107871"	"645969305159945401"	"1510"	"DECENT"
1	"C36H30O16"	"[M + H]+"	"C36H31O16+"	"Shikimates and Phenylpropanoids"	1.000	"Flavonoids"	0.958	"Flavones"	0.802	"Phenylpropanoids and polyketides"	0.998	"Flavonoids"	0.991	"Biflavonoids and polyflavonoids"	0.952			"Biflavonoids and polyflavonoids"	0.952	"Organic compounds; Organoheterocyclic compounds; Carbohydrates and carbohydrate conjugates; Ketones; Benzopyrans; Alkyl aryl ethers; Alcohols and polyols; Phenols; Catechols; Stilbene glycosides; Chromones; Stilbenes; Ethers; Phenylpropanoids and polyketides; Organic acids and derivatives; Primary alcohols; Organooxygen compounds; Flavonoids; Flavans; Flavonoid glycosides; Benzenediols; Hexoses; Monosaccharides; Flavonoid O-glycosides; Biflavonoids and polyflavonoids; Isoflavans; Flavones; Flavanones; Acetals; Secondary alcohols; Isoflavanones; Carbonyl compounds; Oxanes; Glycosyl compounds; O-glycosyl compounds; Benzene and substituted derivatives; Polyols; Benzenoids; Isoflavonoids; 3'-hydroxyflavonoids; 4'-hydroxyflavonoids; Hydroxyflavonoids; 5-hydroxyflavonoids; 7-hydroxyflavonoids; 1-benzopyrans; Pyranoisoflavonoids; Flavonoid-7-O-glycosides; Aryl ketones; Aryl alkyl ketones; Vinylogous acids; Organic oxides; Oxacyclic compounds; Hydrocarbon derivatives; Hydroxyisoflavonoids; Phenolic glycosides; Organic oxygen compounds; 1-hydroxy-2-unsubstituted benzenoids; 1-hydroxy-4-unsubstituted benzenoids; Chemical entities"	719.160	206	3.434	"645969796426203828"	"645969305298357492"	"1514"	"DECENT"
1	"C12H15FO4"	"[M + H]+"	"C12H16FO4+"	"Shikimates and Phenylpropanoids"	0.760	"Flavonoids"	0.088	"Isocoumarins"	0.027	"Benzenoids"	0.901	"Phenol ethers"	0.609	"Anisoles"	0.572			"Anisoles"	0.572	"Organic compounds; Halobenzenes; Alkyl aryl ethers; Anisoles; Ethers; Organohalogen compounds; Organooxygen compounds; Aryl fluorides; Fluorobenzenes; Organofluorides; Carbonyl compounds; Benzene and substituted derivatives; Phenol ethers; Benzenoids; Aryl halides; Organic oxides; Hydrocarbon derivatives; Organic oxygen compounds; Chemical entities"	243.102	234	3.894	"645969395962437268"	"645969301758359480"	"511"	"DECENT"
1	"C24H40NO7P"	"[M + H]+"	"C24H41NO7P+"	"Fatty acids"	0.460	"Glycerophospholipids"	0.393	"Aminoacids"	0.098	"Organic acids and derivatives"	0.999	"Carboxylic acids and derivatives"	0.957	"Amino acids, peptides, and analogues"	0.865	"Amino acids and derivatives"	0.867	"Glutamic acid and derivatives"	0.735	"Organic compounds; Organoheterocyclic compounds; Amino acids, peptides, and analogues; Alpha amino acids and derivatives; Organic acids and derivatives; Carboxylic acids and derivatives; Organonitrogen compounds; Organooxygen compounds; Dicarboxylic acids and derivatives; Amino acids and derivatives; Organophosphorus compounds; Organic phosphoric acids and derivatives; Phosphate esters; Organic phosphonic acids and derivatives; Carboxylic acid derivatives; Phosphonic acid esters; Carboxylic acid esters; Carbonyl compounds; Organic oxides; Azacyclic compounds; Hydrocarbon derivatives; Glutamic acid and derivatives; Organopnictogen compounds; Organic oxygen compounds; Organic nitrogen compounds; Chemical entities"	486.260	287	4.785	"645969389935222166"	"645969304534992962"	"1322"	"DECENT"
1	"C66H91N5O12S2"	"[M + H]+"	"C66H92N5O12S2+"	"Amino acids and Peptides"	0.910	"Oligopeptides"	0.997	"Depsipeptides"	0.132	"Organic acids and derivatives"	0.989	"Carboxylic acids and derivatives"	0.968	"Amino acids, peptides, and analogues"	0.783	"Amino acids and derivatives"	0.755	"Alpha amino acids and derivatives"	0.690	"Organic compounds; Organoheterocyclic compounds; Amino acids, peptides, and analogues; Lactones; Alpha amino acids and derivatives; Macrolactams; Thiazoles; Alcohols and polyols; Thiazolines; Phenylpropanoids and polyketides; Organic acids and derivatives; Carboxylic acids and derivatives; Organonitrogen compounds; Organooxygen compounds; Amino acids and derivatives; Azoles; Carboxylic acid amides; Carboxylic acid derivatives; Imidothioesters; Carboxylic acid esters; Secondary alcohols; Secondary carboxylic acid amides; Carbonyl compounds; Thiazolecarboxylic acids and derivatives; Azolines; 2,4-disubstituted thiazoles; Organic 1,3-dipolar compounds; Propargyl-type 1,3-dipolar organic compounds; Imidothiolactones; Organic oxides; Azacyclic compounds; Oxacyclic compounds; Heteroaromatic compounds; Hydrocarbon derivatives; Organopnictogen compounds; Organic oxygen compounds; Organic nitrogen compounds; Chemical entities"	1210.620	295	4.913	"645969523716748105"	"645969305617125250"	"1616"	"DECENT"
1	"C21H22O8"	"[M + H]+"	"C21H23O8+"	"Shikimates and Phenylpropanoids"	0.999	"Flavonoids"	0.948	"Flavones"	0.861	"Phenylpropanoids and polyketides"	0.997	"Flavonoids"	0.940	"O-methylated flavonoids"	0.949	"5-O-methylated flavonoids"	0.926	"5-O-methylated flavonoids"	0.926	"Organic compounds; Organoheterocyclic compounds; Pyrans; Benzopyrans; Alkyl aryl ethers; Anisoles; Chromones; Ethers; Phenylpropanoids and polyketides; Organic acids and derivatives; Organooxygen compounds; Flavonoids; Pyranones and derivatives; Flavones; Benzene and substituted derivatives; Phenol ethers; Benzenoids; O-methylated flavonoids; 5-O-methylated flavonoids; 6-O-methylated flavonoids; 7-O-methylated flavonoids; 3'-O-methylated flavonoids; 4'-O-methylated flavonoids; 1-benzopyrans; Vinylogous esters; Organic oxides; Dimethoxybenzenes; Methoxybenzenes; Oxacyclic compounds; Heteroaromatic compounds; Hydrocarbon derivatives; Organic oxygen compounds; Phenoxy compounds; Chemical entities"	403.138	316	5.269	"645969453306963576"	"645969304321083123"	"1262"	"DECENT"
1	"C32H50O8"	"[M + H3N + H]+"	"C32H54NO8+"	"Terpenoids"	0.996	"Triterpenoids"	0.821	"Fusidane triterpenoids"	0.611	"Lipids and lipid-like molecules"	0.991	"Steroids and steroid derivatives"	0.939	"Steroid esters"	0.691			"Steroid esters"	0.691	"Organic compounds; Lipids and lipid-like molecules; Alcohols and polyols; Steroids and steroid derivatives; Prenol lipids; Organic acids and derivatives; Carboxylic acids and derivatives; Organooxygen compounds; Dicarboxylic acids and derivatives; Carboxylic acid derivatives; Carboxylic acids; Carboxylic acid esters; Cyclic alcohols and derivatives; Hydroxysteroids; Secondary alcohols; Steroid esters; Carbonyl compounds; Organic oxides; Hydrocarbon derivatives; Organic oxygen compounds; Chemical entities"	580.384	328	5.464	"645969510680850657"	"645969304975395669"	"1459"	"DECENT"
1	"C20H28O3"	"[M + H]+"	"C20H29O3+"	"Terpenoids"	0.998	"Diterpenoids"	0.983	"Pimarane and Isopimarane diterpenoids"	0.168	"Lipids and lipid-like molecules"	0.959	"Prenol lipids"	0.938	"Diterpenoids"	0.924			"Diterpenoids"	0.924	"Organic compounds; Lipids and lipid-like molecules; Phenanthrenes and derivatives; Hydrophenanthrenes; Prenol lipids; Organic acids and derivatives; Carboxylic acids and derivatives; Organooxygen compounds; Monocarboxylic acids and derivatives; Carboxylic acids; Diterpenoids; Carbonyl compounds; Benzenoids; Organic oxides; Hydrocarbon derivatives; Organic oxygen compounds; Chemical entities"	317.211	334	5.559	"645969423087002087"	"645969302710467731"	"761"	"BAD"
1	"C21H36O3"	"[M + H]+"	"C21H37O3+"	"Terpenoids"	0.880	"Diterpenoids"	0.690	"Labdane diterpenoids"	0.107	"Lipids and lipid-like molecules"	0.960	"Prenol lipids"	0.725	"Diterpenoids"	0.614			"Diterpenoids"	0.614	"Organic compounds; Lipids and lipid-like molecules; Alcohols and polyols; Prenol lipids; Organooxygen compounds; Cyclic alcohols and derivatives; Diterpenoids; Secondary alcohols; Carbonyl compounds; Fatty Acyls; Hydrocarbon derivatives; Organic oxygen compounds; Chemical entities"	337.273	334	5.572	"645969420956295570"	"645969302995680885"	"859"	"DECENT"
1	"C29H41NO9"	"[M + H]+"	"C29H42NO9+"	"Shikimates and Phenylpropanoids"	0.995	"Lignans"	1.000	"Dibenzocyclooctadienes lignans"	1.000	"Phenylpropanoids and polyketides"	0.816	"Tannins"	0.998	"Hydrolyzable tannins"	0.998			"Hydrolyzable tannins"	0.998	"Organic compounds; Alkyl aryl ethers; Alcohols and polyols; Anisoles; Tannins; Ethers; Phenylpropanoids and polyketides; Organonitrogen compounds; Benzodioxoles; Organooxygen compounds; Lignans, neolignans and related compounds; Dibenzocyclooctadiene lignans; Tertiary alcohols; Hydrolyzable tannins; Phenol ethers; Benzenoids; Amines; Hydrocarbon derivatives; Organopnictogen compounds; Organic oxygen compounds; Organic nitrogen compounds; Chemical entities"	548.285	350	5.835	"645969681124786858"	"645969304761485771"	"1391"	"DECENT"
1	"C26H32O6"	"[M + H]+"	"C26H33O6+"	"Polyketides"	0.769	"Aromatic polyketides"	0.318	"Depsides and depsidones"	0.577	"Organic oxygen compounds"	1.000	"Organooxygen compounds"	1.000	"Ethers"	0.704	"Alkyl aryl ethers"	0.670	"Alkyl aryl ethers"	0.670	"Organic compounds; Organoheterocyclic compounds; Lactones; Alkyl aryl ethers; Phenols; Ethers; Organic acids and derivatives; Carboxylic acids and derivatives; Organooxygen compounds; Carboxylic acid derivatives; Carboxylic acid esters; Carbonyl compounds; Benzenoids; Organic oxides; Oxacyclic compounds; Hydrocarbon derivatives; Organic oxygen compounds; 1-hydroxy-2-unsubstituted benzenoids; Chemical entities"	441.227	367	6.122	"645969474228152556"	"645969304212031041"	"1229"	"DECENT"
1	"C23H30NO3"	"[M + H]+"	"C23H31NO3+"	"Alkaloids"	0.811	"Tryptophan alkaloids"	0.456	"Simple indole alkaloids"	0.236	"Benzenoids"	0.747							"Benzenoids"	0.747	"Organic compounds; Organoheterocyclic compounds; Ethers; Organic acids and derivatives; Carboxylic acids and derivatives; Organonitrogen compounds; Organooxygen compounds; Monocarboxylic acids and derivatives; Carbonyl compounds; Benzenoids; Organic oxides; Azacyclic compounds; Oxacyclic compounds; Heteroaromatic compounds; Hydrocarbon derivatives; Organopnictogen compounds; Organic oxygen compounds; Organic nitrogen compounds; Chemical entities"	369.231	377	6.288	"645969468872026176"	"645969303410917658"	"985"	"DECENT"
