"structurePerIdRank"	"formulaRank"	"ConfidenceScoreExact"	"ConfidenceScoreApproximate"	"CSI:FingerIDScore"	"ZodiacScore"	"SiriusScore"	"molecularFormula"	"adduct"	"precursorFormula"	"InChIkey2D"	"InChI"	"name"	"smiles"	"xlogp"	"pubchemids"	"links"	"dbflags"	"ionMass"	"retentionTimeInSeconds"	"retentionTimeInMinutes"	"formulaId"	"alignedFeatureId"	"mappingFeatureId"	"overallFeatureQuality"
1	14	0.004	0.004	-208.771		59.278	"C18H22BFO3"	"[M + H]+"	"C18H23BFO3+"	"KAJYLICVMDFBOV"	"InChI=1S/C18H22BFO3/c1-12(2)15-8-9-19(22)23-18(15)7-4-13(3)10-14-5-6-17(21)16(20)11-14/h5-6,8,10-11,18,21-22H,1,4,7,9H2,2-3H3"	"2-fluoro-4-[(E)-4-(2-hydroxy-5-prop-1-en-2-yl-3,6-dihydrooxaborinin-6-yl)-2-methylbut-1-enyl]phenol"	"B1(CC=C(C(O1)CCC(=CC2=CC(=C(C=C2)O)F)C)C(=C)C)O"	4.523	"23917778"	"PUBCHEM:(23917778)"	"2"	316.175	96	1.593	"645969371169905118"	"645969302702079107"	"760"	"DECENT"
1	1	0.307	0.307	-236.805	1.000	42.559	"C9H17NO4"	"[M + H]+"	"C9H18NO4+"	"PEATYEGLPLYRIN"	"InChI=1S/C9H17NO4/c10-7(9(13)14)5-3-1-2-4-6-8(11)12/h7H,1-6,10H2,(H,11,12)(H,13,14)"	"(2S)-2-aminononanedioic acid"	"C(CCCC(=O)O)CCC(C(=O)O)N"	0.473	"154204042;88786472;107164"	"NORMAN:(NS00048020 NS00088516);PUBCHEM:(154204042 88786472 107164);DSSTox:(DTXSID40978390 DTXSID90958389)"	"137439215618"	204.123	109	1.817	"645969375724919576"	"645969300596536478"	"343"	"BAD"
1	17	0.014	0.014	-332.422		42.100	"C15H15N2O5P"	"[M + H3N + H]+"	"C15H19N3O5P+"	"BZCHSCTZUISTQK"	"InChI=1S/C15H15N2O5P/c16-11-12-17-13-23(18,21-19-14-7-3-1-4-8-14)22-20-15-9-5-2-6-10-15/h1-10,17H,12-13H2"	"2-[Bis(phenylperoxy)phosphorylmethylamino]acetonitrile"	"C1=CC=C(C=C1)OOP(=O)(CNCC#N)OOC2=CC=CC=C2"	2.600	"20545693"	"PUBCHEM:(20545693)"	"2"	352.102	145	2.416	"645969364194777255"	"645969303243145209"	"938"	"DECENT"
1	1	0.546	0.546	-101.240	0.988	66.099	"C16H14O8"	"[M + H]+"	"C16H15O8+"	"MVLIBLLSHYGYKV"	"InChI=1S/C16H14O8/c1-23-14-4-8(2-3-11(14)18)16(22)24-13-6-9(17)5-12(19)10(13)7-15(20)21/h2-6,17-19H,7H2,1H3,(H,20,21)"	"2-[2,4-Dihydroxy-6-(4-hydroxy-3-methoxybenzoyl)oxyphenyl]acetic acid"	"COC1=C(C=CC(=C1)C(=O)OC2=CC(=CC(=C2CC(=O)O)O)O)O"	1.700	"154812493"	"PUBCHEM:(154812493)"	"2"	335.076	145	2.423	"645969370830166447"	"645969302974709322"	"849"	"DECENT"
1	1	0.586	0.586	-60.198	1.000	51.178	"C42H46O22"	"[M + H]+"	"C42H47O22+"	"UDSPVVBVMAWQTL"	"InChI=1S/C42H46O22/c1-16-28(49)32(53)35(56)40(57-16)64-39-34(55)30(51)25(15-44)61-42(39)63-37-31(52)27-22(47)12-21(13-23(27)59-36(37)18-5-9-20(46)10-6-18)58-41-38(33(54)29(50)24(14-43)60-41)62-26(48)11-4-17-2-7-19(45)8-3-17/h2-13,16,24-25,28-30,32-35,38-47,49-51,53-56H,14-15H2,1H3"	"Kaempferol 3-Neohesperidoside-7-(2''-P-Coumarylglucoside)"	"CC1C(C(C(C(O1)OC2C(C(C(OC2OC3=C(OC4=CC(=CC(=C4C3=O)O)OC5C(C(C(C(O5)CO)O)O)OC(=O)C=CC6=CC=C(C=C6)O)C7=CC=C(C=C7)O)CO)O)O)O)O)O"	0.100	"154814060;74978053;162996159;162996160;162996161;71694457;131753148;10533752;44258894"	"PUBCHEMANNOTATIONBIO:(null);COCONUT:(CNP0269512);HMDB:(HMDB0041456);CHEBI:(169525);LIPIDMAPS:(LMPK12111822);SUPERNATURAL:(SN0367682);FooDB:(FDB021413);PUBCHEM:(154814060 74978053 162996159 162996160 162996161 71694457 131753148 10533752 44258894);LOTUS:(Q105270506 Q105270505);GNPS:(CCMSLIB00000848349);PUBCHEMANNOTATIONDRUG:(null);KNAPSACK:(UDSPVVBVMAWQTL-UHFFFAOYSA-N)"	"3006271546"	903.255	168	2.795	"645969372977650308"	"645969305495490182"	"1580"	"DECENT"
1	1	0.069	0.069	-438.511	0.411	114.275	"C32H42N4O8"	"[M + H3N + H]+"	"C32H46N5O8+"	"MIEGDMIQQQRLOZ"	"InChI=1S/C32H42N4O8/c1-31(2,3)43-29(40)35-27(36-30(41)44-32(4,5)6)33-18-12-11-17-25(26(37)38)34-28(39)42-19-24-22-15-9-7-13-20(22)21-14-8-10-16-23(21)24/h7-10,13-16,24-25H,11-12,17-19H2,1-6H3,(H,34,39)(H,37,38)(H2,33,35,36,40,41)"	"6-[({[(tert-butoxy)carbonyl]amino}({[(tert-butoxy)carbonyl]imino})methyl)amino]-2-({[(9H-fluoren-9-yl)methoxy]carbonyl}amino)hexanoic acid"	"CC(C)(C)OC(=O)NC(=NCCCCC(C(=O)O)NC(=O)OCC1C2=CC=CC=C2C3=CC=CC=C13)NC(=O)OC(C)(C)C"	6.500	"51340531;53809308;44542405"	"COCONUT:(CNP0090233);PUBCHEM:(51340531 53809308 44542405)"	"2097154"	628.332	201	3.349	"645969431551107871"	"645969305159945401"	"1510"	"DECENT"
1	1	0.864	0.972	-40.354	0.625	42.153	"C36H30O16"	"[M + H]+"	"C36H31O16+"	"XUDCXSSDAZIAPT"	"InChI=1S/C36H30O16/c37-12-25-30(45)32(47)33(48)36(52-25)51-24-11-21(44)26-20(43)10-22(14-3-6-17(40)18(41)7-14)49-35(26)28(24)29-31(46)27-19(42)8-16(39)9-23(27)50-34(29)13-1-4-15(38)5-2-13/h1-11,25,29-30,32-34,36-42,44-45,47-48H,12H2"	"Fukugiside"	"C1=CC(=CC=C1C2C(C(=O)C3=C(C=C(C=C3O2)O)O)C4=C(C=C(C5=C4OC(=CC5=O)C6=CC(=C(C=C6)O)O)O)OC7C(C(C(C(O7)CO)O)O)O)O"	2.700	"154884293;21550321;163090937;163090938;163090939;51003544;101560895;101973939;73157060;11968471"	"PUBCHEMANNOTATIONBIO:(null);COCONUT:(CNP0409498);HMDB:(HMDB0252512);BloodExposome:(101973939);SUPERNATURAL:(SN0440191);PUBCHEM:(154884293 21550321 163090937 163090938 163090939 51003544 101560895 101973939 73157060 11968471);LOTUS:(Q104400443 Q105342128 Q105342130 Q105342136 Q105342137 Q105342133);PUBMED:(null);KNAPSACK:(XUDCXSSDAZIAPT-UHFFFAOYSA-N)"	"292552794"	719.160	206	3.434	"645969796426203828"	"645969305298357492"	"1514"	"DECENT"
1	2	0.673	0.810	-57.801	0.417	130.895	"C15H14O3"	"[M + H]+"	"C15H15O3+"	"RDKDIPDDUFMMMT"	"InChI=1S/C15H14O3/c1-18-12-7-10-3-2-9-6-11(16)4-5-13(9)15(10)14(17)8-12/h4-8,16-17H,2-3H2,1H3"	"Lusianthridin"	"COC1=CC2=C(C3=C(CC2)C=C(C=C3)O)C(=C1)O"	3.100	"442702"	"PUBCHEMANNOTATIONBIO:(null);COCONUT:(CNP0146269);CHEBI:(28678);SUPERNATURAL:(SN0322315);KEGG:(C10257);MESH:(442702);PUBCHEM:(442702);DSSTox:(DTXSID50331917);LOTUS:(Q27103833);GNPS:(CCMSLIB00000848146);PUBMED:(null);KNAPSACK:(RDKDIPDDUFMMMT-UHFFFAOYSA-N)"	"137727316342"	243.102	234	3.894	"645969395962437267"	"645969301758359480"	"511"	"DECENT"
1	1	0.068	0.068	-344.020	1.000	172.139	"C24H40NO7P"	"[M + H]+"	"C24H41NO7P+"	"OZFCXEOGAGPYLJ"	"InChI=1S/C24H40NO7P/c1-18(2)9-6-10-19(3)11-7-12-20(4)13-8-14-21(5)15-16-32-25-23(26)22(24(27)28)17-33(29,30)31/h9,11,13,15,22H,6-8,10,12,14,16-17H2,1-5H3,(H,25,26)(H,27,28)(H2,29,30,31)"	"3-Oxo-2-(phosphonomethyl)-3-(3,7,11,15-tetramethylhexadeca-2,6,10,14-tetraenoxyamino)propanoic acid"	"CC(=CCCC(=CCCC(=CCCC(=CCONC(=O)C(CP(=O)(O)O)C(=O)O)C)C)C)C"	4.600	"15524016;54177176"	"PUBCHEM:(15524016 54177176)"	"2"	486.260	287	4.785	"645969389935222166"	"645969304534992962"	"1322"	"DECENT"
1	2	0.085	0.085	-588.463	0.120	47.997	"C56H85N17O11"	"[M + K]+"	"C56H85KN17O11+"	"OQHLEXNPLNDUKD"	"InChI=1S/C56H85N17O11/c57-24-8-7-19-38(58)47(77)68-39(20-10-26-64-56(61)62)52(82)73-29-13-23-45(73)54(84)72-28-11-21-43(72)50(80)65-32-46(76)67-40(30-35-14-3-1-4-15-35)49(79)70-42(34-75)53(83)71-27-12-22-44(71)51(81)69-41(31-36-16-5-2-6-17-36)48(78)66-37(33-74)18-9-25-63-55(59)60/h1-6,14-17,33,37-45,75H,7-13,18-32,34,57-58H2,(H,65,80)(H,66,78)(H,67,76)(H,68,77)(H,69,81)(H,70,79)(H4,59,60,63)(H4,61,62,64)"	"H-Lys-Arg-Pro-Pro-Gly-Phe-Ser-Pro-Phe-Arg-al"	"C1CC(N(C1)C(=O)C2CCCN2C(=O)C(CCCN=C(N)N)NC(=O)C(CCCCN)N)C(=O)NCC(=O)NC(CC3=CC=CC=C3)C(=O)NC(CO)C(=O)N4CCCC4C(=O)NC(CC5=CC=CC=C5)C(=O)NC(CCCN=C(N)N)C=O"	-3.100	"162393517"	"PUBCHEMANNOTATIONBIO:(null);PUBCHEM:(162393517)"	"16777218"	1210.620	295	4.913	"645969523716748106"	"645969305617125250"	"1616"	"DECENT"
1	1	0.603	0.840	-15.896	0.910	169.474	"C21H22O8"	"[M + H]+"	"C21H23O8+"	"CHXSDKWBSFDZEU"	"InChI=1S/C21H22O8/c1-23-12-8-7-11(9-13(12)24-2)18-21(28-6)17(22)16-14(29-18)10-15(25-3)19(26-4)20(16)27-5/h7-10H,1-6H3"	"Hexamethoxyflavone"	"COC1=C(C=C(C=C1)C2=C(C(=O)C3=C(C(=C(C=C3O2)OC)OC)OC)OC)OC"	3.200	"386331"	"PUBCHEMANNOTATIONBIO:(null);HMDB:(HMDB0029308);BloodExposome:(386331);LIPIDMAPS:(LMPK12113018);SUPERNATURAL:(SN0046193);MESH:(386331);FooDB:(FDB000219);PUBCHEM:(386331);COCONUT:(CNP0108353);CHEBI:(93682);DSSTox:(DTXSID701301791);LOTUS:(Q27165376);PUBCHEMANNOTATIONDRUG:(null);PUBMED:(null);KNAPSACK:(CHXSDKWBSFDZEU-UHFFFAOYSA-N)"	"140449415294"	403.138	316	5.269	"645969453306963576"	"645969304321083123"	"1262"	"DECENT"
1	1	0.219	0.219	-258.461	0.624	217.896	"C32H50O8"	"[M + H3N + H]+"	"C32H54NO8+"	"ZXXFQNXMLBUIHM"	"InChI=1S/C32H50O8/c1-27(2)14-19-18-8-9-21-28(3)15-20(34)24(36)30(5,25(37)39-6)22(28)10-11-29(21,4)31(18,17-33)12-13-32(19,23(35)16-27)26(38)40-7/h8,19-24,33-36H,9-17H2,1-7H3"	"4,8a-dimethyl 2,3,9-trihydroxy-6b-(hydroxymethyl)-4,6a,11,11,14b-pentamethyl-1,2,3,4,4a,5,6,6a,6b,7,8,8a,9,10,11,12,12a,14,14a,14b-icosahydropicene-4,8a-dicarboxylate"	"CC1(CC2C3=CCC4C(C3(CCC2(C(C1)O)C(=O)OC)CO)(CCC5C4(CC(C(C5(C)C(=O)OC)O)O)C)C)C"	4.400	"163047183;163047184;163047185"	"COCONUT:(CNP0329648);TeroMol:(TKC193813 TKC193814);SUPERNATURAL:(SN0483264);PUBCHEM:(163047183 163047184 163047185)"	"11534338"	580.384	328	5.464	"645969510680850657"	"645969304975395669"	"1459"	"DECENT"
1	1	0.380	0.380	-60.966	1.000	224.744	"C20H28O3"	"[M + H]+"	"C20H29O3+"	"MKABKMLRRKPPCP"	"InChI=1S/C20H28O3/c1-5-18(2)10-7-14-13(12-18)15(21)11-16-19(14,3)8-6-9-20(16,4)17(22)23/h5,16H,1,6-12H2,2-4H3,(H,22,23)"	"(1R,4As,7S,10Ar)-7-Ethenyl-1,4A,7-Trimethyl-9-Oxo-2,3,4,5,6,8,10,10A-Octahydrophenanthrene-1-Carboxylic Acid"	"CC1(CCC2=C(C1)C(=O)CC3C2(CCCC3(C)C(=O)O)C)C=C"	4.100	"38349732;38349737;101682238;85152308;10471031;164614651"	"PUBCHEMANNOTATIONBIO:(null);COCONUT:(CNP0292292);HMDB:(HMDB0036812);TeroMol:(TKC123357 TKC009176);SUPERNATURAL:(SN0227762);FooDB:(FDB015759);PUBCHEM:(38349732 38349737 101682238 85152308 10471031 164614651);DSSTox:(DTXSID301105498);LOTUS:(Q105165788);PUBCHEMANNOTATIONDRUG:(null);PUBMED:(null)"	"138306125898"	317.211	334	5.559	"645969423087002087"	"645969302710467731"	"761"	"BAD"
1	1	0.147	0.152	-126.520	1.000	293.165	"C21H36O3"	"[M + H]+"	"C21H37O3+"	"CZHLKVQGWWCQEG"	"InChI=1S/C21H36O3/c1-12(22)16-6-7-17-15-5-4-13-10-14(23)8-9-20(13,2)19(15)18(24)11-21(16,17)3/h12-19,22-24H,4-11H2,1-3H3"	"5-beta-Pregnane-3-alpha,11-alpha,20-beta-triol"	"CC(C1CCC2C1(CC(C3C2CCC4C3(CCC(C4)O)C)O)C)O"	3.800	"118597507;134425148;124914832;124914833;124914834;124914835;53316338;154158374;77847313;129683654;144673599;144673600;100911149;91692284;542398;99572187;99572190;99572191;99572192;108742;90316995;71308487;24982302"	"NORMAN:(NS00054455);PUBCHEM:(118597507 134425148 124914832 124914833 124914834 124914835 53316338 154158374 77847313 129683654 144673599 144673600 100911149 91692284 542398 99572187 99572190 99572191 99572192 108742 90316995 71308487 24982302);DSSTox:(DTXSID40970990 DTXSID60745526);PUBMED:(null)"	"137439215682"	337.273	334	5.572	"645969420956295570"	"645969302995680885"	"859"	"DECENT"
1	3	0.018	0.018	-611.066	0.047	177.357	"C27H43NO9"	"[M + Na]+"	"C27H43NNaO9+"	"PERKNOURAJFGFT"	"InChI=1S/C27H43NO9/c1-17(14-18(2)27(36)22(37-4)12-7-5-6-8-13-24(31)32)26(35)19(3)21(29)11-9-10-20(15-23(28)30)16-25(33)34/h7-8,12-14,18-20,22,26-27,35-36H,5-6,9-11,15-16H2,1-4H3,(H2,28,30)(H,31,32)(H,33,34)"	""	"CC(C=C(C)C(C(C)C(=O)CCCC(CC(=O)N)CC(=O)O)O)C(C(C=CCCC=CC(=O)O)OC)O"	1.300	"51694093;51694095;51694097;38361119;38361124;38361129;38361133;75110878;45359472"	"COCONUT:(CNP0461633);SUPERNATURAL:(SN0283364);PUBCHEM:(51694093 51694095 51694097 38361119 38361124 38361129 38361133 75110878 45359472)"	"3145730"	548.285	350	5.835	"645969681124786860"	"645969304761485771"	"1391"	"DECENT"
1	1	0.046	0.046	-251.111	0.998	207.138	"C26H32O6"	"[M + H]+"	"C26H33O6+"	"JWIMEQBYSVVARU"	"InChI=1S/C26H32O6/c1-27-21-15-25(31-5)23(29-3)13-19(21)17-11-9-7-8-10-12-18(17)20-14-24(30-4)26(32-6)16-22(20)28-2/h9-18H,7-8H2,1-6H3"	"3,4-bis(2,4,5-trimethoxyphenyl)cycloocta-1,5-diene"	"COC1=CC(=C(C=C1C2C=CCCC=CC2C3=CC(=C(C=C3OC)OC)OC)OC)OC"	5.500	"75041516;163190385;162960906;44521499"	"COCONUT:(CNP0232073);SUPERNATURAL:(SN0177059);PUBCHEM:(75041516 163190385 162960906 44521499);LOTUS:(Q105136176 Q105136175)"	"271581186"	441.227	367	6.122	"645969474228152556"	"645969304212031041"	"1229"	"DECENT"
1	1	-Infinity	-Infinity	-337.349	0.000	101.582	"C23H30NO3"	"[M + H]+"	"C23H31NO3+"	"ALDUPOLBKJNYLG"	"InChI=1S/C23H30NO3/c1-18(2)21(19-11-7-5-8-12-19)24(25)22(3,20-13-9-6-10-14-20)17-23(4)26-15-16-27-23/h5-14,18,21H,15-17H2,1-4H3"		"CC(C)C(C1=CC=CC=C1)N(C(C)(CC2(OCCO2)C)C3=CC=CC=C3)[O]"	4.500	"57574591"	"PUBCHEM:(57574591)"	"2"	369.231	377	6.288	"645969468872026176"	"645969303410917658"	"985"	"DECENT"
