"formulaRank"	"molecularFormula"	"adduct"	"precursorFormula"	"NPC#pathway"	"NPC#pathway Probability"	"NPC#superclass"	"NPC#superclass Probability"	"NPC#class"	"NPC#class Probability"	"ClassyFire#superclass"	"ClassyFire#superclass probability"	"ClassyFire#class"	"ClassyFire#class Probability"	"ClassyFire#subclass"	"ClassyFire#subclass Probability"	"ClassyFire#level 5"	"ClassyFire#level 5 Probability"	"ClassyFire#most specific class"	"ClassyFire#most specific class Probability"	"ClassyFire#all classifications"	"ionMass"	"retentionTimeInSeconds"	"retentionTimeInMinutes"	"formulaId"	"alignedFeatureId"	"mappingFeatureId"	"overallFeatureQuality"
1	"C15H24N2O2"	"[M + H]+"	"C15H25N2O2+"	"Alkaloids"	1.000	"Lysine alkaloids"	1.000	"Quinolizidine alkaloids"	1.000	"Alkaloids and derivatives"	0.875	"Lupin alkaloids"	0.959	"Sparteine, lupanine, and related alkaloids"	0.581			"Sparteine, lupanine, and related alkaloids"	0.581	"Organic compounds; Organoheterocyclic compounds; Amino acids, peptides, and analogues; Lactams; Delta lactams; Piperidines; Quinolizidines; Organic acids and derivatives; Carboxylic acids and derivatives; Organonitrogen compounds; Alkaloids and derivatives; Organooxygen compounds; Amino acids and derivatives; Carboxylic acid amides; Amine oxides and derivatives; Carboxylic acid derivatives; Quinolizidinones; Piperidinones; Tertiary carboxylic acid amides; Sparteine, lupanine, and related alkaloids; Carbonyl compounds; Naphthyridines; Trialkylamines; Amines; Tertiary amines; Lupin alkaloids; Trisubstituted amine oxides and derivatives; Organic oxides; Aminoxides; Azacyclic compounds; Hydrocarbon derivatives; Trialkyl amine oxides; Organopnictogen compounds; Organic oxygen compounds; Organic nitrogen compounds; Diazanaphthalenes; Chemical entities"	265.191	49	0.819	"645974697381441760"	"645974619757453996"	"635"	"DECENT"
1	"C9H10ClN5O2"	"[M + H]+"	"C9H11ClN5O2+"	"Alkaloids"	1.000	"Nicotinic acid alkaloids"	0.222	"Pyridine alkaloids"	0.221	"Organoheterocyclic compounds"	1.000	"Pyridines and derivatives"	0.997	"Halopyridines"	0.998	"2-halopyridines"	0.998	"2-halopyridines"	0.998	"Organic compounds; Organoheterocyclic compounds; Imidazolines; Pyridines and derivatives; Imidazolidines; Organohalogen compounds; Organonitrogen compounds; Guanidines; Aryl chlorides; Organic nitro compounds; Organochlorides; Nitramines; Azolines; Aryl halides; Carboximidamides; Organic 1,3-dipolar compounds; Allyl-type 1,3-dipolar organic compounds; Propargyl-type 1,3-dipolar organic compounds; Organic salts; Organic oxides; Halopyridines; Azacyclic compounds; Heteroaromatic compounds; Hydrocarbon derivatives; 2-halopyridines; Organopnictogen compounds; Organic oxygen compounds; Nitroguanidines; Organic nitrogen compounds; Chemical entities"	256.059	118	1.961	"645974683552820897"	"645974619388354835"	"577"	"DECENT"
1	"C12H19N5O3"	"[M + H]+"	"C12H20N5O3+"	"Alkaloids"	0.998	"Pseudoalkaloids (transamidation)"	0.998	"Purine alkaloids"	0.999	"Organoheterocyclic compounds"	0.999	"Imidazopyrimidines"	1.000	"Purines and purine derivatives"	1.000	"Xanthines"	1.000	"Xanthines"	1.000	"Organic compounds; Organoheterocyclic compounds; Pyrimidines and pyrimidine derivatives; Imidazoles; Lactams; Purines and purine derivatives; Xanthines; Ethers; Organic acids and derivatives; Organonitrogen compounds; Alkaloids and derivatives; Pyrimidones; Organooxygen compounds; Organic carbonic acids and derivatives; Azoles; Ureas; Purinones; Dialkyl ethers; Aminoimidazoles; Diazines; 6-oxopurines; Imidazopyrimidines; Substituted imidazoles; N-substituted imidazoles; Amines; Vinylogous amides; Organic oxides; Azacyclic compounds; Heteroaromatic compounds; Hydrocarbon derivatives; Organopnictogen compounds; Organic oxygen compounds; Organic nitrogen compounds; Chemical entities"	282.156	145	2.409	"645974699872858415"	"645974619816174317"	"644"	"DECENT"
1	"C13H12N4O3"	"[M + H]+"	"C13H13N4O3+"	"Alkaloids"	0.747	"Nicotinic acid alkaloids"	0.089	"Pyridine alkaloids"	0.088	"Benzenoids"	0.999	"Benzene and substituted derivatives"	0.999	"N-phenylureas"	0.985			"N-phenylureas"	0.985	"Organic compounds; Organoheterocyclic compounds; Nitrobenzenes; Pyridines and derivatives; Organic acids and derivatives; Organonitrogen compounds; Organooxygen compounds; Organic carbonic acids and derivatives; Ureas; Organic nitro compounds; Organic oxoazanium compounds; Carbonyl compounds; N-phenylureas; Benzene and substituted derivatives; Benzenoids; Organic zwitterions; Organic 1,3-dipolar compounds; Allyl-type 1,3-dipolar organic compounds; Propargyl-type 1,3-dipolar organic compounds; Organic salts; Organic oxides; C-nitro compounds; Azacyclic compounds; Heteroaromatic compounds; Hydrocarbon derivatives; Organopnictogen compounds; Organic oxygen compounds; Nitroaromatic compounds; Organic nitrogen compounds; Chemical entities"	273.098	192	3.208	"645974683510877847"	"645974619874894641"	"654"	"DECENT"
1	"C12H15FN4O3S"	"[M + H]+"	"C12H16FN4O3S+"	"Alkaloids"	0.094	"Small peptides"	0.006	"Cyclamides"	0.002	"Benzenoids"	0.998	"Benzene and substituted derivatives"	0.998	"Benzenesulfonamides"	0.992	"Aminobenzenesulfonamides"	0.967	"Aminobenzenesulfonamides"	0.967	"Organic compounds; Organoheterocyclic compounds; Organosulfur compounds; Benzenesulfonamides; Ethers; Organic acids and derivatives; Organohalogen compounds; Organosulfonic acids and derivatives; Organonitrogen compounds; Aniline and substituted anilines; Organooxygen compounds; Fluorobenzenes; Sulfonyls; Diazines; Organofluorides; Organosulfonamides; Aminobenzenesulfonamides; Benzene and substituted derivatives; Benzenoids; Amines; Primary amines; Aryl halides; Aminosulfonyl compounds; Organic oxides; Azacyclic compounds; Heteroaromatic compounds; Hydrocarbon derivatives; Benzenesulfonyl compounds; Organic sulfonic acids and derivatives; Organopnictogen compounds; Organic oxygen compounds; Organic nitrogen compounds; Chemical entities"	315.091	194	3.235	"645974690599251945"	"645974619904254799"	"659"	"DECENT"
1	"C17H16N2O3"	"[M + H]+"	"C17H17N2O3+"	"Alkaloids"	0.992	"Tryptophan alkaloids"	0.426	"Isoquinoline alkaloids"	0.002	"Organoheterocyclic compounds"	0.858	"Benzazepines"	0.985	"Dibenzazepines"	0.998			"Dibenzazepines"	0.998	"Organic compounds; Organoheterocyclic compounds; Azepines; Organic acids and derivatives; Carboxylic acids and derivatives; Organonitrogen compounds; Benzazepines; Dibenzazepines; Organooxygen compounds; Organic carbonic acids and derivatives; Ureas; Carboxylic acid derivatives; Monocarboxylic acids and derivatives; Carboxylic acid esters; Carbonyl compounds; Benzenoids; Organic oxides; Azacyclic compounds; Hydrocarbon derivatives; Organopnictogen compounds; Organic oxygen compounds; Organic nitrogen compounds; Chemical entities"	297.123	219	3.652	"645974682177089120"	"645974619568710106"	"605"	"DECENT"
1	"C15H13I2NO4"	"[M + H]+"	"C15H14I2NO4+"	"Amino acids and Peptides"	0.978	"Small peptides"	0.961	"Aminoacids"	0.979	"Organic acids and derivatives"	1.000	"Carboxylic acids and derivatives"	1.000	"Amino acids, peptides, and analogues"	0.998	"Amino acids and derivatives"	0.997	"Phenylalanine and derivatives"	0.989	"Organic compounds; Amino acids, peptides, and analogues; Halobenzenes; Alpha amino acids and derivatives; Phenols; Phenethylamines; Amphetamines and derivatives; Ethers; Phenylpropanoids and polyketides; Organic acids and derivatives; Carboxylic acids and derivatives; Organohalogen compounds; Organonitrogen compounds; Organooxygen compounds; Amino acids and derivatives; Monoalkylamines; Aryl iodides; Iodobenzenes; Monocarboxylic acids and derivatives; Carboxylic acids; Organoiodides; Carbonyl compounds; Benzene and substituted derivatives; Halophenols; Phenol ethers; Alpha amino acids; Benzenoids; Amines; Primary amines; Diarylethers; Phenylpropanoic acids; Iodophenols; O-iodophenols; Aryl halides; Aralkylamines; Organic oxides; L-alpha-amino acids; Hydrocarbon derivatives; Diphenylethers; Amino acids; Phenylalanine and derivatives; Organopnictogen compounds; Organic oxygen compounds; 1-hydroxy-2-unsubstituted benzenoids; Organic nitrogen compounds; Phenoxy compounds; Chemical entities"	525.900	228	3.804	"645974682537799275"	"645974628552910639"	"775"	"DECENT"
1	"C15H14O3"	"[M + H]+"	"C15H15O3+"	"Shikimates and Phenylpropanoids"	0.999	"Isoflavonoids"	0.936	"Pterocarpan"	0.606	"Phenylpropanoids and polyketides"	0.903	"Isoflavonoids"	0.915	"Isoflavans"	0.898	"Isoflavanols"	0.923	"Isoflavanols"	0.923	"Organic compounds; Organoheterocyclic compounds; Benzopyrans; Alkyl aryl ethers; Phenols; Ethers; Phenylpropanoids and polyketides; Organooxygen compounds; Isoflavans; Isoflavanols; Benzene and substituted derivatives; Benzenoids; Isoflavonoids; 1-benzopyrans; Oxacyclic compounds; Hydrocarbon derivatives; Hydroxyisoflavonoids; Organic oxygen compounds; 1-hydroxy-2-unsubstituted benzenoids; 1-hydroxy-4-unsubstituted benzenoids; Chemical entities"	243.101	245	4.092	"645974696819404986"	"645974619174445178"	"554"	"DECENT"
1	"C18H29N3O5"	"[M + H]+"	"C18H30N3O5+"	"Alkaloids"	0.665	"Ornithine alkaloids"	0.042	"Polyamines"	0.024	"Organic acids and derivatives"	0.983	"Carboxylic acids and derivatives"	0.658	"Amino acids, peptides, and analogues"	0.665	"Amino acids and derivatives"	0.665	"Carbamate esters"	0.766	"Organic compounds; Amino acids, peptides, and analogues; Organic acids and derivatives; Carboxylic acids and derivatives; Organonitrogen compounds; Carbamic acids and derivatives; Organooxygen compounds; Amino acids and derivatives; Organic carbonic acids and derivatives; Carbamate esters; Carbonyl compounds; Benzene and substituted derivatives; Benzenoids; Phenylpropanes; Organic oxides; Hydrocarbon derivatives; Organopnictogen compounds; Organic oxygen compounds; Organic nitrogen compounds; Phenoxy compounds; Chemical entities"	368.218	264	4.403	"645974698581012740"	"645974620009112541"	"681"	"DECENT"
1	"C13H13ClN2O"	"[M + H]+"	"C13H14ClN2O+"	"Alkaloids"	0.975	"Tryptophan alkaloids"	0.987	"Carboline alkaloids"	0.041	"Organoheterocyclic compounds"	0.999	"Indoles and derivatives"	0.976	"Indoles"	0.950	"3-alkylindoles"	0.830	"3-alkylindoles"	0.830	"Organic compounds; Organoheterocyclic compounds; Pyrroles; Indoles and derivatives; Organic acids and derivatives; Carboxylic acids and derivatives; Organohalogen compounds; Organonitrogen compounds; Organooxygen compounds; Carboxylic acid amides; Aryl chlorides; Carboxylic acid derivatives; Organochlorides; Primary carboxylic acid amides; Carbonyl compounds; Benzenoids; Indoles; Aryl halides; Organic oxides; Azacyclic compounds; Heteroaromatic compounds; Hydrocarbon derivatives; 3-alkylindoles; Organopnictogen compounds; Organic oxygen compounds; Organic nitrogen compounds; Chemical entities"	249.079	321	5.348	"645974702787899782"	"645974619174445176"	"553"	"DECENT"
1	"C14H13N3O5S"	"[M + H]+"	"C14H14N3O5S+"	"Alkaloids"	0.466	"Anthranilic acid alkaloids"	0.006	"Dipeptides"	0.030	"Organic acids and derivatives"	1.000	"Carboxylic acids and derivatives"	0.994	"Amino acids, peptides, and analogues"	0.993	"Amino acids and derivatives"	0.992	"Alpha amino acids and derivatives"	0.992	"Organic compounds; Organoheterocyclic compounds; Amino acids, peptides, and analogues; Alpha amino acids and derivatives; Thiazines; Organic acids and derivatives; Carboxylic acids and derivatives; Organosulfonic acids and derivatives; Organonitrogen compounds; Benzothiazines; Organooxygen compounds; Amino acids and derivatives; Carboxylic acid amides; Carboxylic acid derivatives; 1,2-thiazines; Organosulfonamides; Secondary carboxylic acid amides; Carbonyl compounds; Carboximidic acids and derivatives; Benzenoids; Carboximidic acids; 2,5-disubstituted thiazoles; N-arylamides; Imidolactams; Vinylogous acids; Organic oxides; Azacyclic compounds; Heteroaromatic compounds; Hydrocarbon derivatives; Organic sulfonic acids and derivatives; Organopnictogen compounds; Organic oxygen compounds; Organic nitrogen compounds; Chemical entities"	336.065	329	5.476	"645974718747227147"	"645974619744871070"	"632"	"DECENT"
1	"C22H24Cl2N2O4"	"[M + H]+"	"C22H25Cl2N2O4+"	"Amino acids and Peptides"	0.097	"Tyrosine alkaloids"	0.011	"Cinnamic acid amides"	0.006	"Benzenoids"	1.000	"Phenol ethers"	0.995					"Phenol ethers"	0.995	"Organic compounds; Halobenzenes; Alkyl aryl ethers; Ethers; Organic acids and derivatives; Carboxylic acids and derivatives; Organohalogen compounds; Organonitrogen compounds; Organooxygen compounds; Carboxylic acid amides; Aryl chlorides; Carboxylic acid derivatives; Chlorobenzenes; Organochlorides; Secondary carboxylic acid amides; Carbonyl compounds; Benzene and substituted derivatives; Phenol ethers; Benzenoids; Aryl halides; Organic oxides; Hydrocarbon derivatives; Organopnictogen compounds; Organic oxygen compounds; Organic nitrogen compounds; Phenoxy compounds; Chemical entities"	451.118	355	5.911	"645974740159151241"	"645974628305446148"	"715"	"DECENT"
1	"C22H24Cl2N2O4"	"[M + H]+"	"C22H25Cl2N2O4+"	"Amino acids and Peptides"	0.094	"Ornithine alkaloids"	0.013	"Cinnamic acid amides"	0.006	"Benzenoids"	1.000	"Phenol ethers"	0.995					"Phenol ethers"	0.995	"Organic compounds; Halobenzenes; Alkyl aryl ethers; Ethers; Organic acids and derivatives; Carboxylic acids and derivatives; Organohalogen compounds; Organonitrogen compounds; Organooxygen compounds; Carboxylic acid amides; Aryl chlorides; Carboxylic acid derivatives; Chlorobenzenes; Organochlorides; Secondary carboxylic acid amides; Carbonyl compounds; Benzene and substituted derivatives; Phenol ethers; Benzenoids; Aryl halides; Organic oxides; Hydrocarbon derivatives; Organopnictogen compounds; Organic oxygen compounds; Organic nitrogen compounds; Phenoxy compounds; Chemical entities"	451.118	359	5.985	"645974727383299790"	"645974628351583605"	"727"	"DECENT"
1	"C22H24Cl2N2O4"	"[M + H]+"	"C22H25Cl2N2O4+"	"Amino acids and Peptides"	0.216	"Ornithine alkaloids"	0.030	"Dipeptides"	0.010	"Benzenoids"	0.999	"Phenol ethers"	0.973					"Phenol ethers"	0.973	"Organic compounds; Halobenzenes; Alkyl aryl ethers; Ethers; Organic acids and derivatives; Carboxylic acids and derivatives; Organohalogen compounds; Organonitrogen compounds; Organooxygen compounds; Carboxylic acid amides; Aryl chlorides; Carboxylic acid derivatives; Chlorobenzenes; Organochlorides; Secondary carboxylic acid amides; Carbonyl compounds; Benzene and substituted derivatives; Phenol ethers; Benzenoids; Aryl halides; Organic oxides; Hydrocarbon derivatives; Organopnictogen compounds; Organic oxygen compounds; Organic nitrogen compounds; Phenoxy compounds; Chemical entities"	451.118	365	6.088	"645974731544049764"	"645974628309640464"	"719"	"DECENT"
1	"C35H36ClNO3S"	"[M + H]+"	"C35H37ClNO3S+"	"Alkaloids"	0.183	"Tryptophan alkaloids"	0.015	"Chalcones"	0.008	"Phenylpropanoids and polyketides"	0.856	"Linear 1,3-diarylpropanoids"	0.982					"Linear 1,3-diarylpropanoids"	0.982	"Organic compounds; Organoheterocyclic compounds; Organosulfur compounds; Lipids and lipid-like molecules; Styrenes; Pyridines and derivatives; Alcohols and polyols; Phenylpropanoids and polyketides; Fatty acids and conjugates; Organic acids and derivatives; Carboxylic acids and derivatives; Organohalogen compounds; Organonitrogen compounds; Organooxygen compounds; Hydroxy fatty acids; Aryl chlorides; Monocarboxylic acids and derivatives; Thioethers; Carboxylic acids; Quinolines and derivatives; Thia fatty acids; Organochlorides; Tertiary alcohols; Carbonyl compounds; Benzene and substituted derivatives; Benzenoids; Phenylpropanes; Aryl halides; Aromatic alcohols; Sulfenyl compounds; Linear 1,3-diarylpropanoids; Dialkylthioethers; Fatty Acyls; Organic oxides; Chloroquinolines; Azacyclic compounds; Heteroaromatic compounds; Hydrocarbon derivatives; Haloquinolines; Organic oxygen compounds; Organic nitrogen compounds; Chemical entities"	586.217	381	6.357	"645974947001254585"	"645974628963952461"	"779"	"DECENT"
