"structurePerIdRank"	"formulaRank"	"ConfidenceScoreExact"	"ConfidenceScoreApproximate"	"CSI:FingerIDScore"	"ZodiacScore"	"SiriusScore"	"molecularFormula"	"adduct"	"precursorFormula"	"InChIkey2D"	"InChI"	"name"	"smiles"	"xlogp"	"pubchemids"	"links"	"dbflags"	"ionMass"	"retentionTimeInSeconds"	"retentionTimeInMinutes"	"formulaId"	"alignedFeatureId"	"mappingFeatureId"	"overallFeatureQuality"
1	1	0.725	0.882	-36.351	1.000	152.661	"C15H24N2O2"	"[M + H]+"	"C15H25N2O2+"	"XVPBINOPNYFXID"	"InChI=1S/C15H24N2O2/c18-14-7-1-6-13-12-5-3-9-17(19)8-2-4-11(15(12)17)10-16(13)14/h11-13,15H,1-10H2"	"Oxymatrine"	"C1CC2C3CCC[N+]4(C3C(CCC4)CN2C(=O)C1)[O-]"	1.000	"21586634;21586635;124708617;124780974;124780975;124780976;124780977;5271986;86572672;137705180;7061140;7082413;124081966;156620253;129316835;129425772;90661721;71773433;131676173;114850;285670;11860506;11862104;11874615;138106884;24864132;24867691"	"PUBCHEMANNOTATIONBIO:(null);HMDB:(HMDB0248344);PUBCHEMANNOTATIONSAFETYANDTOXIC:(null);BloodExposome:(137705180 124708617 71773433 285670 114850 129316835 24864132 86572672 11862104 7082413);SUPERNATURAL:(SN0441274);HSDB:(16837-52-8);MESH:(114850 285670 7082413 11862104 24864132 71773433 86572672 124708617 129316835);PUBCHEM:(21586634 21586635 124708617 124780974 124780975 124780976 124780977 5271986 86572672 137705180 7061140 7082413 124081966 156620253 129316835 129425772 90661721 71773433 131676173 114850 285670 11860506 11862104 11874615 138106884 24864132 24867691);COCONUT:(CNP0334248);NORMAN:(NS00018296);CHEBI:(2672);KEGG:(C10749);DSSTox:(DTXSID40937482);LOTUS:(Q105343049 Q15425294 Q63396010 Q104250662);PUBCHEMANNOTATIONDRUG:(null);PUBMED:(null);KNAPSACK:(XVPBINOPNYFXID-UHFFFAOYSA-N)"	"137832432510"	265.191	49	0.819	"645974697381441760"	"645974619757453996"	"635"	"DECENT"
1	1	0.745	0.745	-9.021	1.000	85.300	"C9H10ClN5O2"	"[M + H]+"	"C9H11ClN5O2+"	"YWTYJOPNNQFBPC"	"InChI=1S/C9H10ClN5O2/c10-8-2-1-7(5-12-8)6-14-4-3-11-9(14)13-15(16)17/h1-2,5H,3-4,6H2,(H,11,13)"	"N-[3-[(6-chloropyridin-3-yl)methyl]-4,5-dihydro-1H-imidazol-3-ium-2-yl]nitramide"	"C1CN(C(=N1)N[N+](=O)[O-])CC2=CN=C(C=C2)Cl"	0.800	"86287518;16212231;135446127;137183220;135527764;135541675;44629618;86418;11586930;138396114"	"PUBCHEMANNOTATIONBIO:(null);HMDB:(HMDB0040292);PUBCHEMANNOTATIONSAFETYANDTOXIC:(null);BloodExposome:(86287518 86418);SUPERNATURAL:(SN0462400);HSDB:(138261-41-3);MESH:(86287518 135527764 135541675);FooDB:(FDB020013);PUBCHEM:(86287518 16212231 135446127 137183220 135527764 135541675 44629618 86418 11586930 138396114);GNPS:(CCMSLIB00000579564);NORMAN:(NS00000361);CHEBI:(39168 39169 5870);KEGG:(C11110);DSSTox:(DTXSID40583589 DTXSID5032442 DTXSID70892777);LOTUS:(Q420098);PUBCHEMANNOTATIONDRUG:(null);PUBMED:(null)"	"138367210350"	256.059	118	1.961	"645974683552820897"	"645974619388354835"	"577"	"DECENT"
1	1	0.885	0.919	-33.899	0.000	150.840	"C12H19N5O3"	"[M + H]+"	"C12H20N5O3+"	"ZZQHGKMTMAORFI"	"InChI=1S/C12H19N5O3/c1-15-8-9(14-11(15)13-6-5-7-20-4)16(2)12(19)17(3)10(8)18/h5-7H2,1-4H3,(H,13,14)"	"Caffeine, 8-((3-methoxypropyl)amino)-"	"CN1C2=C(N=C1NCCCOC)N(C(=O)N(C2=O)C)C"	0.100	"56998"	"PUBCHEMANNOTATIONBIO:(null);HMDB:(HMDB0247409);PUBCHEMANNOTATIONSAFETYANDTOXIC:(null);BloodExposome:(56998);SUPERNATURAL:(SN0484603);PUBCHEM:(56998);DSSTox:(DTXSID70242056)"	"137528082442"	282.156	145	2.409	"645974699872858415"	"645974619816174317"	"644"	"DECENT"
1	1	0.956	0.956	-33.436	0.000	34.778	"C13H12N4O3"	"[M + H]+"	"C13H13N4O3+"	"CLKZWXHKFXZIMA"	"InChI=1S/C13H12N4O3/c18-13(15-9-10-2-1-7-14-8-10)16-11-3-5-12(6-4-11)17(19)20/h1-8H,9H2,(H2,15,16,18)"	"Pyrinuron"	"C1=CC(=CN=C1)CNC(=O)NC2=CC=C(C=C2)[N+](=O)[O-]"	1.200	"40813"	"PUBCHEMANNOTATIONBIO:(null);NORMAN:(NS00015456);HMDB:(HMDB0256982);PUBCHEMANNOTATIONSAFETYANDTOXIC:(null);BloodExposome:(40813);HSDB:(53558-25-1);MESH:(40813);PUBCHEM:(40813);DSSTox:(DTXSID1042360);PUBCHEMANNOTATIONDRUG:(null);PUBMED:(null)"	"137560851022"	273.098	192	3.208	"645974683510877847"	"645974619874894641"	"654"	"DECENT"
1	2	0.985	0.985	-16.431	0.203	71.409	"C15H14N4O2S"	"[M + H]+"	"C15H15N4O2S+"	"QWCJHSGMANYXCW"	"InChI=1S/C15H14N4O2S/c16-12-6-8-14(9-7-12)22(20,21)18-15-10-11-17-19(15)13-4-2-1-3-5-13/h1-11,18H,16H2"	"4-amino-N-(1-phenyl-1H-pyrazol-5-yl)benzene-1-sulfonamide"	"C1=CC=C(C=C1)N2C(=CC=N2)NS(=O)(=O)C3=CC=C(C=C3)N"	2.711	"154790027;5335;117065257"	"PUBCHEMANNOTATIONBIO:(null);HMDB:(HMDB0015667);PUBCHEMANNOTATIONSAFETYANDTOXIC:(null);BloodExposome:(5335);SUPERNATURAL:(SN0316788);MESH:(5335);PUBCHEM:(154790027 5335 117065257);COCONUT:(CNP0156755);NORMAN:(NS00006369);METACYC:(CPD-20633);CHEBI:(77780);DSSTox:(DTXSID2044131);PUBCHEMANNOTATIONDRUG:(null);PUBMED:(null)"	"137563998318"	315.091	194	3.235	"645974690599251946"	"645974619904254799"	"659"	"DECENT"
1	1	0.958	0.958	-33.522	0.998	46.538	"C17H16N2O3"	"[M + H]+"	"C17H17N2O3+"	"QIALRBLEEWJACW"	"InChI=1S/C17H16N2O3/c1-11(20)22-16-10-12-6-2-4-8-14(12)19(17(18)21)15-9-5-3-7-13(15)16/h2-9,16H,10H2,1H3,(H2,18,21)"	"[(6S)-11-carbamoyl-1,2,3,5,5,8,9,10-octadeuterio-6H-benzo[b][1]benzazepin-6-yl] acetate"	"CC(=O)OC1CC2=CC=CC=C2N(C3=CC=CC=C13)C(=O)N"	2.000	"9904258;76974236;131708805;139025030;10590023;179344"	"PUBCHEMANNOTATIONBIO:(null);NORMAN:(NS00010246);HMDB:(HMDB0249971);PUBCHEMANNOTATIONSAFETYANDTOXIC:(null);BloodExposome:(10590023 179344 9904258);CHEBI:(87016);MESH:(179344 9904258);PUBCHEM:(9904258 76974236 131708805 139025030 10590023 179344);DSSTox:(DTXSID90178308);PUBCHEMANNOTATIONDRUG:(null);PUBMED:(null)"	"137560850542"	297.123	219	3.652	"645974682177089120"	"645974619568710106"	"605"	"DECENT"
1	16	0.043	0.043	-396.593		15.875	"C15H24NO4P"	"[M + H]+"	"C15H25NO4P+"	"GABJTPSVZVMCCK"	"InChI=1S/C15H24NO4P/c1-12(2)15(16,14(17)18)9-11-21(19,20)10-8-13-6-4-3-5-7-13/h3-7,12H,8-11,16H2,1-2H3,(H,17,18)(H,19,20)"	"2-amino-2-{2-[hydroxy(2-phenylethyl)phosphoryl]ethyl}-3-methylbutanoic acid"	"CC(C)C(CCP(=O)(CCC1=CC=CC=C1)O)(C(=O)O)N"	-1.200	"1559446;1559447;1559448;1559449;3707582;3934971"	"COCONUT:(CNP0210744);SUPERNATURAL:(SN0100164);PUBCHEM:(1559446 1559447 1559448 1559449 3707582 3934971)"	"3145730"	314.150	219	3.654	"645974680264486432"	"645974619589681653"	"607"	"DECENT"
1	1	0.523	0.604	-21.643	1.000	190.474	"C15H13I2NO4"	"[M + H]+"	"C15H14I2NO4+"	"ZHSOTLOTTDYIIK"	"InChI=1S/C15H13I2NO4/c16-11-5-8(7-13(18)15(20)21)6-12(17)14(11)22-10-3-1-9(19)2-4-10/h1-6,13,19H,7,18H2,(H,20,21)"	"Diiodothyronine"	"C1=CC(=CC=C1O)OC2=C(C=C(C=C2I)CC(C(=O)O)N)I"	1.100	"76974530;7155252;7155253;71574387;92859;96858;123675;44366756"	"PUBCHEMANNOTATIONBIO:(null);HMDB:(HMDB0000582);PUBCHEMANNOTATIONSAFETYANDTOXIC:(null);BloodExposome:(123675 92859);SUPERNATURAL:(SN0470693);MESH:(92859 123675);FooDB:(FDB022128);PUBCHEM:(76974530 7155252 7155253 71574387 92859 96858 123675 44366756);GNPS:(CCMSLIB00000578070);COCONUT:(CNP0163103);NORMAN:(NS00004949 NS00080286);METACYC:(CPD-11396);CHEBI:(89575 94696);DSSTox:(DTXSID101016528 DTXSID60862141 DTXSID801016529);PUBCHEMANNOTATIONDRUG:(null);PUBMED:(null)"	"138100873326"	525.900	228	3.804	"645974682537799275"	"645974628552910639"	"775"	"DECENT"
1	1	0.840	0.947	-21.709	0.757	94.639	"C15H14O3"	"[M + H]+"	"C15H15O3+"	"ADFCQWZHKCXPAJ"	"InChI=1S/C15H14O3/c16-13-4-1-10(2-5-13)12-7-11-3-6-14(17)8-15(11)18-9-12/h1-6,8,12,16-17H,7,9H2"	"Equol"	"C1C(COC2=C1C=CC(=C2)O)C3=CC=C(C=C3)O"	3.000	"6950272;76974218;10083225;45039147;91469;382975;46704424"	"PUBCHEMANNOTATIONBIO:(null);HMDB:(HMDB0002209 HMDB0243678);MiMeDB:(MMDBc0057093);PUBCHEMANNOTATIONSAFETYANDTOXIC:(null);BloodExposome:(382975 6950272 91469);LIPIDMAPS:(LMPK12080003);SUPERNATURAL:(SN0002449);MESH:(91469 382975);FooDB:(FDB021824);PUBCHEM:(6950272 76974218 10083225 45039147 91469 382975 46704424);GNPS:(CCMSLIB00003136888);COCONUT:(CNP0121737);NORMAN:(NS00004245 NS00080417 NS00096462);METACYC:(CPD-14115 CPD-24006 CPD-24160 CPD-24424 CPD-24425 Methoxybenzenes);CHEBI:(156169 181441 34741);KEGG:(C14131);DSSTox:(DTXSID0022309 DTXSID101318590 DTXSID7058705);LOTUS:(Q5384747);PUBCHEMANNOTATIONDRUG:(null);PUBMED:(null);KNAPSACK:(ADFCQWZHKCXPAJ-UHFFFAOYSA-N)"	"141590534526"	243.101	245	4.092	"645974696819404986"	"645974619174445178"	"554"	"DECENT"
1	1	0.363	0.363	-158.089	0.999	50.107	"C18H29N3O5"	"[M + H]+"	"C18H30N3O5+"	"ANZXOIAKUNOVQU"	"InChI=1S/C18H29N3O5/c1-18(2,3)19-11-15(22)12-8-13(25-16(23)20(4)5)10-14(9-12)26-17(24)21(6)7/h8-10,15,19,22H,11H2,1-7H3"	"3-[2-(tert-butylamino)-1-hydroxyethyl]-5-[(dimethylcarbamoyl)oxy]phenyl N,N-dimethylcarbamate"	"CC(C)(C)NCC(C1=CC(=CC(=C1)OC(=O)N(C)C)OC(=O)N(C)C)O"	1.200	"6604443;38988636;25273582;54766;117065267;11726467;71313618"	"PUBCHEMANNOTATIONBIO:(null);COCONUT:(CNP0349284);NORMAN:(NS00003068);HMDB:(HMDB0015478);BloodExposome:(54766 54765 6604443 11726467);CHEBI:(59183 59167 59182 59180 553827 59179);SUPERNATURAL:(SN0010684);MESH:(54766);PUBCHEM:(6604443 38988636 25273582 54766 117065267 11726467 71313618);DSSTox:(DTXSID5048550 DTXSID8045515);GNPS:(CCMSLIB00000085365);PUBCHEMANNOTATIONDRUG:(null);PUBMED:(null)"	"137496891502"	368.218	264	4.403	"645974698581012740"	"645974620009112541"	"681"	"DECENT"
1	1	0.971	0.971	-29.357	0.999	51.511	"C13H13ClN2O"	"[M + H]+"	"C13H14ClN2O+"	"FUZYTVDVLBBXDL"	"InChI=1S/C13H13ClN2O/c14-7-4-5-11-10(6-7)8-2-1-3-9(13(15)17)12(8)16-11/h4-6,9,16H,1-3H2,(H2,15,17)"	"6-chloro-2,3,4,9-tetrahydro-1H-carbazole-1-carboxamide"	"C1CC(C2=C(C1)C3=C(N2)C=CC(=C3)Cl)C(=O)N"	2.500	"5113032;140796446;707029;707032;143445869;129316132;129316133"	"PUBCHEMANNOTATIONBIO:(null);NORMAN:(NS00068212);HMDB:(HMDB0246699);PUBCHEMANNOTATIONSAFETYANDTOXIC:(null);BloodExposome:(5113032);CHEBI:(90370 90369 90371);MESH:(5113032);PUBCHEM:(5113032 140796446 707029 707032 143445869 129316132 129316133);DSSTox:(DTXSID10964442);PUBCHEMANNOTATIONDRUG:(null);PUBMED:(null)"	"137560850542"	249.079	321	5.348	"645974702787899782"	"645974619174445176"	"553"	"DECENT"
1	1	0.735	0.750	-34.501	0.155	30.899	"C14H13N3O5S"	"[M + H]+"	"C14H14N3O5S+"	"YYUAYBYLJSNDCX"	"InChI=1S/C14H13N3O5S/c1-8-7-11(16-22-8)15-14(19)12-13(18)9-5-3-4-6-10(9)23(20,21)17(12)2/h3-7,18H,1-2H3,(H,15,16,19)"	"4-hydroxy-2-methyl-N-(5-methyl-2,3-dihydro-1,2-oxazol-3-ylidene)-1,1-dioxo-2H-1λ⁶,2-benzothiazine-3-carboxamide"	"CC1=CC(=NO1)NC(=O)C2=C(C3=CC=CC=C3S(=O)(=O)N2C)O"	1.552	"54677972"	"PUBCHEMANNOTATIONBIO:(null);HMDB:(HMDB0253714);PUBCHEMANNOTATIONSAFETYANDTOXIC:(null);BloodExposome:(54677972);SUPERNATURAL:(SN0463926);MESH:(54677972);PUBCHEM:(54677972);COCONUT:(CNP0335860);NORMAN:(NS00015434);METACYC:(CPD-25105);CHEBI:(76163);DSSTox:(DTXSID0045462);LOTUS:(Q22075801);PUBCHEMANNOTATIONDRUG:(null);PUBMED:(null)"	"137832433774"	336.065	329	5.476	"645974718747227147"	"645974619744871070"	"632"	"DECENT"
1	1	0.979	0.979	-53.059	0.600	88.381	"C22H24Cl2N2O4"	"[M + H]+"	"C22H25Cl2N2O4+"	"HJGMCDHQPXTGAV"	"InChI=1S/C22H24Cl2N2O4/c23-15-1-9-19(10-2-15)29-13-21(27)25-17-5-7-18(8-6-17)26-22(28)14-30-20-11-3-16(24)4-12-20/h1-4,9-12,17-18H,5-8,13-14H2,(H,25,27)(H,26,28)"	"Isrib"	"C1CC(CCC1NC(=O)COC2=CC=C(C=C2)Cl)NC(=O)COC3=CC=C(C=C3)Cl"	4.800	"1011240"	"PUBCHEMANNOTATIONBIO:(null);HMDB:(HMDB0253718);BloodExposome:(1011240);MESH:(1011240);PUBCHEM:(1011240);DSSTox:(DTXSID601045380);PUBMED:(null)"	"137459925070"	451.118	355	5.911	"645974740159151241"	"645974628305446148"	"715"	"DECENT"
1	1	0.983	0.983	-60.237	0.609	79.009	"C22H24Cl2N2O4"	"[M + H]+"	"C22H25Cl2N2O4+"	"HJGMCDHQPXTGAV"	"InChI=1S/C22H24Cl2N2O4/c23-15-1-9-19(10-2-15)29-13-21(27)25-17-5-7-18(8-6-17)26-22(28)14-30-20-11-3-16(24)4-12-20/h1-4,9-12,17-18H,5-8,13-14H2,(H,25,27)(H,26,28)"	"Isrib"	"C1CC(CCC1NC(=O)COC2=CC=C(C=C2)Cl)NC(=O)COC3=CC=C(C=C3)Cl"	4.800	"1011240"	"PUBCHEMANNOTATIONBIO:(null);HMDB:(HMDB0253718);BloodExposome:(1011240);MESH:(1011240);PUBCHEM:(1011240);DSSTox:(DTXSID601045380);PUBMED:(null)"	"137459925070"	451.118	359	5.985	"645974727383299790"	"645974628351583605"	"727"	"DECENT"
1	1	0.982	0.982	-108.409	0.932	62.529	"C22H24Cl2N2O4"	"[M + H]+"	"C22H25Cl2N2O4+"	"HJGMCDHQPXTGAV"	"InChI=1S/C22H24Cl2N2O4/c23-15-1-9-19(10-2-15)29-13-21(27)25-17-5-7-18(8-6-17)26-22(28)14-30-20-11-3-16(24)4-12-20/h1-4,9-12,17-18H,5-8,13-14H2,(H,25,27)(H,26,28)"	"Isrib"	"C1CC(CCC1NC(=O)COC2=CC=C(C=C2)Cl)NC(=O)COC3=CC=C(C=C3)Cl"	4.800	"1011240"	"PUBCHEMANNOTATIONBIO:(null);HMDB:(HMDB0253718);BloodExposome:(1011240);MESH:(1011240);PUBCHEM:(1011240);DSSTox:(DTXSID601045380);PUBMED:(null)"	"137459925070"	451.118	365	6.088	"645974731544049764"	"645974628309640464"	"719"	"DECENT"
1	1	0.727	0.727	-19.702	1.000	118.657	"C35H36ClNO3S"	"[M + H]+"	"C35H37ClNO3S+"	"UCHDWCPVSPXUMX"	"InChI=1S/C35H36ClNO3S/c1-34(2,40)30-9-4-3-7-25(30)13-17-32(41-23-35(18-19-35)22-33(38)39)27-8-5-6-24(20-27)10-15-29-16-12-26-11-14-28(36)21-31(26)37-29/h3-12,14-16,20-21,32,40H,13,17-19,22-23H2,1-2H3,(H,38,39)"	"2-(1-{[(1-{3-[2-(7-chloroquinolin-2-yl)ethenyl]phenyl}-3-[2-(2-hydroxypropan-2-yl)phenyl]propyl)sulfanyl]methyl}cyclopropyl)acetic acid"	"CC(C)(C1=CC=CC=C1CCC(C2=CC=CC(=C2)C=CC3=NC4=C(C=CC(=C4)Cl)C=C3)SCC5(CC5)CC(=O)O)O"	7.700	"6540473;5230878;5281040;5284590;6308453;6321213;16760213;140645139;92402732;25144508;25144509;25144510;25144656;25144657;25144658;25144796;25144797;25144798;25144799;131706861;45039960;59603404;4248;60951;57345775;57369300;143861622;24771777"	"PUBCHEMANNOTATIONBIO:(null);HMDB:(HMDB0014614 HMDB0247798);PUBCHEMANNOTATIONSAFETYANDTOXIC:(null);BloodExposome:(5281040 23663996 60951);SUPERNATURAL:(SN0366576);HSDB:(158966-92-8);MESH:(5281040);PUBCHEM:(6540473 5230878 5281040 5284590 6308453 6321213 16760213 140645139 92402732 25144508 25144509 25144510 25144656 25144657 25144658 25144796 25144797 25144798 25144799 131706861 45039960 59603404 4248 60951 57345775 57369300 143861622 24771777);COCONUT:(CNP0349180);NORMAN:(NS00001064 NS00076434);CHEBI:(124928 94358 6993 50730 94710 49165);KEGG:(C07482);DSSTox:(DTXSID501010089 DTXSID60931503 DTXSID8046450 DTXSID901024408 DTXSID9023334);PUBCHEMANNOTATIONDRUG:(null);PUBMED:(null)"	"137563997038"	586.217	381	6.357	"645974947001254585"	"645974628963952461"	"779"	"DECENT"
