"formulaRank"	"molecularFormula"	"adduct"	"precursorFormula"	"NPC#pathway"	"NPC#pathway Probability"	"NPC#superclass"	"NPC#superclass Probability"	"NPC#class"	"NPC#class Probability"	"ClassyFire#superclass"	"ClassyFire#superclass probability"	"ClassyFire#class"	"ClassyFire#class Probability"	"ClassyFire#subclass"	"ClassyFire#subclass Probability"	"ClassyFire#level 5"	"ClassyFire#level 5 Probability"	"ClassyFire#most specific class"	"ClassyFire#most specific class Probability"	"ClassyFire#all classifications"	"ionMass"	"retentionTimeInSeconds"	"retentionTimeInMinutes"	"formulaId"	"alignedFeatureId"	"mappingFeatureId"	"overallFeatureQuality"
1	"C19H35NO12"	"[M + H]+"	"C19H36NO12+"	"Carbohydrates"	0.960	"Saccharides"	0.308	"Polysaccharides"	0.098	"Organic oxygen compounds"	1.000	"Organooxygen compounds"	0.998	"Carbohydrates and carbohydrate conjugates"	0.990	"Aminosaccharides"	0.742	"Aminoglycosides"	0.716	"Organic compounds; Organoheterocyclic compounds; Carbohydrates and carbohydrate conjugates; Alcohols and polyols; Ethers; Organic acids and derivatives; Organonitrogen compounds; Aminoglycosides; Organooxygen compounds; Monosaccharides; Acetals; Secondary alcohols; Carbonyl compounds; 1,2-aminoalcohols; Oxanes; Glycosyl compounds; O-glycosyl compounds; Polyols; Amines; Alkanolamines; Aminosaccharides; Organic oxides; Oxacyclic compounds; Hydrocarbon derivatives; Organopnictogen compounds; Organic oxygen compounds; Organic nitrogen compounds; Chemical entities"	470.223	28	0.462	"645955069430877664"	"645955009670430040"	"1256"	"BAD"
1	"C24H27N7O7S"	"[M + H]+"	"C24H28N7O7S+"	"Alkaloids"	0.513	"Oligopeptides"	0.083	"Cyclamides"	0.080	"Benzenoids"	0.997	"Benzene and substituted derivatives"	0.972	"Benzoic acids and derivatives"	0.695	"Methoxybenzoic acids and derivatives"	0.564	"M-methoxybenzoic acids and derivatives"	0.527	"Organic compounds; Organoheterocyclic compounds; Organosulfur compounds; Alkyl aryl ethers; Anisoles; Benzoic acids and derivatives; Ethers; Organic acids and derivatives; Carboxylic acids and derivatives; Organonitrogen compounds; Benzoyl derivatives; Organooxygen compounds; Azoles; Carboxylic acid amides; Carboxylic acid derivatives; Hydroxybenzoic acid derivatives; Benzene and substituted derivatives; Phenol ethers; Methoxybenzoic acids and derivatives; M-methoxybenzoic acids and derivatives; Benzenoids; Organic oxides; Methoxybenzenes; Azacyclic compounds; Heteroaromatic compounds; Hydrocarbon derivatives; Organopnictogen compounds; Organic oxygen compounds; Organic nitrogen compounds; Phenoxy compounds; Chemical entities"	558.181	121	2.010	"645955077710434204"	"645955010035335167"	"1364"	"DECENT"
1	"C34H42O20"	"[M + H]+"	"C34H43O20+"	"Shikimates and Phenylpropanoids"	1.000	"Flavonoids"	1.000	"Flavonols"	1.000	"Phenylpropanoids and polyketides"	0.999	"Flavonoids"	0.999	"Flavonoid glycosides"	0.999	"Flavonoid O-glycosides"	0.999	"Flavonoid-3-O-glycosides"	0.992	"Organic compounds; Organoheterocyclic compounds; Carbohydrates and carbohydrate conjugates; Pyrans; Benzopyrans; Alkyl aryl ethers; Alcohols and polyols; Phenols; Anisoles; Chromones; Oligosaccharides; Ethers; Phenylpropanoids and polyketides; Organic acids and derivatives; Organooxygen compounds; Flavonoids; Pyranones and derivatives; Flavonoid glycosides; Flavonoid O-glycosides; Flavones; Acetals; Secondary alcohols; Oxanes; Glycosyl compounds; O-glycosyl compounds; Benzene and substituted derivatives; Polyols; Phenol ethers; Benzenoids; O-methylated flavonoids; 7-O-methylated flavonoids; 4'-hydroxyflavonoids; Hydroxyflavonoids; 5-hydroxyflavonoids; 7-hydroxyflavonoids; 1-benzopyrans; Flavonoid-3-O-glycosides; Vinylogous acids; Organic oxides; Oxacyclic compounds; Heteroaromatic compounds; Hydrocarbon derivatives; Organic oxygen compounds; 1-hydroxy-2-unsubstituted benzenoids; 1-hydroxy-4-unsubstituted benzenoids; Chemical entities"	771.233	126	2.104	"645955093057393356"	"645955010446377784"	"1468"	"DECENT"
1	"C16H20O3"	"[M + H]+"	"C16H21O3+"	"Terpenoids"	0.530	"Aromatic polyketides"	0.155	"Estrane steroids"	0.128	"Organic oxygen compounds"	1.000	"Organooxygen compounds"	1.000	"Ethers"	0.572	"Alkyl aryl ethers"	0.576	"Alkyl aryl ethers"	0.576	"Organic compounds; Alkyl aryl ethers; Phenols; Ethers; Organooxygen compounds; Carbonyl compounds; Benzenoids; Organic oxides; Hydrocarbon derivatives; Organic oxygen compounds; 1-hydroxy-2-unsubstituted benzenoids; Chemical entities"	261.148	185	3.085	"645955095343289122"	"645955007539720335"	"668"	"DECENT"
1	"C38H36O10"	"[M + H]+"	"C38H37O10+"	"Shikimates and Phenylpropanoids"	0.985	"Lignans"	0.656	"Linear diarylheptanoids"	0.425	"Phenylpropanoids and polyketides"	0.972	"Diarylheptanoids"	0.491	"Linear diarylheptanoids"	0.470	"Curcuminoids"	0.604	"Curcuminoids"	0.604	"Organic compounds; Lipids and lipid-like molecules; Styrenes; Coumaric acids and derivatives; Alkyl aryl ethers; Alcohols and polyols; Phenols; Anisoles; Methoxyphenols; Ethers; Phenylpropanoids and polyketides; Organic acids and derivatives; Carboxylic acids and derivatives; Organooxygen compounds; Fatty acid esters; Curcuminoids; Cinnamic acids and derivatives; Carboxylic acid derivatives; Carboxylic acid esters; Hydroxycinnamic acids and derivatives; Secondary alcohols; Carbonyl compounds; Benzene and substituted derivatives; Phenol ethers; Benzenoids; Cinnamic acid esters; Enoate esters; Alpha,beta-unsaturated carboxylic esters; Fatty Acyls; Organic oxides; Methoxybenzenes; Hydrocarbon derivatives; Organic oxygen compounds; 1-hydroxy-2-unsubstituted benzenoids; Phenoxy compounds; Chemical entities"	653.243	226	3.773	"645955095703999284"	"645955010190524694"	"1404"	"DECENT"
1	"C38H36O10"	"[M + H3N + H]+"	"C38H40NO10+"	"Shikimates and Phenylpropanoids"	0.980	"Lignans"	0.485	"Phenylethanoids"	0.347	"Phenylpropanoids and polyketides"	0.968	"Cinnamic acids and derivatives"	0.968	"Hydroxycinnamic acids and derivatives"	0.970	"Coumaric acids and derivatives"	0.964	"Coumaric acids and derivatives"	0.964	"Organic compounds; Organoheterocyclic compounds; Carbohydrates and carbohydrate conjugates; Lipids and lipid-like molecules; Styrenes; Coumaric acids and derivatives; Alkyl aryl ethers; Alcohols and polyols; Phenols; Anisoles; Methoxyphenols; Ethers; Phenylpropanoids and polyketides; Organic acids and derivatives; Carboxylic acids and derivatives; Organooxygen compounds; Fatty acid esters; Cinnamic acids and derivatives; Carboxylic acid derivatives; Monocarboxylic acids and derivatives; Carboxylic acid esters; Hydroxycinnamic acids and derivatives; Monosaccharides; Acetals; Secondary alcohols; Carbonyl compounds; Oxanes; Glycosyl compounds; O-glycosyl compounds; Benzene and substituted derivatives; Polyols; Phenol ethers; Benzenoids; Cinnamic acid esters; Enoate esters; Alpha,beta-unsaturated carboxylic esters; Fatty Acyls; Organic oxides; Methoxybenzenes; Oxacyclic compounds; Hydrocarbon derivatives; Organic oxygen compounds; 1-hydroxy-2-unsubstituted benzenoids; Phenoxy compounds; Chemical entities"	670.270	226	3.773	"645955099772474328"	"645955010266022376"	"1430"	"DECENT"
1	"C22H32N4O4"	"[M + H]+"	"C22H33N4O4+"	"Amino acids and Peptides"	0.617	"Linear polyketides"	0.150	"Erythromycins"	0.185	"Lipids and lipid-like molecules"	0.536							"Lipids and lipid-like molecules"	0.536	"Organic compounds; Organoheterocyclic compounds; Lipids and lipid-like molecules; Organic acids and derivatives; Carboxylic acids and derivatives; Organonitrogen compounds; Organooxygen compounds; Azoles; Carboxylic acid amides; Carboxylic acid derivatives; Monocarboxylic acids and derivatives; Primary carboxylic acid amides; Carbonyl compounds; Organic oxides; Azacyclic compounds; Heteroaromatic compounds; Hydrocarbon derivatives; Organopnictogen compounds; Organic oxygen compounds; Organic nitrogen compounds; Chemical entities"	417.248	230	3.829	"645955107997504796"	"645955009175501316"	"1110"	"DECENT"
1	"C21H36O8"	"[M + H3N + H]+"	"C21H40NO8+"	"Terpenoids"	0.947	"Apocarotenoids"	0.566	"Megastigmanes"	0.560	"Lipids and lipid-like molecules"	0.931	"Prenol lipids"	0.799	"Terpene glycosides"	0.551			"Terpene glycosides"	0.551	"Organic compounds; Organoheterocyclic compounds; Carbohydrates and carbohydrate conjugates; Lipids and lipid-like molecules; Alcohols and polyols; Ethers; Prenol lipids; Primary alcohols; Organooxygen compounds; Hexoses; Monosaccharides; Sesquiterpenoids; Acetals; Secondary alcohols; Carbonyl compounds; Oxanes; Terpene glycosides; Glycosyl compounds; O-glycosyl compounds; Polyols; Fatty Acyls; Organic oxides; Oxacyclic compounds; Hydrocarbon derivatives; Organic oxygen compounds; Chemical entities"	434.274	230	3.829	"645955114553202206"	"645955009393605479"	"1177"	"DECENT"
1	"C38H36O10"	"[M + H3N + H]+"	"C38H40NO10+"	"Shikimates and Phenylpropanoids"	0.988	"Phenylethanoids (C6-C2)"	0.662	"Phenylethanoids"	0.666	"Phenylpropanoids and polyketides"	0.993	"Cinnamic acids and derivatives"	0.994	"Hydroxycinnamic acids and derivatives"	0.988	"Coumaric acids and derivatives"	0.985	"Coumaric acids and derivatives"	0.985	"Organic compounds; Organoheterocyclic compounds; Carbohydrates and carbohydrate conjugates; Lipids and lipid-like molecules; Styrenes; Coumaric acids and derivatives; Alkyl aryl ethers; Alcohols and polyols; Phenols; Anisoles; Methoxyphenols; Ethers; Phenylpropanoids and polyketides; Organic acids and derivatives; Carboxylic acids and derivatives; Organooxygen compounds; Fatty acid esters; Cinnamic acids and derivatives; Carboxylic acid derivatives; Monocarboxylic acids and derivatives; Carboxylic acid esters; Hydroxycinnamic acids and derivatives; Acetals; Secondary alcohols; Carbonyl compounds; Oxanes; Glycosyl compounds; O-glycosyl compounds; Benzene and substituted derivatives; Polyols; Phenol ethers; Benzenoids; Cinnamic acid esters; Enoate esters; Alpha,beta-unsaturated carboxylic esters; Fatty Acyls; Organic oxides; Methoxybenzenes; Oxacyclic compounds; Hydrocarbon derivatives; Organic oxygen compounds; 1-hydroxy-2-unsubstituted benzenoids; Phenoxy compounds; Chemical entities"	670.270	236	3.935	"645955106206536943"	"645955010266022384"	"1434"	"DECENT"
1	"C16H22O6"	"[M + H]+"	"C16H23O6+"	"Polyketides"	0.926	"Macrolides"	0.534	"Macrolide lactones"	0.214	"Organic acids and derivatives"	0.956	"Carboxylic acids and derivatives"	0.862	"Carboxylic acid derivatives"	0.610	"Carboxylic acid esters"	0.513	"Carboxylic acid esters"	0.513	"Organic compounds; Organoheterocyclic compounds; Lactones; Alcohols and polyols; Ethers; Organic acids and derivatives; Carboxylic acids and derivatives; Organooxygen compounds; Carboxylic acid derivatives; Monocarboxylic acids and derivatives; Carboxylic acid esters; Secondary alcohols; Carbonyl compounds; Organic oxides; Oxacyclic compounds; Hydrocarbon derivatives; Organic oxygen compounds; Chemical entities"	311.149	237	3.955	"645955124565006427"	"645955008168866807"	"834"	"DECENT"
1	"C44H77NO21"	"[M + H]+"	"C44H78NO21+"	"Alkaloids"	0.615	"Pseudoalkaloids (transamidation)"	0.729	"Steroidal alkaloids"	0.829	"Lipids and lipid-like molecules"	0.964	"Steroids and steroid derivatives"	0.853	"Steroidal glycosides"	0.633	"Steroidal saponins"	0.502	"Steroidal saponins"	0.502	"Organic compounds; Organoheterocyclic compounds; Carbohydrates and carbohydrate conjugates; Lipids and lipid-like molecules; Alcohols and polyols; Oligosaccharides; Ethers; Steroids and steroid derivatives; Prenol lipids; Organonitrogen compounds; Primary alcohols; Organooxygen compounds; Steroidal glycosides; Disaccharides; Diterpenoids; Acetals; Secondary alcohols; Diterpene glycosides; Oxanes; Terpene glycosides; Glycosyl compounds; O-glycosyl compounds; Polyols; Azasteroids and derivatives; Steroidal saponins; Amines; Steroidal alkaloids; Oxacyclic compounds; Hydrocarbon derivatives; Organopnictogen compounds; Organic oxygen compounds; Organic nitrogen compounds; Chemical entities"	956.505	237	3.955	"645955120009991914"	"645955010618344528"	"1506"	"DECENT"
1	"C10H15ClN2O"	"[M + H]+"	"C10H16ClN2O+"	"Terpenoids"	0.924	"Monoterpenoids"	0.832	"Menthane monoterpenoids"	0.205	"Lipids and lipid-like molecules"	0.406	"Prenol lipids"	0.484	"Monoterpenoids"	0.501			"Monoterpenoids"	0.501	"Organic compounds; Organic acids and derivatives; Organohalogen compounds; Organonitrogen compounds; Organooxygen compounds; Organochlorides; Monoterpenoids; Organic oxides; Hydrocarbon derivatives; Organopnictogen compounds; Organic oxygen compounds; Organic nitrogen compounds; Chemical entities"	215.093	239	3.975	"645955122547546040"	"645955007413891016"	"633"	"BAD"
1	"C16H18O4"	"[M + H]+"	"C16H19O4+"	"Shikimates and Phenylpropanoids"	0.998	"Stilbenoids"	0.996	"Monomeric stilbenes"	0.995	"Phenylpropanoids and polyketides"	0.921	"Stilbenes"	0.959					"Stilbenes"	0.959	"Organic compounds; Alkyl aryl ethers; Phenols; Anisoles; Methoxyphenols; Stilbenes; Ethers; Phenylpropanoids and polyketides; Organooxygen compounds; Benzene and substituted derivatives; Phenol ethers; Benzenoids; Methoxybenzenes; Hydrocarbon derivatives; Organic oxygen compounds; 1-hydroxy-2-unsubstituted benzenoids; 1-hydroxy-4-unsubstituted benzenoids; Phenoxy compounds; Chemical entities"	275.128	279	4.648	"645955134748777162"	"645955007371947964"	"630"	"DECENT"
1	"C16H21NO4"	"[M + H]+"	"C16H22NO4+"	"Alkaloids"	0.909	"Tyrosine alkaloids"	0.992	"Phenylethylamines"	0.962	"Benzenoids"	0.977	"Benzene and substituted derivatives"	0.881	"Phenethylamines"	0.653			"Phenethylamines"	0.653	"Organic compounds; Alkyl aryl ethers; Phenols; Anisoles; Phenethylamines; Ethers; Organonitrogen compounds; Organooxygen compounds; Monoalkylamines; Dialkylamines; Benzene and substituted derivatives; Phenol ethers; Benzenoids; Amines; Primary amines; Secondary amines; Aralkylamines; Methoxybenzenes; Hydrocarbon derivatives; Organopnictogen compounds; Organic oxygen compounds; 1-hydroxy-2-unsubstituted benzenoids; Organic nitrogen compounds; Phenoxy compounds; Chemical entities"	292.154	279	4.650	"645955140717272159"	"645955007573274775"	"669"	"DECENT"
1	"C63H100O30"	"[M + H]+"	"C63H101O30+"	"Terpenoids"	0.996	"Triterpenoids"	0.998	"Ursane and Taraxastane triterpenoids"	0.797	"Lipids and lipid-like molecules"	0.998	"Prenol lipids"	0.997	"Terpene glycosides"	0.958	"Triterpene glycosides"	0.952	"Triterpene saponins"	0.952	"Organic compounds; Organoheterocyclic compounds; Carbohydrates and carbohydrate conjugates; Lipids and lipid-like molecules; Alcohols and polyols; Oligosaccharides; Ethers; Steroids and steroid derivatives; Prenol lipids; Organic acids and derivatives; Carboxylic acids and derivatives; Primary alcohols; Organooxygen compounds; Carboxylic acid derivatives; Monocarboxylic acids and derivatives; Carboxylic acid esters; Cyclic alcohols and derivatives; Hydroxysteroids; Triterpenoids; Triterpene glycosides; Acetals; Secondary alcohols; Carbonyl compounds; Oxanes; Terpene glycosides; Glycosyl compounds; O-glycosyl compounds; Polyols; Triterpene saponins; 12-hydroxysteroids; 12-alpha-hydroxysteroids; Organic oxides; Oxacyclic compounds; Hydrocarbon derivatives; Organic oxygen compounds; Chemical entities"	1337.637	297	4.944	"645955151031066261"	"645955010765145427"	"1540"	"DECENT"
1	"C20H32O3"	"[M + H]+"	"C20H33O3+"	"Terpenoids"	0.684	"Diterpenoids"	0.656	"Tetracyclic diterpenoids"	0.124	"Lipids and lipid-like molecules"	0.913	"Prenol lipids"	0.533					"Prenol lipids"	0.533	"Organic compounds; Lipids and lipid-like molecules; Alcohols and polyols; Prenol lipids; Primary alcohols; Organooxygen compounds; Secondary alcohols; Hydrocarbon derivatives; Organic oxygen compounds; Chemical entities"	321.242	301	5.016	"645955137701567359"	"645955007959151297"	"780"	"BAD"
1	"C32H38O14"	"[M + H]+"	"C32H39O14+"	"Shikimates and Phenylpropanoids"	1.000	"Flavonoids"	0.999	"Flavonols"	0.999	"Phenylpropanoids and polyketides"	0.998	"Flavonoids"	0.997	"Flavonoid glycosides"	0.997	"Flavonoid O-glycosides"	0.995	"Flavonoid-3-O-glycosides"	0.980	"Organic compounds; Organoheterocyclic compounds; Carbohydrates and carbohydrate conjugates; Pyrans; Benzopyrans; Alkyl aryl ethers; Alcohols and polyols; Phenols; Anisoles; Chromones; Ethers; Phenylpropanoids and polyketides; Organic acids and derivatives; Organooxygen compounds; Flavonoids; Pyranones and derivatives; Flavonoid glycosides; Disaccharides; Flavonoid O-glycosides; Flavones; Acetals; Secondary alcohols; Oxanes; Glycosyl compounds; O-glycosyl compounds; Benzene and substituted derivatives; Polyols; Phenol ethers; Benzenoids; O-methylated flavonoids; 4'-O-methylated flavonoids; Hydroxyflavonoids; 5-hydroxyflavonoids; 1-benzopyrans; 8-prenylated flavones; Flavonoid-3-O-glycosides; Flavonoid-7-O-glycosides; Vinylogous acids; Organic oxides; Methoxybenzenes; Oxacyclic compounds; Heteroaromatic compounds; Hydrocarbon derivatives; Phenolic glycosides; Organic oxygen compounds; 1-hydroxy-2-unsubstituted benzenoids; Phenoxy compounds; Chemical entities"	647.233	327	5.444	"645955206521711668"	"645955010236662142"	"1416"	"DECENT"
1	"C55H82O20"	"[M + H3N + H]+"	"C55H86NO20+"	"Fatty acids"	0.877	"Fatty acyl glycosides"	0.769	"Rhamnolipids"	0.549	"Lipids and lipid-like molecules"	0.991	"Fatty Acyls"	0.991	"Fatty acyl glycosides"	0.727	"Alkyl glycosides"	0.627	"Alkyl glycosides"	0.627	"Organic compounds; Carbohydrates and carbohydrate conjugates; Lipids and lipid-like molecules; Alcohols and polyols; Sugar acids and derivatives; Organic acids and derivatives; Carboxylic acids and derivatives; Organooxygen compounds; Fatty acid esters; Hydroxy acids and derivatives; Carboxylic acid derivatives; Carboxylic acid esters; Fatty alcohols; Monosaccharides; Secondary alcohols; Beta hydroxy acids and derivatives; Fatty acyl glycosides; Alkyl glycosides; Polyols; Fatty acyl glycosides of mono- and disaccharides; Fatty Acyls; Organic oxides; Hydrocarbon derivatives; Organic oxygen compounds; Chemical entities"	1080.578	330	5.507	"645955149823106640"	"645955010656093326"	"1515"	"DECENT"
1	"C22H22O5"	"[M + CH2O2 + H]+"	"C23H25O7+"	"Shikimates and Phenylpropanoids"	0.999	"Isoflavonoids"	0.963	"Rotenoids"	0.915	"Phenylpropanoids and polyketides"	0.979	"Isoflavonoids"	0.958	"Rotenoids"	0.955	"Rotenones"	0.949	"Rotenones"	0.949	"Organic compounds; Organoheterocyclic compounds; Ketones; Benzopyrans; Alkyl aryl ethers; Anisoles; Chromones; Ethers; Phenylpropanoids and polyketides; Organooxygen compounds; Rotenoids; Isoflavans; Isoflavanones; Carbonyl compounds; Phenol ethers; Benzenoids; Isoflavonoids; 1-benzopyrans; 2,2-dimethyl-1-benzopyrans; 8-prenylated isoflavanones; Rotenones; Pyranochromenes; Aryl ketones; Aryl alkyl ketones; Organic oxides; Oxacyclic compounds; Hydrocarbon derivatives; Organic oxygen compounds; Chemical entities"	413.159	331	5.518	"645955167258829361"	"645955009116780973"	"1097"	"DECENT"
1	"C28H37NO7"	"[M + H]+"	"C28H38NO7+"	"Alkaloids"	0.760	"Pseudoalkaloids (transamidation)"	0.738	"Cytochalasan alkaloids"	0.214	"Organoheterocyclic compounds"	0.970	"Isoindoles and derivatives"	0.606	"Isoindolines"	0.602	"Isoindolones"	0.591	"Isoindolones"	0.591	"Organic compounds; Organoheterocyclic compounds; Lipids and lipid-like molecules; Alcohols and polyols; Lactams; Pyrrolidines; Fatty acids and conjugates; Organic acids and derivatives; Carboxylic acids and derivatives; Organonitrogen compounds; Organooxygen compounds; Fatty acid esters; Carboxylic acid amides; Carboxylic acid derivatives; Pyrrolidones; Carboxylic acids; Carboxylic acid esters; Tertiary carboxylic acid amides; Isoindoles and derivatives; Isoindolones; Carbonyl compounds; Isoindolines; Enoate esters; Alpha,beta-unsaturated carboxylic esters; Fatty Acyls; Organic oxides; Azacyclic compounds; Hydrocarbon derivatives; Organopnictogen compounds; Organic oxygen compounds; Organic nitrogen compounds; Chemical entities"	500.264	347	5.783	"645955181670458877"	"645955009846591187"	"1319"	"DECENT"
1	"C21H26O4"	"[M + H]+"	"C21H27O4+"	"Terpenoids"	0.958	"Sesquiterpenoids"	0.655	"Eremophilane sesquiterpenoids"	0.310	"Lipids and lipid-like molecules"	0.792	"Prenol lipids"	0.620					"Prenol lipids"	0.620	"Organic compounds; Organoheterocyclic compounds; Lipids and lipid-like molecules; Furans; Ketones; Prenol lipids; Organic acids and derivatives; Carboxylic acids and derivatives; Organooxygen compounds; Carboxylic acid derivatives; Monocarboxylic acids and derivatives; Carboxylic acid esters; Carbonyl compounds; Organic oxides; Oxacyclic compounds; Hydrocarbon derivatives; Organic oxygen compounds; Chemical entities"	343.190	365	6.084	"645955172422017963"	"645955008504411630"	"918"	"DECENT"
