"formulaRank"	"molecularFormula"	"adduct"	"precursorFormula"	"NPC#pathway"	"NPC#pathway Probability"	"NPC#superclass"	"NPC#superclass Probability"	"NPC#class"	"NPC#class Probability"	"ClassyFire#superclass"	"ClassyFire#superclass probability"	"ClassyFire#class"	"ClassyFire#class Probability"	"ClassyFire#subclass"	"ClassyFire#subclass Probability"	"ClassyFire#level 5"	"ClassyFire#level 5 Probability"	"ClassyFire#most specific class"	"ClassyFire#most specific class Probability"	"ClassyFire#all classifications"	"ionMass"	"retentionTimeInSeconds"	"retentionTimeInMinutes"	"formulaId"	"alignedFeatureId"	"mappingFeatureId"	"overallFeatureQuality"
1	"C15H20O5"	"[M - H]-"	"C15H19O5-"	"Terpenoids"	0.994	"Sesquiterpenoids"	0.969	"Guaiane sesquiterpenoids"	0.795	"Lipids and lipid-like molecules"	0.677	"Prenol lipids"	0.737	"Terpene lactones"	0.883	"Sesquiterpene lactones"	0.871	"Sesquiterpene lactones"	0.871	"Organic compounds; Organoheterocyclic compounds; Lipids and lipid-like molecules; Lactones; Alcohols and polyols; Prenol lipids; Organic acids and derivatives; Carboxylic acids and derivatives; Organooxygen compounds; Carboxylic acid derivatives; Monocarboxylic acids and derivatives; Carboxylic acid esters; Gamma butyrolactones; Terpene lactones; Cyclic alcohols and derivatives; Sesquiterpene lactones; Sesquiterpenoids; Secondary alcohols; Tertiary alcohols; Carbonyl compounds; Polyols; Tetrahydrofurans; Enoate esters; Alpha,beta-unsaturated carboxylic esters; Organic oxides; Oxacyclic compounds; Hydrocarbon derivatives; Organic oxygen compounds; Chemical entities"	279.123	40	0.670	"645921473193714629"	"645921336316785798"	"884"	"DECENT"
18	"C12H21FO6"	"[M + CH2O2 - H]-"	"C13H22FO8-"	"Terpenoids"	0.987	"Sesquiterpenoids"	0.722	"Trichothecane sesquiterpenoids"	0.353	"Organic oxygen compounds"	1.000	"Organooxygen compounds"	1.000	"Carbonyl compounds"	0.981	"Acyloins"	0.560	"Acyloins"	0.560	"Organic compounds; Lipids and lipid-like molecules; Ketones; Alcohols and polyols; Organic acids and derivatives; Carboxylic acids and derivatives; Organohalogen compounds; Organooxygen compounds; Alkyl fluorides; Monocarboxylic acids and derivatives; Carboxylic acids; Cyclic alcohols and derivatives; Organofluorides; Secondary alcohols; Tertiary alcohols; Carbonyl compounds; Acyloins; Polyols; Halohydrins; Fluorohydrins; Alkyl halides; Alpha-hydroxy ketones; Cyclic ketones; Organic oxides; Hydrocarbon derivatives; Organic oxygen compounds; Chemical entities"	325.129	41	0.677	"645921429963020470"	"645921337205979453"	"1144"	"DECENT"
19	"C13H24N6O7"	"[M - H]-"	"C13H23N6O7-"	"Carbohydrates"	0.787	"Aminosugars and aminoglycosides"	0.283	"Aminoglycosides"	0.190	"Organic oxygen compounds"	1.000	"Organooxygen compounds"	0.999	"Carbohydrates and carbohydrate conjugates"	0.995	"Glycosyl compounds"	0.969	"O-glycosyl compounds"	0.958	"Organic compounds; Organoheterocyclic compounds; Carbohydrates and carbohydrate conjugates; Alcohols and polyols; Ethers; Organonitrogen compounds; Primary alcohols; Organooxygen compounds; Guanidines; Monoalkylamines; Monosaccharides; Acetals; Secondary alcohols; Oxanes; Glycosyl compounds; O-glycosyl compounds; Polyols; Amines; Primary amines; Carboximidamides; Oxacyclic compounds; Hydrocarbon derivatives; Organopnictogen compounds; Organic oxygen compounds; Organic nitrogen compounds; Chemical entities"	375.165	59	0.986	"645921514717327198"	"645921337663159531"	"1338"	"DECENT"
1	"C11H14O5"	"[M - H]-"	"C11H13O5-"	"Terpenoids"	0.997	"Monoterpenoids"	0.993	"Iridoids monoterpenoids"	0.988	"Lipids and lipid-like molecules"	0.877	"Prenol lipids"	0.922	"Monoterpenoids"	0.961	"Iridoids and derivatives"	0.990	"Iridoids and derivatives"	0.990	"Organic compounds; Organoheterocyclic compounds; Lipids and lipid-like molecules; Alcohols and polyols; Ethers; Prenol lipids; Organic acids and derivatives; Carboxylic acids and derivatives; Primary alcohols; Organooxygen compounds; Hemiacetals; Carboxylic acid derivatives; Monocarboxylic acids and derivatives; Carboxylic acid esters; Monoterpenoids; Bicyclic monoterpenoids; Iridoids and derivatives; Acetals; Carbonyl compounds; Methyl esters; Enoate esters; Alpha,beta-unsaturated carboxylic esters; Vinylogous esters; Organic oxides; Oxacyclic compounds; Hydrocarbon derivatives; Organic oxygen compounds; Chemical entities"	225.076	77	1.289	"645921437470824995"	"645921334139941019"	"672"	"DECENT"
1	"C25H28O12"	"[M - H]-"	"C25H27O12-"	"Terpenoids"	0.949	"Monoterpenoids"	0.756	"Iridoids monoterpenoids"	0.597	"Phenylpropanoids and polyketides"	0.997	"Cinnamic acids and derivatives"	0.999	"Hydroxycinnamic acids and derivatives"	0.999	"Hydroxycinnamic acid esters"	0.999	"Coumaric acid esters"	0.999	"Organic compounds; Organoheterocyclic compounds; Carbohydrates and carbohydrate conjugates; Lipids and lipid-like molecules; Styrenes; Coumaric acids and derivatives; Alcohols and polyols; Phenols; Ethers; Phenylpropanoids and polyketides; Organic acids and derivatives; Carboxylic acids and derivatives; Primary alcohols; Organooxygen compounds; Fatty acid esters; Dicarboxylic acids and derivatives; Coumaric acid esters; Cinnamic acids and derivatives; Carboxylic acid derivatives; Carboxylic acids; Carboxylic acid esters; Cyclic alcohols and derivatives; Hydroxycinnamic acids and derivatives; Monosaccharides; Acetals; Secondary alcohols; Carbonyl compounds; Oxanes; Glycosyl compounds; O-glycosyl compounds; Benzene and substituted derivatives; Benzenoids; Hydroxycinnamic acid esters; Cinnamic acid esters; Enoate esters; Alpha,beta-unsaturated carboxylic esters; Vinylogous esters; Fatty Acyls; Organic oxides; Oxacyclic compounds; Hydrocarbon derivatives; Organic oxygen compounds; 1-hydroxy-2-unsubstituted benzenoids; Chemical entities"	519.150	91	1.522	"645921440004184737"	"645921338778846237"	"1721"	"DECENT"
13	"C23H18F6N8"	"[M + CH2O2 - H]-"	"C24H19F6N8O2-"	"Alkaloids"	0.933	"Pseudoalkaloids (transamidation)"	0.066	"Imidazole alkaloids"	0.029	"Benzenoids"	0.999	"Benzene and substituted derivatives"	0.996	"Trifluoromethylbenzenes"	0.988			"Trifluoromethylbenzenes"	0.988	"Organic compounds; Organoheterocyclic compounds; Pyrimidines and pyrimidine derivatives; Organohalogen compounds; Organonitrogen compounds; Azoles; Alkyl fluorides; Diazines; Organofluorides; Benzene and substituted derivatives; Benzenoids; Amines; Alkyl halides; Azacyclic compounds; Heteroaromatic compounds; Hydrocarbon derivatives; Trifluoromethylbenzenes; Organopnictogen compounds; Organic nitrogen compounds; Chemical entities"	565.156	91	1.522	"645921441321196260"	"645921339013727703"	"1794"	"DECENT"
1	"C24H32O15"	"[M - H]-"	"C24H31O15-"	"Shikimates and Phenylpropanoids"	0.337	"Coumarins"	0.097	"Furocoumarins"	0.208	"Organic oxygen compounds"	1.000	"Organooxygen compounds"	1.000	"Carbohydrates and carbohydrate conjugates"	0.999	"Glycosyl compounds"	0.996	"Phenolic glycosides"	0.769	"Organic compounds; Organoheterocyclic compounds; Carbohydrates and carbohydrate conjugates; Furans; Alkyl aryl ethers; Alcohols and polyols; Anisoles; Ethers; Organic acids and derivatives; Primary alcohols; Benzofurans; Organooxygen compounds; Monocarboxylic acids and derivatives; Carboxylic acids; Monosaccharides; Acetals; Secondary alcohols; Oxanes; Glycosyl compounds; O-glycosyl compounds; Polyols; Phenol ethers; Benzenoids; Organic oxides; Oxacyclic compounds; Heteroaromatic compounds; Hydrocarbon derivatives; Phenolic glycosides; Organic oxygen compounds; Chemical entities"	559.166	106	1.769	"645921440285203131"	"645921338988561867"	"1792"	"DECENT"
1	"C15H20O5"	"[M - H]-"	"C15H19O5-"	"Terpenoids"	0.979	"Sesquiterpenoids"	0.472	"Trichothecane sesquiterpenoids"	0.100	"Lipids and lipid-like molecules"	0.665	"Prenol lipids"	0.584	"Sesquiterpenoids"	0.562	"Abscisic acids and derivatives"	0.657	"Abscisic acids and derivatives"	0.657	"Organic compounds; Organoheterocyclic compounds; Lipids and lipid-like molecules; Ketones; Alcohols and polyols; Epoxides; Ethers; Prenol lipids; Primary alcohols; Organooxygen compounds; Dialkyl ethers; Cyclic alcohols and derivatives; Sesquiterpenoids; Secondary alcohols; Tertiary alcohols; Oxepanes; Carbonyl compounds; Abscisic acids and derivatives; Cyclic ketones; Organic oxides; Oxacyclic compounds; Hydrocarbon derivatives; Cyclohexenones; Organic oxygen compounds; Chemical entities"	279.123	123	2.056	"645921442713705280"	"645921336320980109"	"886"	"DECENT"
1	"C15H14O5"	"[M - H]-"	"C15H13O5-"	"Shikimates and Phenylpropanoids"	0.824	"Diazotetronic acids and derivatives"	0.529	"Pulvinones"	0.530	"Benzenoids"	0.975	"Benzene and substituted derivatives"	0.850					"Benzene and substituted derivatives"	0.850	"Organic compounds; Organoheterocyclic compounds; Lactones; Enols; Organic acids and derivatives; Carboxylic acids and derivatives; Organooxygen compounds; Dicarboxylic acids and derivatives; Carboxylic acid derivatives; Carboxylic acids; Carboxylic acid esters; Carbonyl compounds; Furanones; Dihydrofurans; Butenolides; Benzene and substituted derivatives; Benzenoids; Enoate esters; Alpha,beta-unsaturated carboxylic esters; Vinylogous acids; Organic oxides; Oxacyclic compounds; Hydrocarbon derivatives; Organic oxygen compounds; Chemical entities"	273.077	184	3.061	"645921450229898510"	"645921336245482555"	"866"	"DECENT"
1	"C20H18O8"	"[M - H]-"	"C20H17O8-"	"Shikimates and Phenylpropanoids"	0.997	"Diarylheptanoids"	0.757	"Linear diarylheptanoids"	0.598	"Phenylpropanoids and polyketides"	0.976	"Cinnamic acids and derivatives"	0.974	"Hydroxycinnamic acids and derivatives"	0.991	"Coumaric acids and derivatives"	0.941	"Coumaric acids and derivatives"	0.941	"Organic compounds; Styrenes; Coumaric acids and derivatives; Ketones; Alkyl aryl ethers; Phenols; Anisoles; Methoxyphenols; Ethers; Phenylpropanoids and polyketides; Organic acids and derivatives; Carboxylic acids and derivatives; Acryloyl compounds; Organooxygen compounds; Cinnamic acids and derivatives; Carboxylic acid derivatives; Carboxylic acids; Carboxylic acid esters; Enones; Hydroxycinnamic acids and derivatives; Carbonyl compounds; Benzene and substituted derivatives; Phenol ethers; Benzenoids; Hydroxycinnamic acids; Cinnamic acids; Alpha,beta-unsaturated carbonyl compounds; Alpha,beta-unsaturated ketones; Organic oxides; Methoxybenzenes; Hydrocarbon derivatives; Organic oxygen compounds; 1-hydroxy-2-unsubstituted benzenoids; Phenoxy compounds; Chemical entities"	385.092	226	3.761	"645921458740141944"	"645921337981927213"	"1454"	"DECENT"
1	"C17H16O6"	"[M - H]-"	"C17H15O6-"	"Shikimates and Phenylpropanoids"	0.992	"Flavonoids"	0.949	"Cinnamoyl phenols"	0.131	"Benzenoids"	1.000	"Phenols"	0.835	"Methoxyphenols"	0.763			"Methoxyphenols"	0.763	"Organic compounds; Styrenes; Alkyl aryl ethers; Phenols; Anisoles; Methoxyphenols; Ethers; Phenylpropanoids and polyketides; Organooxygen compounds; Benzene and substituted derivatives; Phenol ethers; Benzenoids; Organic oxides; Dimethoxybenzenes; Methoxybenzenes; Hydrocarbon derivatives; Organic oxygen compounds; 1-hydroxy-2-unsubstituted benzenoids; Phenoxy compounds; Chemical entities"	315.087	235	3.915	"645921461437079604"	"645921336937543728"	"1085"	"BAD"
1	"C15H20O3"	"[M - H]-"	"C15H19O3-"	"Terpenoids"	0.998	"Sesquiterpenoids"	0.979	"Eremophilane sesquiterpenoids"	0.293	"Lipids and lipid-like molecules"	0.790	"Prenol lipids"	0.828	"Sesquiterpenoids"	0.831			"Sesquiterpenoids"	0.831	"Organic compounds; Lipids and lipid-like molecules; Ketones; Prenol lipids; Organic acids and derivatives; Carboxylic acids and derivatives; Organooxygen compounds; Monocarboxylic acids and derivatives; Carboxylic acids; Sesquiterpenoids; Carbonyl compounds; Cyclic ketones; Organic oxides; Hydrocarbon derivatives; Organic oxygen compounds; Chemical entities"	247.133	249	4.146	"645921456148061909"	"645921334798447001"	"731"	"BAD"
1	"C15H20O3"	"[M - H]-"	"C15H19O3-"	"Terpenoids"	0.991	"Sesquiterpenoids"	0.954	"Guaiane sesquiterpenoids"	0.444	"Lipids and lipid-like molecules"	0.812	"Prenol lipids"	0.842	"Sesquiterpenoids"	0.655			"Sesquiterpenoids"	0.655	"Organic compounds; Lipids and lipid-like molecules; Ketones; Prenol lipids; Organic acids and derivatives; Carboxylic acids and derivatives; Organooxygen compounds; Monocarboxylic acids and derivatives; Carboxylic acids; Sesquiterpenoids; Carbonyl compounds; Cyclic ketones; Organic oxides; Hydrocarbon derivatives; Organic oxygen compounds; Chemical entities"	247.133	280	4.660	"645921455716048571"	"645921334978802119"	"742"	"DECENT"
1	"C20H18O10"	"[M - H]-"	"C20H17O10-"	"Polyketides"	1.000	"Aromatic polyketides"	1.000	"Depsides and depsidones"	1.000	"Phenylpropanoids and polyketides"	0.947	"Depsides and depsidones"	0.996					"Depsides and depsidones"	0.996	"Organic compounds; Organoheterocyclic compounds; Lactones; Aldehydes; Phenols; Benzoic acids and derivatives; Ethers; Phenylpropanoids and polyketides; Organic acids and derivatives; Carboxylic acids and derivatives; Organooxygen compounds; Dicarboxylic acids and derivatives; Salicylic acid and derivatives; Carboxylic acid derivatives; Carboxylic acid esters; Hydroxybenzoic acid derivatives; Depsides and depsidones; Carbonyl compounds; Benzene and substituted derivatives; Benzenoids; Diarylethers; Dioxepines; 1,4-dioxepines; Aryl-aldehydes; Vinylogous acids; Organic oxides; Oxacyclic compounds; Hydrocarbon derivatives; Organic oxygen compounds; 1-hydroxy-2-unsubstituted benzenoids; Chemical entities"	417.082	331	5.519	"645921498741222336"	"645921338401358266"	"1593"	"DECENT"
2	"C41H66O12"	"[M + CH2O2 - H]-"	"C42H67O14-"	"Terpenoids"	0.999	"Triterpenoids"	0.997	"Oleanane triterpenoids"	0.854	"Lipids and lipid-like molecules"	0.993	"Prenol lipids"	0.986	"Terpene glycosides"	0.876	"Triterpene glycosides"	0.827	"Triterpene saponins"	0.827	"Organic compounds; Organoheterocyclic compounds; Carbohydrates and carbohydrate conjugates; Lipids and lipid-like molecules; Alcohols and polyols; Ethers; Prenol lipids; Organic acids and derivatives; Carboxylic acids and derivatives; Primary alcohols; Organooxygen compounds; Carboxylic acid derivatives; Monocarboxylic acids and derivatives; Carboxylic acid esters; Disaccharides; Triterpenoids; Triterpene glycosides; Acetals; Secondary alcohols; Carbonyl compounds; Oxanes; Terpene glycosides; Glycosyl compounds; O-glycosyl compounds; Polyols; Triterpene saponins; Organic oxides; Oxacyclic compounds; Hydrocarbon derivatives; Organic oxygen compounds; Chemical entities"	795.454	343	5.721	"645921484111488820"	"645921339324106829"	"1916"	"DECENT"
1	"C21H43O9P"	"[M - H]-"	"C21H42O9P-"	"Fatty acids"	1.000	"Glycerophospholipids"	1.000	"Glycerophosphoglycerols"	1.000	"Lipids and lipid-like molecules"	1.000	"Glycerophospholipids"	1.000	"Glycerophosphoglycerols"	1.000	"Lysophosphatidylglycerols"	0.997	"Lysophosphatidylglycerols"	0.997	"Organic compounds; Lipids and lipid-like molecules; Alcohols and polyols; Glycerophospholipids; Organic acids and derivatives; Carboxylic acids and derivatives; Primary alcohols; Lysophosphatidylglycerols; Organooxygen compounds; Fatty acid esters; Organic phosphoric acids and derivatives; Phosphate esters; Carboxylic acid derivatives; Monocarboxylic acids and derivatives; Carboxylic acid esters; Secondary alcohols; Carbonyl compounds; Glycerophosphoglycerols; Alkyl phosphates; Dialkyl phosphates; Fatty Acyls; Organic oxides; Hydrocarbon derivatives; Organic oxygen compounds; Chemical entities"	469.256	379	6.311	"645921481406162569"	"645921338694960011"	"1689"	"DECENT"
1	"C21H43O9P"	"[M - H]-"	"C21H42O9P-"	"Fatty acids"	1.000	"Glycerophospholipids"	1.000	"Glycerophosphoglycerols"	1.000	"Lipids and lipid-like molecules"	1.000	"Glycerophospholipids"	1.000	"Glycerophosphoglycerols"	1.000	"Lysophosphatidylglycerols"	0.997	"Lysophosphatidylglycerols"	0.997	"Organic compounds; Lipids and lipid-like molecules; Alcohols and polyols; Glycerophospholipids; Organic acids and derivatives; Carboxylic acids and derivatives; Primary alcohols; Lysophosphatidylglycerols; Organooxygen compounds; Fatty acid esters; Organic phosphoric acids and derivatives; Phosphate esters; Carboxylic acid derivatives; Monocarboxylic acids and derivatives; Carboxylic acid esters; Secondary alcohols; Carbonyl compounds; Glycerophosphoglycerols; Alkyl phosphates; Dialkyl phosphates; Fatty Acyls; Organic oxides; Hydrocarbon derivatives; Organic oxygen compounds; Chemical entities"	469.257	498	8.296	"645921562041662841"	"645921338585907933"	"1655"	"DECENT"
