"structurePerIdRank"	"formulaRank"	"ConfidenceScoreExact"	"ConfidenceScoreApproximate"	"CSI:FingerIDScore"	"ZodiacScore"	"SiriusScore"	"molecularFormula"	"adduct"	"precursorFormula"	"InChIkey2D"	"InChI"	"name"	"smiles"	"xlogp"	"pubchemids"	"links"	"dbflags"	"ionMass"	"retentionTimeInSeconds"	"retentionTimeInMinutes"	"formulaId"	"alignedFeatureId"	"mappingFeatureId"	"overallFeatureQuality"
1	1	0.408	0.408	-80.575	1.000	258.915	"C15H20O5"	"[M - H]-"	"C15H19O5-"	"HPNXJLIPUVXDNH"	"InChI=1S/C15H20O5/c1-8-9-6-11-13(2,17)4-5-15(11,19)14(3,18)7-10(9)20-12(8)16/h7,11,17-19H,4-6H2,1-3H3"	"Zedoalactone B"	"CC1=C2CC3C(CCC3(C(C=C2OC1=O)(C)O)O)(C)O"	-0.400	"86279242;74956772;162986964;15226640;71725779;71770619;44225284"	"COCONUT:(CNP0259612);TeroMol:(TKC043413 TKC043412 TKC136213 TKC136214 TKC136212);SUPERNATURAL:(SN0131979);PUBCHEM:(86279242 74956772 162986964 15226640 71725779 71770619 44225284);LOTUS:(Q105031781 Q105031779 Q105031778 Q105031780 Q105031777);PUBMED:(null);KNAPSACK:(HPNXJLIPUVXDNH-UHFFFAOYSA-N)"	"279969874"	279.123	40	0.670	"645921473193714629"	"645921336316785798"	"884"	"DECENT"
1	18	0.042	0.042	-259.922		149.722	"C12H21FO6"	"[M + CH2O2 - H]-"	"C13H22FO8-"	"YFYBDLPXXHNNHJ"	"InChI=1S/C12H21FO6/c1-11(13)12(14)19-10-9-18-8-7-17-6-5-16-4-3-15-2/h1,3-10H2,2H3"	"2-[2-[2-(2-Methoxyethoxy)ethoxy]ethoxy]ethyl 2-fluoroprop-2-enoate"	"COCCOCCOCCOCCOC(=O)C(=C)F"	0.400	"59511017"	"PUBCHEM:(59511017)"	"2"	325.129	41	0.677	"645921429963020470"	"645921337205979453"	"1144"	"DECENT"
1	19	0.041	0.041	-381.945		52.079	"C13H24N6O7"	"[M - H]-"	"C13H23N6O7-"	"KHTRPBNPGSOSAW"	"InChI=1S/C13H24N6O7/c14-18-16-1-3-22-5-7-24-9-12(26-11-13(20)21)10-25-8-6-23-4-2-17-19-15/h12H,1-11H2,(H,20,21)"	"2-(1,3-Bis[2-(2-azidoethoxy)ethoxy]propan-2-yloxy)acetic acid"	"C(COCCOCC(COCCOCCN=[N+]=[N-])OCC(=O)O)N=[N+]=[N-]"	1.000	"58690196;154305731"	"PUBCHEM:(58690196 154305731)"	"2"	375.165	59	0.986	"645921514717327198"	"645921337663159531"	"1338"	"DECENT"
1	1	0.381	0.749	-43.210	1.000	65.702	"C11H14O5"	"[M - H]-"	"C11H13O5-"	"AZKVWQKMDGGDSV"	"InChI=1S/C11H14O5/c1-15-10(13)8-5-16-11(14)9-6(4-12)2-3-7(8)9/h2,5,7,9,11-12,14H,3-4H2,1H3"	"Genipin"	"COC(=O)C1=COC(C2C1CC=C2CO)O"	-0.700	"134448282;40491676;40491677;118060469;53670235;6325197;98637399;10059623;25271870;69325260;73265201;93233509;98047565;23340;442424;12310085;44144320"	"PUBCHEMANNOTATIONBIO:(null);HMDB:(HMDB0035830);TeroMol:(TKC147300 TKC151305 TKC019863 TKC151306 TKC147299 TKC100832);PUBCHEMANNOTATIONSAFETYANDTOXIC:(null);BloodExposome:(442424);SUPERNATURAL:(SN0019499);MESH:(442424);FooDB:(FDB014596);PUBCHEM:(134448282 40491676 40491677 118060469 53670235 6325197 98637399 10059623 25271870 69325260 73265201 93233509 98047565 23340 442424 12310085 44144320);GNPS:(CCMSLIB00003137935);COCONUT:(CNP0231068);NORMAN:(NS00097440);CHEBI:(94318 5298);KEGG:(C09780);DSSTox:(DTXSID30894999);LOTUS:(Q104921769 Q1463401);PUBCHEMANNOTATIONDRUG:(null);PUBMED:(null);KNAPSACK:(AZKVWQKMDGGDSV-UHFFFAOYSA-N)"	"138377695614"	225.076	77	1.289	"645921437470824995"	"645921334139941019"	"672"	"DECENT"
1	1	0.429	0.590	-70.899	0.975	104.229	"C25H28O12"	"[M - H]-"	"C25H27O12-"	"QPNFBUARICHXGG"	"InChI=1S/C25H28O12/c1-11-16(28)8-14-15(23(32)33)10-34-24(19(11)14)37-25-22(21(31)20(30)17(9-26)35-25)36-18(29)7-4-12-2-5-13(27)6-3-12/h2-7,10,14,16-17,19-22,24-28,30-31H,1,8-9H2,(H,32,33)"	"1-{[4,5-dihydroxy-6-(hydroxymethyl)-3-{[3-(4-hydroxyphenyl)prop-2-enoyl]oxy}oxan-2-yl]oxy}-6-hydroxy-7-methylidene-1H,4aH,5H,6H,7H,7aH-cyclopenta[c]pyran-4-carboxylic acid"	"C=C1C(CC2C1C(OC=C2C(=O)O)OC3C(C(C(C(O3)CO)O)O)OC(=O)C=CC4=CC=C(C=C4)O)O"	-0.200	"124905129;124905130;124905131;124905132;52316247;52316249;52316251;52316253;52316261;51136493;51136494;162888062;162888063;162888064;162888065;162888066;75614552;72697767"	"COCONUT:(CNP0154711);TeroMol:(TKC019828);LIPIDMAPS:(LMPR0102070038);SUPERNATURAL:(SN0311726);PUBCHEM:(124905129 124905130 124905131 124905132 52316247 52316249 52316251 52316253 52316261 51136493 51136494 162888062 162888063 162888064 162888065 162888066 75614552 72697767);GNPS:(CCMSLIB00000845123 CCMSLIB00000855468 CCMSLIB00000846541 CCMSLIB00000846543 CCMSLIB00000850488);PUBMED:(null)"	"2159022146"	519.150	91	1.522	"645921440004184737"	"645921338778846237"	"1721"	"DECENT"
1	13	0.028	0.028	-243.877	0.013	10.759	"C23H18F6N8"	"[M + CH2O2 - H]-"	"C24H19F6N8O2-"	"ZOAPYLUBMCZPJK"	"InChI=1S/C23H18F6N8/c1-21(2)6-8-37(21)17-9-13(23(27,28)29)18(36-35-17)15-11-32-19-14(5-7-30-20(19)34-15)33-16-4-3-12(10-31-16)22(24,25)26/h3-5,7,9-11H,6,8H2,1-2H3,(H,30,31,33,34)"	"3-[6-(2,2-dimethylazetidin-1-yl)-4-(trifluoromethyl)pyridazin-3-yl]-N-[5-(trifluoromethyl)pyridin-2-yl]pyrido[2,3-b]pyrazin-8-amine"	"CC1(CCN1C2=NN=C(C(=C2)C(F)(F)F)C3=NC4=NC=CC(=C4N=C3)NC5=NC=C(C=C5)C(F)(F)F)C"	3.900	"58645653"	"PUBCHEM:(58645653)"	"2"	565.156	91	1.522	"645921441321196260"	"645921339013727703"	"1794"	"DECENT"
1	1	0.303	0.303	-115.838	1.000	65.639	"C24H32O15"	"[M - H]-"	"C24H31O15-"	"ZAOJHXOUDKNJFA"	"InChI=1S/C24H32O15/c1-34-21-9(2-3-15(27)28)12(6-11-10(21)4-5-35-11)36-24-22(19(32)17(30)14(8-26)38-24)39-23-20(33)18(31)16(29)13(7-25)37-23/h4-6,13-14,16-20,22-26,29-33H,2-3,7-8H2,1H3,(H,27,28)"	"3-(6-{[4,5-dihydroxy-6-(hydroxymethyl)-3-{[3,4,5-trihydroxy-6-(hydroxymethyl)oxan-2-yl]oxy}oxan-2-yl]oxy}-4-methoxy-1-benzofuran-5-yl)propanoic acid"	"COC1=C2C=COC2=CC(=C1CCC(=O)O)OC3C(C(C(C(O3)CO)O)O)OC4C(C(C(C(O4)CO)O)O)O"	-1.700	"129602197;156602973"	"COCONUT:(CNP0212270);SUPERNATURAL:(SN0465244);PUBCHEM:(129602197 156602973)"	"3145730"	559.166	106	1.769	"645921440285203131"	"645921338988561867"	"1792"	"DECENT"
1	1	0.048	0.048	-173.911	1.000	89.511	"C15H20O5"	"[M - H]-"	"C15H19O5-"	"LBDJBOGRXNNNOJ"	"InChI=1S/C15H20O5/c1-6-4-8(16)12-10(6)13-11(7(2)14(18)20-13)9(17)5-15(12,3)19/h4,7,9-13,17,19H,5H2,1-3H3"	"4,6-dihydroxy-3,6,9-trimethyl-2H,3H,3aH,4H,5H,6H,6aH,7H,9aH,9bH-azuleno[4,5-b]furan-2,7-dione"	"CC1C2C(CC(C3C(C2OC1=O)C(=CC3=O)C)(C)O)O"	-0.100	"162916153;162916154;162916155"	"COCONUT:(CNP0185372);TeroMol:(TKC031048 TKC132581);SUPERNATURAL:(SN0200804);PUBCHEM:(162916153 162916154 162916155);LOTUS:(Q105149194)"	"279969794"	279.123	123	2.056	"645921442713705280"	"645921336320980109"	"886"	"DECENT"
1	1	0.045	0.045	-154.420	1.000	66.100	"C15H14O5"	"[M - H]-"	"C15H13O5-"	"SSTFYXBWSQBLEQ"	"InChI=1S/C15H14O5/c1-9-8-11(14(16)18-2)13(15(17)19-3)10-6-4-5-7-12(10)20-9/h4-8H,1-3H3"	"Dimethyl 2-methyl-1-benzoxepine-4,5-dicarboxylate"	"CC1=CC(=C(C2=CC=CC=C2O1)C(=O)OC)C(=O)OC"	2.300	"24974243"	"PUBCHEM:(24974243)"	"2"	273.077	184	3.061	"645921450229898510"	"645921336245482555"	"866"	"DECENT"
1	1	0.054	0.764	-49.429	0.720	71.577	"C20H18O8"	"[M - H]-"	"C20H17O8-"	"GGCXWTMEZZGUFT"	"InChI=1S/C20H18O8/c1-26-16-10-13(3-6-14(16)21)11-18(20(24)25)28-15-7-4-12(5-8-19(22)23)9-17(15)27-2/h3-11,21H,1-2H3,(H,22,23)(H,24,25)"	"2-[4-(2-carboxyeth-1-en-1-yl)-2-methoxyphenoxy]-3-(4-hydroxy-3-methoxyphenyl)prop-2-enoic acid"	"COC1=C(C=CC(=C1)C=CC(=O)O)OC(=CC2=CC(=C(C=C2)O)OC)C(=O)O"	3.200	"101003423;157009740;162946775;100934040;10249540"	"COCONUT:(CNP0217312);HMDB:(HMDB0301723);SUPERNATURAL:(SN0104828);FooDB:(FDB000271);PUBCHEM:(101003423 157009740 162946775 100934040 10249540);LOTUS:(Q105007955 Q105007957 Q105007956)"	"808452106"	385.092	226	3.761	"645921458740141944"	"645921337981927213"	"1454"	"DECENT"
1	1	0.024	0.181	-120.385	0.997	54.498	"C17H16O6"	"[M - H]-"	"C17H15O6-"	"HPTNQLQLMUERRK"	"InChI=1S/C17H16O6/c1-22-12-7-14(20)17(16(8-12)23-2)15(21)9-13(19)10-3-5-11(18)6-4-10/h3-9,18-20H,1-2H3"	"3-hydroxy-1-(2-hydroxy-4,6-dimethoxyphenyl)-3-(4-hydroxyphenyl)prop-2-en-1-one"	"COC1=CC(=C(C(=C1)OC)C(=O)C=C(C2=CC=C(C=C2)O)O)O"	2.900	"15736230;85446952"	"COCONUT:(CNP0268028);SUPERNATURAL:(SN0132147);PUBCHEM:(15736230 85446952)"	"3145730"	315.087	235	3.915	"645921461437079604"	"645921336937543728"	"1085"	"BAD"
1	1	0.304	0.304	-58.778	1.000	34.140	"C15H20O3"	"[M - H]-"	"C15H19O3-"	"ZFHSKBJBODQVBX"	"InChI=1S/C15H20O3/c1-8-4-5-11(9(2)15(17)18)6-13-10(3)14(16)7-12(8)13/h8,11-12H,2,4-7H2,1,3H3,(H,17,18)"	"Pechueloic Acid"	"CC1CCC(CC2=C(C(=O)CC12)C)C(=C)C(=O)O"	2.400	"5321022;162948936;59273187;3081082;25212131;71761007;24094149;133556462"	"COCONUT:(CNP0219536);TeroMol:(TKC040067 TKC092704 TKC040068 TKC150169 TKC092703);BloodExposome:(3081082 71761007 24094149 133556462);CHEBI:(183941);SUPERNATURAL:(SN0468868);MESH:(3081082 24094149 71761007 133556462);PUBCHEM:(5321022 162948936 59273187 3081082 25212131 71761007 24094149 133556462);DSSTox:(DTXSID90151111);LOTUS:(Q105374180);GNPS:(CCMSLIB00000852485);PUBMED:(null);KNAPSACK:(ZFHSKBJBODQVBX-UHFFFAOYSA-N)"	"137723121782"	247.133	249	4.146	"645921456148061909"	"645921334798447001"	"731"	"BAD"
1	1	0.351	0.351	-18.848	1.000	58.122	"C15H20O3"	"[M - H]-"	"C15H19O3-"	"ZFHSKBJBODQVBX"	"InChI=1S/C15H20O3/c1-8-4-5-11(9(2)15(17)18)6-13-10(3)14(16)7-12(8)13/h8,11-12H,2,4-7H2,1,3H3,(H,17,18)"	"Pechueloic Acid"	"CC1CCC(CC2=C(C(=O)CC12)C)C(=C)C(=O)O"	2.400	"5321022;162948936;59273187;3081082;25212131;71761007;24094149;133556462"	"COCONUT:(CNP0219536);TeroMol:(TKC040067 TKC092704 TKC040068 TKC150169 TKC092703);BloodExposome:(3081082 71761007 24094149 133556462);CHEBI:(183941);SUPERNATURAL:(SN0468868);MESH:(3081082 24094149 71761007 133556462);PUBCHEM:(5321022 162948936 59273187 3081082 25212131 71761007 24094149 133556462);DSSTox:(DTXSID90151111);LOTUS:(Q105374180);GNPS:(CCMSLIB00000852485);PUBMED:(null);KNAPSACK:(ZFHSKBJBODQVBX-UHFFFAOYSA-N)"	"137723121782"	247.133	280	4.660	"645921455716048571"	"645921334978802119"	"742"	"DECENT"
1	1	0.947	0.947	-104.295	1.000	177.282	"C20H18O10"	"[M - H]-"	"C20H17O10-"	"ADGOFPAXWRMONQ"	"InChI=1S/C20H18O10/c1-7-4-12(23)10(5-21)17-13(7)20(27)30-18-11(6-28-9(3)22)15(24)14(19(25)26)8(2)16(18)29-17/h4,21,23-24H,5-6H2,1-3H3,(H,25,26)"	"Conphysodalic Acid"	"CC1=CC(=C(C2=C1C(=O)OC3=C(O2)C(=C(C(=C3COC(=O)C)O)C(=O)O)C)CO)O"	2.400	"122209035"	"COCONUT:(CNP0202108);SUPERNATURAL:(SN0002503);PUBCHEM:(122209035);LOTUS:(Q77370025)"	"271581186"	417.082	331	5.519	"645921498741222336"	"645921338401358266"	"1593"	"DECENT"
1	2	0.239	0.371	-68.809	0.036	64.441	"C41H66O12"	"[M + CH2O2 - H]-"	"C42H67O14-"	"VXRNZMDDBZNPKJ"	"InChI=1S/C41H66O12/c1-36(2)14-16-41(35(49)53-34-32(48)30(46)29(45)24(19-42)51-34)17-15-39(6)21(22(41)18-36)8-9-26-38(5)12-11-27(37(3,4)25(38)10-13-40(26,39)7)52-33-31(47)28(44)23(43)20-50-33/h8,22-34,42-48H,9-20H2,1-7H3"	"3,4,5-trihydroxy-6-(hydroxymethyl)oxan-2-yl 2,2,6a,6b,9,9,12a-heptamethyl-10-[(3,4,5-trihydroxyoxan-2-yl)oxy]-1,2,3,4,4a,5,6,6a,6b,7,8,8a,9,10,11,12,12a,12b,13,14b-icosahydropicene-4a-carboxylate"	"CC1(CCC2(CCC3(C(=CCC4C3(CCC5C4(CCC(C5(C)C)OC6C(C(C(CO6)O)O)O)C)C)C2C1)C)C(=O)OC7C(C(C(C(O7)CO)O)O)O)C"	4.200	"154812434;101006663;163076216;74951269;44205652;57329101"	"PUBCHEMANNOTATIONBIO:(null);COCONUT:(CNP0376954);HMDB:(HMDB0036963);TeroMol:(TKC060185 TKC143583);SUPERNATURAL:(SN0402888);FooDB:(FDB015934);PUBCHEM:(154812434 101006663 163076216 74951269 44205652 57329101);DSSTox:(DTXSID101153158);LOTUS:(Q105298717);PUBCHEMANNOTATIONDRUG:(null)"	"138306125834"	795.454	343	5.721	"645921484111488820"	"645921339324106829"	"1916"	"DECENT"
1	1	-Infinity	-Infinity	-16.328	1.000	40.758	"C21H43O9P"	"[M - H]-"	"C21H42O9P-"	"DIGHTWUQPWHBPG"	"InChI=1S/C21H43O9P/c1-3-18(2)12-10-8-6-4-5-7-9-11-13-21(25)28-15-20(24)17-30-31(26,27)29-16-19(23)14-22/h18-20,22-24H,3-17H2,1-2H3,(H,26,27)"	"Bacilysocin"	"CCC(C)CCCCCCCCCCC(=O)OCC(COP(=O)(O)OCC(CO)O)O"	3.400	"163062152;163062153;102021022;10344650"	"COCONUT:(CNP0352031);CHEBI:(71621);SUPERNATURAL:(SN0066436);MESH:(10344650);PUBCHEM:(163062152 163062153 102021022 10344650);LOTUS:(Q27139764);PUBMED:(null)"	"271581286"	469.256	379	6.311	"645921481406162569"	"645921338694960011"	"1689"	"DECENT"
1	1	-Infinity	-Infinity	-16.322	1.000	40.264	"C21H43O9P"	"[M - H]-"	"C21H42O9P-"	"DIGHTWUQPWHBPG"	"InChI=1S/C21H43O9P/c1-3-18(2)12-10-8-6-4-5-7-9-11-13-21(25)28-15-20(24)17-30-31(26,27)29-16-19(23)14-22/h18-20,22-24H,3-17H2,1-2H3,(H,26,27)"	"Bacilysocin"	"CCC(C)CCCCCCCCCCC(=O)OCC(COP(=O)(O)OCC(CO)O)O"	3.400	"163062152;163062153;102021022;10344650"	"COCONUT:(CNP0352031);CHEBI:(71621);SUPERNATURAL:(SN0066436);MESH:(10344650);PUBCHEM:(163062152 163062153 102021022 10344650);LOTUS:(Q27139764);PUBMED:(null)"	"271581286"	469.257	498	8.296	"645921562041662841"	"645921338585907933"	"1655"	"DECENT"
