"formulaRank"	"molecularFormula"	"adduct"	"precursorFormula"	"NPC#pathway"	"NPC#pathway Probability"	"NPC#superclass"	"NPC#superclass Probability"	"NPC#class"	"NPC#class Probability"	"ClassyFire#superclass"	"ClassyFire#superclass probability"	"ClassyFire#class"	"ClassyFire#class Probability"	"ClassyFire#subclass"	"ClassyFire#subclass Probability"	"ClassyFire#level 5"	"ClassyFire#level 5 Probability"	"ClassyFire#most specific class"	"ClassyFire#most specific class Probability"	"ClassyFire#all classifications"	"ionMass"	"retentionTimeInSeconds"	"retentionTimeInMinutes"	"formulaId"	"alignedFeatureId"	"mappingFeatureId"	"overallFeatureQuality"
1	"C25H12O5"	"[M - H]-"	"C25H11O5-"	"Shikimates and Phenylpropanoids"	0.904	"Isoflavonoids"	0.456	"Flavones"	0.510	"Phenylpropanoids and polyketides"	0.849	"Isoflavonoids"	0.592					"Isoflavonoids"	0.592	"Organic compounds; Organoheterocyclic compounds; Furans; Pyrans; Benzopyrans; Alkyl aryl ethers; Phenols; Anisoles; Chromones; Ethers; Phenylpropanoids and polyketides; Organic acids and derivatives; Organooxygen compounds; Pyranones and derivatives; Benzene and substituted derivatives; Phenol ethers; Benzenoids; Isoflavonoids; 1-benzopyrans; Organic oxides; Oxacyclic compounds; Heteroaromatic compounds; Hydrocarbon derivatives; Organic oxygen compounds; 1-hydroxy-2-unsubstituted benzenoids; Chemical entities"	391.061	47	0.782	"645917887237982742"	"645917784347501409"	"2204"	"BAD"
1	"C16H18O9"	"[M - H]-"	"C16H17O9-"	"Polyketides"	0.953	"Chromanes"	0.973	"Chromones"	0.971	"Organic oxygen compounds"	1.000	"Organooxygen compounds"	1.000	"Carbohydrates and carbohydrate conjugates"	1.000	"Glycosyl compounds"	1.000	"Phenolic glycosides"	0.986	"Organic compounds; Organoheterocyclic compounds; Carbohydrates and carbohydrate conjugates; Pyrans; Benzopyrans; Alcohols and polyols; Phenols; Chromones; Ethers; Organic acids and derivatives; Primary alcohols; Organooxygen compounds; Pyranones and derivatives; Hexoses; Monosaccharides; Acetals; Secondary alcohols; Oxanes; Glycosyl compounds; O-glycosyl compounds; Polyols; Benzenoids; 1-benzopyrans; Vinylogous acids; Organic oxides; Oxacyclic compounds; Heteroaromatic compounds; Hydrocarbon derivatives; Phenolic glycosides; Organic oxygen compounds; 1-hydroxy-2-unsubstituted benzenoids; 1-hydroxy-4-unsubstituted benzenoids; Chemical entities"	353.087	47	0.784	"645917880204134625"	"645917783844184106"	"2019"	"DECENT"
1	"C21H30O11"	"[M - H]-"	"C21H29O11-"	"Shikimates and Phenylpropanoids"	0.975	"Phenylpropanoids (C6-C3)"	0.994	"Cinnamic acids and derivatives"	0.991	"Organic oxygen compounds"	1.000	"Organooxygen compounds"	1.000	"Carbohydrates and carbohydrate conjugates"	0.994	"Glycosyl compounds"	0.927	"Phenolic glycosides"	0.924	"Organic compounds; Organoheterocyclic compounds; Carbohydrates and carbohydrate conjugates; Alcohols and polyols; Phenols; Ethers; Organooxygen compounds; Disaccharides; Acetals; Secondary alcohols; Oxanes; Glycosyl compounds; O-glycosyl compounds; Benzene and substituted derivatives; Polyols; Phenol ethers; Benzenoids; Oxacyclic compounds; Hydrocarbon derivatives; Phenolic glycosides; Organic oxygen compounds; 1-hydroxy-2-unsubstituted benzenoids; Phenoxy compounds; Chemical entities"	457.171	128	2.142	"645917907999788720"	"645917785022785567"	"2467"	"DECENT"
1	"C22H32O13"	"[M - H]-"	"C22H31O13-"	"Shikimates and Phenylpropanoids"	0.981	"Phenylpropanoids (C6-C3)"	0.982	"Cinnamic acids and derivatives"	0.979	"Organic oxygen compounds"	1.000	"Organooxygen compounds"	1.000	"Carbohydrates and carbohydrate conjugates"	0.999	"Glycosyl compounds"	0.992	"Phenolic glycosides"	0.993	"Organic compounds; Organoheterocyclic compounds; Carbohydrates and carbohydrate conjugates; Alcohols and polyols; Ethers; Primary alcohols; Organooxygen compounds; Disaccharides; Acetals; Secondary alcohols; Oxanes; Glycosyl compounds; O-glycosyl compounds; Benzene and substituted derivatives; Polyols; Phenol ethers; Benzenoids; Oxacyclic compounds; Hydrocarbon derivatives; Phenolic glycosides; Organic oxygen compounds; Phenoxy compounds; Chemical entities"	503.177	128	2.142	"645917887707744817"	"645917785337358974"	"2588"	"DECENT"
1	"C23H26O13"	"[M - H]-"	"C23H25O13-"	"Shikimates and Phenylpropanoids"	0.984	"Phenolic acids (C6-C1)"	0.331	"Simple phenolic acids"	0.046	"Phenylpropanoids and polyketides"	0.992	"Tannins"	0.998	"Hydrolyzable tannins"	0.999			"Hydrolyzable tannins"	0.999	"Organic compounds; Organoheterocyclic compounds; Carbohydrates and carbohydrate conjugates; Alkyl aryl ethers; Alcohols and polyols; Phenols; Anisoles; Benzoic acids and derivatives; Methoxyphenols; Tannins; Ethers; Phenylpropanoids and polyketides; Organic acids and derivatives; Carboxylic acids and derivatives; Primary alcohols; Benzoyl derivatives; Organooxygen compounds; Carboxylic acid derivatives; Monocarboxylic acids and derivatives; Carboxylic acid esters; Hydroxybenzoic acid derivatives; Gallic acid and derivatives; Benzoic acid esters; Monosaccharides; Acetals; Secondary alcohols; Hydrolyzable tannins; Oxanes; Glycosyl compounds; O-glycosyl compounds; Benzene and substituted derivatives; Polyols; Phenol ethers; Methoxybenzoic acids and derivatives; M-methoxybenzoic acids and derivatives; Benzenoids; Organic oxides; Dimethoxybenzenes; Methoxybenzenes; Oxacyclic compounds; Hydrocarbon derivatives; Phenolic glycosides; Organic oxygen compounds; 1-hydroxy-2-unsubstituted benzenoids; p-Hydroxybenzoic acid esters; p-Hydroxybenzoic acid alkyl esters; Phenoxy compounds; Chemical entities"	509.129	146	2.429	"645918026329498791"	"645917785446411099"	"2628"	"DECENT"
1	"C27H26O12"	"[M - H]-"	"C27H25O12-"	"Shikimates and Phenylpropanoids"	0.999	"Stilbenoids"	0.385	"Monomeric stilbenes"	0.192	"Phenylpropanoids and polyketides"	0.947	"Stilbenes"	0.530	"Stilbene glycosides"	0.928			"Stilbene glycosides"	0.928	"Organic compounds; Organoheterocyclic compounds; Carbohydrates and carbohydrate conjugates; Alcohols and polyols; Phenols; Stilbene glycosides; Benzoic acids and derivatives; Stilbenes; Ethers; Phenylpropanoids and polyketides; Organic acids and derivatives; Carboxylic acids and derivatives; Benzoyl derivatives; Organooxygen compounds; Pyrogallols and derivatives; Carboxylic acid derivatives; Monocarboxylic acids and derivatives; Carboxylic acid esters; Hydroxybenzoic acid derivatives; Gallic acid and derivatives; Benzenetriols and derivatives; Benzoic acid esters; Monosaccharides; Acetals; Secondary alcohols; Oxanes; Glycosyl compounds; O-glycosyl compounds; Benzene and substituted derivatives; Polyols; Phenol ethers; Benzenoids; Galloyl esters; Organic oxides; Oxacyclic compounds; Hydrocarbon derivatives; Phenolic glycosides; Organic oxygen compounds; 1-hydroxy-2-unsubstituted benzenoids; 1-hydroxy-4-unsubstituted benzenoids; m-Hydroxybenzoic acid esters; p-Hydroxybenzoic acid esters; p-Hydroxybenzoic acid alkyl esters; Phenoxy compounds; Chemical entities"	541.135	159	2.651	"645917910138883904"	"645917785807122008"	"2780"	"DECENT"
1	"C13H15NO5"	"[M - H]-"	"C13H14NO5-"	"Alkaloids"	0.815	"Anthranilic acid alkaloids"	0.949	"Anthranillic acid derivatives"	0.912	"Benzenoids"	1.000	"Benzene and substituted derivatives"	0.995	"Benzoic acids and derivatives"	0.978	"Acylaminobenzoic acid and derivatives"	0.980	"Acylaminobenzoic acid and derivatives"	0.980	"Organic compounds; Lipids and lipid-like molecules; Benzoic acids and derivatives; Organic acids and derivatives; Carboxylic acids and derivatives; Organonitrogen compounds; Anilides; Benzoyl derivatives; Organooxygen compounds; Fatty amides; Dicarboxylic acids and derivatives; Carboxylic acid amides; Carboxylic acid derivatives; Carboxylic acids; Secondary carboxylic acid amides; Carbonyl compounds; Benzene and substituted derivatives; Benzenoids; Benzoic acids; Medium-chain fatty acids; N-arylamides; Vinylogous amides; Fatty Acyls; Organic oxides; Hydrocarbon derivatives; Acylaminobenzoic acid and derivatives; Organopnictogen compounds; Organic oxygen compounds; Organic nitrogen compounds; Chemical entities"	264.087	180	3.007	"645917900479401149"	"645917782208403080"	"1398"	"DECENT"
1	"C21H20O12"	"[M - H]-"	"C21H19O12-"	"Shikimates and Phenylpropanoids"	1.000	"Flavonoids"	0.999	"Flavonols"	0.995	"Phenylpropanoids and polyketides"	0.998	"Flavonoids"	0.999	"Flavonoid glycosides"	0.988	"Flavonoid O-glycosides"	0.987	"Flavonoid O-glycosides"	0.987	"Organic compounds; Organoheterocyclic compounds; Carbohydrates and carbohydrate conjugates; Pyrans; Benzopyrans; Alcohols and polyols; Phenols; Chromones; Ethers; Phenylpropanoids and polyketides; Organic acids and derivatives; Primary alcohols; Organooxygen compounds; Flavonoids; Pyranones and derivatives; Flavonoid glycosides; Flavonols; Hexoses; Monosaccharides; Flavonoid O-glycosides; Flavones; Acetals; Secondary alcohols; Fatty acyl glycosides; Oxanes; Glycosyl compounds; Alkyl glycosides; O-glycosyl compounds; Benzene and substituted derivatives; Polyols; Phenol ethers; Benzenoids; 3-hydroxyflavonoids; 3'-hydroxyflavonoids; Hydroxyflavonoids; 5-hydroxyflavonoids; 7-hydroxyflavonoids; 1-benzopyrans; Fatty acyl glycosides of mono- and disaccharides; Vinylogous acids; Organic oxides; Oxacyclic compounds; Heteroaromatic compounds; Hydrocarbon derivatives; Phenolic glycosides; Organic oxygen compounds; 1-hydroxy-2-unsubstituted benzenoids; 1-hydroxy-4-unsubstituted benzenoids; Phenoxy compounds; Chemical entities"	463.088	193	3.218	"645917925594894972"	"645917785312193109"	"2582"	"DECENT"
1	"C22H22O14"	"[M - H]-"	"C22H21O14-"	"Shikimates and Phenylpropanoids"	1.000	"Flavonoids"	0.999	"Flavonols"	0.998	"Phenylpropanoids and polyketides"	0.996	"Flavonoids"	0.999	"Flavonoid glycosides"	0.995	"Flavonoid O-glycosides"	0.996	"Flavonoid-3-O-glycosides"	0.578	"Organic compounds; Organoheterocyclic compounds; Carbohydrates and carbohydrate conjugates; Pyrans; Benzopyrans; Alcohols and polyols; Phenols; Chromones; Ethers; Phenylpropanoids and polyketides; Organic acids and derivatives; Primary alcohols; Organooxygen compounds; Flavonoids; Pyranones and derivatives; Flavonoid glycosides; Flavonols; Hexoses; Monosaccharides; Flavonoid O-glycosides; Flavones; Acetals; Secondary alcohols; Fatty acyl glycosides; Oxanes; Glycosyl compounds; O-glycosyl compounds; Benzene and substituted derivatives; Polyols; Phenol ethers; Benzenoids; 3-hydroxyflavonoids; 3'-hydroxyflavonoids; Hydroxyflavonoids; 5-hydroxyflavonoids; 7-hydroxyflavonoids; 1-benzopyrans; Flavonoid-3-O-glycosides; Vinylogous acids; Organic oxides; Oxacyclic compounds; Heteroaromatic compounds; Hydrocarbon derivatives; Phenolic glycosides; Organic oxygen compounds; 1-hydroxy-2-unsubstituted benzenoids; 1-hydroxy-4-unsubstituted benzenoids; Phenoxy compounds; Chemical entities"	509.093	194	3.230	"645917919106306394"	"645917785400273652"	"2611"	"DECENT"
1	"C47H74O19"	"[M - H]-"	"C47H73O19-"	"Terpenoids"	0.996	"Triterpenoids"	0.976	"Oleanane triterpenoids"	0.900	"Lipids and lipid-like molecules"	0.989	"Prenol lipids"	0.982	"Terpene glycosides"	0.942	"Triterpene glycosides"	0.888	"Triterpene saponins"	0.888	"Organic compounds; Organoheterocyclic compounds; Carbohydrates and carbohydrate conjugates; Lipids and lipid-like molecules; Pyrans; Alcohols and polyols; Sugar acids and derivatives; Ethers; Prenol lipids; Organic acids and derivatives; Carboxylic acids and derivatives; Primary alcohols; Organooxygen compounds; Dicarboxylic acids and derivatives; Glucuronides; Hydroxy acids and derivatives; Carboxylic acid derivatives; Carboxylic acids; Carboxylic acid esters; Disaccharides; Triterpenoids; Triterpene glycosides; Acetals; Secondary alcohols; Beta hydroxy acids and derivatives; Carbonyl compounds; Oxanes; Terpene glycosides; Glucuronic acid derivatives; Glycosyl compounds; O-glycosyl compounds; Polyols; Triterpene saponins; O-glucuronides; Organic oxides; Oxacyclic compounds; Hydrocarbon derivatives; Organic oxygen compounds; Chemical entities"	941.475	248	4.127	"645918252259891271"	"645917786402714623"	"3038"	"DECENT"
1	"C45H68N10O15"	"[M - H]-"	"C45H67N10O15-"	"Amino acids and Peptides"	0.723	"Oligopeptides"	0.994	"Depsipeptides"	0.407	"Organic acids and derivatives"	0.999	"Peptidomimetics"	0.424	"Depsipeptides"	0.594	"Cyclic depsipeptides"	0.737	"Cyclic depsipeptides"	0.737	"Organic compounds; Organoheterocyclic compounds; Lipids and lipid-like molecules; Amino acids, peptides, and analogues; Alpha amino acids and derivatives; Macrolactams; Alcohols and polyols; Lactams; Phenylpropanoids and polyketides; Organic acids and derivatives; Carboxylic acids and derivatives; Organonitrogen compounds; Organooxygen compounds; Fatty amides; Amino acids and derivatives; Peptides; Carboxylic acid amides; Carboxylic acid derivatives; Secondary alcohols; Secondary carboxylic acid amides; Tertiary carboxylic acid amides; Carbonyl compounds; Depsipeptides; Cyclic depsipeptides; Polyols; Benzenoids; Fatty Acyls; Organic oxides; Azacyclic compounds; Hydrocarbon derivatives; Organopnictogen compounds; Organic oxygen compounds; Organic nitrogen compounds; Chemical entities"	987.480	248	4.134	"645918048064383081"	"645917786440463389"	"3042"	"DECENT"
1	"C64H102O32"	"[M - H]-"	"C64H101O32-"	"Terpenoids"	0.995	"Triterpenoids"	0.980	"Oleanane triterpenoids"	0.800	"Lipids and lipid-like molecules"	0.997	"Prenol lipids"	0.979	"Terpene glycosides"	0.805	"Triterpene glycosides"	0.688	"Triterpene saponins"	0.688	"Organic compounds; Organoheterocyclic compounds; Carbohydrates and carbohydrate conjugates; Lipids and lipid-like molecules; Alcohols and polyols; Ethers; Steroids and steroid derivatives; Prenol lipids; Organic acids and derivatives; Carboxylic acids and derivatives; Primary alcohols; Organooxygen compounds; Fatty acid esters; Hydroxy acids and derivatives; Carboxylic acid derivatives; Carboxylic acids; Carboxylic acid esters; Cyclic alcohols and derivatives; Hydroxysteroids; Triterpenoids; Triterpene glycosides; Acetals; Secondary alcohols; Tertiary alcohols; Fatty acyl glycosides; Carbonyl compounds; Oxanes; Terpene glycosides; Polyols; Triterpene saponins; Fatty acyl glycosides of mono- and disaccharides; Fatty Acyls; Organic oxides; Oxacyclic compounds; Hydrocarbon derivatives; Organic oxygen compounds; Chemical entities"	1381.626	258	4.302	"645918348594665553"	"645917786524349733"	"3079"	"DECENT"
1	"C53H86O22"	"[M - H]-"	"C53H85O22-"	"Terpenoids"	1.000	"Triterpenoids"	0.994	"Oleanane triterpenoids"	0.892	"Lipids and lipid-like molecules"	0.996	"Prenol lipids"	0.996	"Terpene glycosides"	0.963	"Triterpene glycosides"	0.866	"Triterpene saponins"	0.866	"Organic compounds; Organoheterocyclic compounds; Carbohydrates and carbohydrate conjugates; Lipids and lipid-like molecules; Alcohols and polyols; Oligosaccharides; Ethers; Prenol lipids; Organic acids and derivatives; Carboxylic acids and derivatives; Primary alcohols; Organooxygen compounds; Carboxylic acid derivatives; Monocarboxylic acids and derivatives; Carboxylic acid esters; Triterpenoids; Triterpene glycosides; Acetals; Secondary alcohols; Carbonyl compounds; Oxanes; Terpene glycosides; Glycosyl compounds; O-glycosyl compounds; Polyols; Triterpene saponins; Organic oxides; Oxacyclic compounds; Hydrocarbon derivatives; Organic oxygen compounds; Chemical entities"	1073.551	311	5.186	"645917970150988533"	"645917786440463425"	"3053"	"DECENT"
1	"C54H88O24"	"[M - H]-"	"C54H87O24-"	"Terpenoids"	0.999	"Triterpenoids"	0.976	"Oleanane triterpenoids"	0.732	"Lipids and lipid-like molecules"	0.992	"Prenol lipids"	0.990	"Terpene glycosides"	0.941	"Triterpene glycosides"	0.728	"Triterpene saponins"	0.728	"Organic compounds; Organoheterocyclic compounds; Carbohydrates and carbohydrate conjugates; Lipids and lipid-like molecules; Alcohols and polyols; Oligosaccharides; Ethers; Prenol lipids; Organic acids and derivatives; Carboxylic acids and derivatives; Primary alcohols; Organooxygen compounds; Carboxylic acid derivatives; Monocarboxylic acids and derivatives; Carboxylic acid esters; Disaccharides; Triterpenoids; Triterpene glycosides; Acetals; Secondary alcohols; Carbonyl compounds; Oxanes; Terpene glycosides; Glycosyl compounds; O-glycosyl compounds; Polyols; Triterpene saponins; Organic oxides; Oxacyclic compounds; Hydrocarbon derivatives; Organic oxygen compounds; Chemical entities"	1119.558	312	5.206	"645917938664346784"	"645917786490795156"	"3061"	"DECENT"
1	"C53H86O22"	"[M - H]-"	"C53H85O22-"	"Terpenoids"	1.000	"Triterpenoids"	0.987	"Oleanane triterpenoids"	0.807	"Lipids and lipid-like molecules"	0.991	"Prenol lipids"	0.993	"Terpene glycosides"	0.951	"Triterpene glycosides"	0.821	"Triterpene saponins"	0.821	"Organic compounds; Organoheterocyclic compounds; Carbohydrates and carbohydrate conjugates; Lipids and lipid-like molecules; Alcohols and polyols; Oligosaccharides; Ethers; Prenol lipids; Organic acids and derivatives; Carboxylic acids and derivatives; Primary alcohols; Organooxygen compounds; Carboxylic acid derivatives; Monocarboxylic acids and derivatives; Carboxylic acid esters; Disaccharides; Triterpenoids; Triterpene glycosides; Acetals; Secondary alcohols; Carbonyl compounds; Oxanes; Terpene glycosides; Glycosyl compounds; O-glycosyl compounds; Polyols; Triterpene saponins; Organic oxides; Oxacyclic compounds; Hydrocarbon derivatives; Organic oxygen compounds; Chemical entities"	1073.551	312	5.208	"645917948348995201"	"645917786440463419"	"3052"	"DECENT"
1	"C40H55N7O9"	"[M - H]-"	"C40H54N7O9-"	"Amino acids and Peptides"	0.980	"Oligopeptides"	1.000	"Cyclic peptides"	0.959	"Organic acids and derivatives"	1.000	"Carboxylic acids and derivatives"	1.000	"Amino acids, peptides, and analogues"	1.000	"Peptides"	0.835	"Oligopeptides"	0.784	"Organic compounds; Organoheterocyclic compounds; Amino acids, peptides, and analogues; Alpha amino acids and derivatives; Macrolactams; Alcohols and polyols; Phenols; Lactams; Pyrrolidines; Phenylpropanoids and polyketides; Organic acids and derivatives; Carboxylic acids and derivatives; Organonitrogen compounds; Organooxygen compounds; Amino acids and derivatives; Peptides; Carboxylic acid amides; Carboxylic acid derivatives; Secondary carboxylic acid amides; Tertiary carboxylic acid amides; Carbonyl compounds; Cyclic peptides; Benzene and substituted derivatives; Benzenoids; Vinylogous amides; Organic oxides; Azacyclic compounds; Hydrocarbon derivatives; Organopnictogen compounds; Organic oxygen compounds; 1-hydroxy-2-unsubstituted benzenoids; Organic nitrogen compounds; Oligopeptides; Chemical entities"	776.398	319	5.325	"645917999058133141"	"645917786281079402"	"2964"	"DECENT"
1	"C33H40O14"	"[M - H]-"	"C33H39O14-"	"Shikimates and Phenylpropanoids"	1.000	"Flavonoids"	0.999	"Flavonols"	0.999	"Phenylpropanoids and polyketides"	0.999	"Flavonoids"	1.000	"Flavonoid glycosides"	0.999	"Flavonoid O-glycosides"	0.998	"Flavonoid-3-O-glycosides"	0.981	"Organic compounds; Organoheterocyclic compounds; Carbohydrates and carbohydrate conjugates; Pyrans; Benzopyrans; Alkyl aryl ethers; Alcohols and polyols; Phenols; Anisoles; Chromones; Ethers; Phenylpropanoids and polyketides; Organic acids and derivatives; Organooxygen compounds; Flavonoids; Pyranones and derivatives; Flavonoid glycosides; Monosaccharides; Flavonoid O-glycosides; Flavones; Acetals; Secondary alcohols; Oxanes; Glycosyl compounds; O-glycosyl compounds; Benzene and substituted derivatives; Polyols; Phenol ethers; Benzenoids; O-methylated flavonoids; 4'-O-methylated flavonoids; Hydroxyflavonoids; 5-hydroxyflavonoids; 7-hydroxyflavonoids; 1-benzopyrans; 8-prenylated flavones; Flavonoid-3-O-glycosides; Vinylogous acids; Organic oxides; Methoxybenzenes; Oxacyclic compounds; Heteroaromatic compounds; Hydrocarbon derivatives; Organic oxygen compounds; 1-hydroxy-2-unsubstituted benzenoids; Phenoxy compounds; Chemical entities"	659.234	328	5.468	"645917979256822933"	"645917786050392117"	"2872"	"DECENT"
1	"C36H60O10"	"[M - H]-"	"C36H59O10-"	"Terpenoids"	1.000	"Triterpenoids"	1.000	"Lanostane, Tirucallane and Euphane triterpenoids"	1.000	"Lipids and lipid-like molecules"	1.000	"Prenol lipids"	0.987	"Triterpenoids"	0.992			"Triterpenoids"	0.992	"Organic compounds; Lipids and lipid-like molecules; Alcohols and polyols; Steroids and steroid derivatives; Prenol lipids; Organic acids and derivatives; Carboxylic acids and derivatives; Organooxygen compounds; Dicarboxylic acids and derivatives; Carboxylic acid derivatives; Tetrahydroxy bile acids, alcohols and derivatives; Carboxylic acids; Carboxylic acid esters; Cyclic alcohols and derivatives; Hydroxysteroids; Bile acids, alcohols and derivatives; Triterpenoids; Secondary alcohols; Tertiary alcohols; Steroid esters; Carbonyl compounds; Hydroxy bile acids, alcohols and derivatives; 3-hydroxysteroids; 12-hydroxysteroids; Organic oxides; Hydrocarbon derivatives; Organic oxygen compounds; Chemical entities"	651.411	335	5.585	"645917944678979026"	"645917786029420575"	"2869"	"DECENT"
1	"C17H22O3"	"[M - H]-"	"C17H21O3-"	"Polyketides"	0.947	"Aromatic polyketides"	0.609	"Aromatic polyketides with side chains"	0.124	"Benzenoids"	0.590	"Phenols"	0.573					"Phenols"	0.573	"Organic compounds; Ketones; Phenols; Organic acids and derivatives; Organooxygen compounds; Carbonyl compounds; Benzenoids; Vinylogous acids; Organic oxides; Hydrocarbon derivatives; Organic oxygen compounds; Chemical entities"	273.149	338	5.627	"645917947145229909"	"645917782208403074"	"1396"	"DECENT"
1	"C17H14O8"	"[M - H]-"	"C17H13O8-"	"Polyketides"	0.996	"Aromatic polyketides"	0.999	"Depsides and depsidones"	1.000	"Phenylpropanoids and polyketides"	0.337	"Depsides and depsidones"	0.726					"Depsides and depsidones"	0.726	"Organic compounds; Alkyl aryl ethers; Phenols; Anisoles; Benzoic acids and derivatives; Methoxyphenols; Ethers; Organic acids and derivatives; Carboxylic acids and derivatives; Benzoyl derivatives; Organooxygen compounds; Dicarboxylic acids and derivatives; Salicylic acid and derivatives; Toluenes; Carboxylic acid derivatives; Carboxylic acids; Carboxylic acid esters; Hydroxybenzoic acid derivatives; Cresols; Meta cresols; Benzoic acid esters; Depsides and depsidones; Benzene and substituted derivatives; Phenol ethers; Methoxybenzoic acids and derivatives; M-methoxybenzoic acids and derivatives; Benzenoids; Diarylethers; Benzoic acids; Dioxepines; 1,4-dioxepines; Vinylogous acids; Organic oxides; Methoxybenzenes; Hydrocarbon derivatives; Diphenylethers; Organic oxygen compounds; 1-hydroxy-2-unsubstituted benzenoids; 1-hydroxy-4-unsubstituted benzenoids; Phenoxy compounds; Chemical entities"	345.061	339	5.652	"645917950026716970"	"645917784309752582"	"2185"	"DECENT"
1	"C17H14O8"	"[M - H]-"	"C17H13O8-"	"Polyketides"	0.988	"Aromatic polyketides"	0.995	"Depsides and depsidones"	0.998	"Phenylpropanoids and polyketides"	0.215	"Depsides and depsidones"	0.530					"Depsides and depsidones"	0.530	"Organic compounds; Alkyl aryl ethers; Phenols; Anisoles; Benzoic acids and derivatives; Methoxyphenols; Ethers; Organic acids and derivatives; Carboxylic acids and derivatives; Benzoyl derivatives; Organooxygen compounds; Dicarboxylic acids and derivatives; Salicylic acid and derivatives; Toluenes; Carboxylic acid derivatives; Carboxylic acids; Carboxylic acid esters; Hydroxybenzoic acid derivatives; Cresols; Meta cresols; Benzoic acid esters; Depsides and depsidones; Benzene and substituted derivatives; Phenol ethers; Methoxybenzoic acids and derivatives; Benzenoids; Diarylethers; Salicylic acids; Benzoic acids; Vinylogous acids; Organic oxides; Methoxybenzenes; Hydrocarbon derivatives; Diphenylethers; Organic oxygen compounds; 1-hydroxy-2-unsubstituted benzenoids; 1-hydroxy-4-unsubstituted benzenoids; Phenoxy compounds; Chemical entities"	345.061	356	5.928	"645917959556176162"	"645917784309752588"	"2192"	"DECENT"
1	"C17H22O3"	"[M - H]-"	"C17H21O3-"	"Polyketides"	0.781	"Cyclic polyketides"	0.550	"2-pyrone derivatives"	0.264	"Organic oxygen compounds"	0.999	"Organooxygen compounds"	0.998	"Carbonyl compounds"	0.856	"Ketones"	0.702	"Ketones"	0.702	"Organic compounds; Ketones; Organic acids and derivatives; Organooxygen compounds; Carbonyl compounds; Organic oxides; Hydrocarbon derivatives; Organic oxygen compounds; Chemical entities"	273.149	356	5.937	"645917987704151654"	"645917782179042919"	"1395"	"DECENT"
1	"C27H26O12"	"[M - H]-"	"C27H25O12-"	"Shikimates and Phenylpropanoids"	0.999	"Phenolic acids (C6-C1)"	0.730	"Gallotannins"	0.531	"Phenylpropanoids and polyketides"	0.949	"Stilbenes"	0.174	"Stilbene glycosides"	0.618			"Stilbene glycosides"	0.618	"Organic compounds; Organoheterocyclic compounds; Carbohydrates and carbohydrate conjugates; Alcohols and polyols; Phenols; Stilbene glycosides; Benzoic acids and derivatives; Ethers; Phenylpropanoids and polyketides; Organic acids and derivatives; Carboxylic acids and derivatives; Benzoyl derivatives; Organooxygen compounds; Pyrogallols and derivatives; Carboxylic acid derivatives; Carboxylic acid esters; Hydroxybenzoic acid derivatives; Gallic acid and derivatives; Benzenetriols and derivatives; Benzoic acid esters; Monosaccharides; Acetals; Secondary alcohols; Oxanes; Glycosyl compounds; O-glycosyl compounds; Benzene and substituted derivatives; Polyols; Phenol ethers; Benzenoids; Galloyl esters; Organic oxides; Oxacyclic compounds; Hydrocarbon derivatives; Phenolic glycosides; Organic oxygen compounds; 1-hydroxy-2-unsubstituted benzenoids; 1-hydroxy-4-unsubstituted benzenoids; m-Hydroxybenzoic acid esters; p-Hydroxybenzoic acid esters; p-Hydroxybenzoic acid alkyl esters; Phenoxy compounds; Chemical entities"	541.135	491	8.182	"645918050308335848"	"645917785589017778"	"2705"	"DECENT"
1	"C27H26O12"	"[M - H]-"	"C27H25O12-"	"Shikimates and Phenylpropanoids"	0.999	"Phenolic acids (C6-C1)"	0.831	"Gallotannins"	0.693	"Phenylpropanoids and polyketides"	0.962	"Tannins"	0.501					"Tannins"	0.501	"Organic compounds; Organoheterocyclic compounds; Carbohydrates and carbohydrate conjugates; Alcohols and polyols; Phenols; Benzoic acids and derivatives; Tannins; Ethers; Phenylpropanoids and polyketides; Organic acids and derivatives; Carboxylic acids and derivatives; Benzoyl derivatives; Organooxygen compounds; Pyrogallols and derivatives; Carboxylic acid derivatives; Carboxylic acid esters; Hydroxybenzoic acid derivatives; Gallic acid and derivatives; Benzenetriols and derivatives; Benzoic acid esters; Monosaccharides; Acetals; Secondary alcohols; Oxanes; Glycosyl compounds; O-glycosyl compounds; Benzene and substituted derivatives; Polyols; Phenol ethers; Benzenoids; Galloyl esters; Organic oxides; Oxacyclic compounds; Hydrocarbon derivatives; Phenolic glycosides; Organic oxygen compounds; 1-hydroxy-2-unsubstituted benzenoids; 1-hydroxy-4-unsubstituted benzenoids; m-Hydroxybenzoic acid esters; p-Hydroxybenzoic acid esters; p-Hydroxybenzoic acid alkyl esters; Phenoxy compounds; Chemical entities"	541.135	492	8.198	"645918183225838774"	"645917785589017774"	"2701"	"DECENT"
