"structurePerIdRank"	"formulaRank"	"ConfidenceScoreExact"	"ConfidenceScoreApproximate"	"CSI:FingerIDScore"	"ZodiacScore"	"SiriusScore"	"molecularFormula"	"adduct"	"precursorFormula"	"InChIkey2D"	"InChI"	"name"	"smiles"	"xlogp"	"pubchemids"	"links"	"dbflags"	"ionMass"	"retentionTimeInSeconds"	"retentionTimeInMinutes"	"formulaId"	"alignedFeatureId"	"mappingFeatureId"	"overallFeatureQuality"
1	12	0.090	0.090	-182.216		67.367	"C8H15N2O5P"	"[M - NO - H]-"	"C8H14NO4P-"	"GFFWUPHPMJUGSG"	"InChI=1S/C8H15N2O5P/c1-5-8(11)7(2-9)6(3-10-5)4-15-16(12,13)14/h3,6-7,11H,2,4,9H2,1H3,(H2,12,13,14)"	"[(4S)-4-(aminomethyl)-5-hydroxy-6-methyl-3,4-dihydropyridin-3-yl]methyl dihydrogen phosphate"	"CC1=C(C(C(C=N1)COP(=O)(O)O)CN)O"	-4.700	"42626646;42627655"	"PUBCHEMANNOTATIONBIO:(null);PUBCHEM:(42626646 42627655)"	"16777218"	219.065	43	0.724	"645917875896584143"	"645917779968642841"	"909"	"DECENT"
1	2	0.038	0.038	-372.000	0.041	20.499	"C17H16N2O7S"	"[M - H]-"	"C17H15N2O7S-"	"DJVOMLNFYBVPMT"	"InChI=1S/C17H16N2O7S/c20-16(21)10-18-17(22)11-1-3-12(4-2-11)19-27(23,24)13-5-6-14-15(9-13)26-8-7-25-14/h1-6,9,19H,7-8,10H2,(H,18,22)(H,20,21)"	"2-{[4-(2,3-dihydro-1,4-benzodioxine-6-sulfonamido)phenyl]formamido}acetic acid"	"C1COC2=C(O1)C=CC(=C2)S(=O)(=O)NC3=CC=C(C=C3)C(=O)NCC(=O)O"	1.000	"17175065"	"COCONUT:(CNP0244440);SUPERNATURAL:(SN0067675);PUBCHEM:(17175065)"	"3145730"	391.061	47	0.782	"645917887237982743"	"645917784347501409"	"2204"	"BAD"
1	1	0.332	0.472	-31.355	0.999	50.378	"C16H18O9"	"[M - H]-"	"C16H17O9-"	"BYYDEEAJCDGLER"	"InChI=1S/C16H18O9/c1-6-2-8(18)12-9(19)3-7(4-10(12)23-6)24-16-15(22)14(21)13(20)11(5-17)25-16/h2-4,11,13-17,19-22H,5H2,1H3"	"Undulatoside A"	"CC1=CC(=O)C2=C(C=C(C=C2O1)OC3C(C(C(C(O3)CO)O)O)O)O"	0.000	"163019006;15719507;16094303;5321494;73241921"	"COCONUT:(CNP0295195);TeroMol:(TKC063095);PUBCHEMANNOTATIONSAFETYANDTOXIC:(null);SUPERNATURAL:(SN0039285);PUBCHEM:(163019006 15719507 16094303 5321494 73241921);LOTUS:(Q104950141 Q104950132 Q76303597);GNPS:(CCMSLIB00000845816);PUBMED:(null)"	"347082818"	353.087	47	0.784	"645917880204134625"	"645917783844184106"	"2019"	"DECENT"
1	19	0.030	0.030	-332.292		22.271	"C16H21N2O8P"	"[M - H]-"	"C16H20N2O8P-"	"LKXQLJPKEOGAIR"	"InChI=1S/C16H21N2O8P/c1-2-3-4-8-24-27(22,23)25-10-12-13(19)14(20)16(26-12)18-7-5-6-11(9-18)15(17)21/h1,5-7,9,12-14,16,19-20H,3-4,8,10H2,(H2-,17,21,22,23)/p+1"	"[(2R,3S,4R,5R)-5-(3-carbamoylpyridin-1-ium-1-yl)-3,4-dihydroxyoxolan-2-yl]methyl pent-4-ynyl phosphate"	"C#CCCCOP(=O)(O)OCC1C(C(C(O1)[N+]2=CC=CC(=C2)C(=O)N)O)O"	-1.900	"44184338;44184339"	"PUBCHEM:(44184338 44184339)"	"2"	399.093	47	0.789	"645917896838745091"	"645917784469136389"	"2241"	"DECENT"
1	1	0.236	0.264	-55.100	0.999	30.966	"C21H30O11"	"[M - H]-"	"C21H29O11-"	"NJQNQSXHTVMRPO"	"InChI=1S/C21H30O11/c1-3-4-10-5-6-12(11(22)7-10)31-21-19(28)17(26)15(24)13(32-21)8-29-20-18(27)16(25)14(23)9(2)30-20/h3,5-7,9,13-28H,1,4,8H2,2H3"	"2-[2-hydroxy-4-(prop-2-en-1-yl)phenoxy]-6-{[(3,4,5-trihydroxy-6-methyloxan-2-yl)oxy]methyl}oxane-3,4,5-triol"	"CC1C(C(C(C(O1)OCC2C(C(C(C(O2)OC3=C(C=C(C=C3)CC=C)O)O)O)O)O)O)O"	-1.200	"21550814;162921294;162921295;73157742;11972337"	"COCONUT:(CNP0190780);SUPERNATURAL:(SN0247369);PUBCHEM:(21550814 162921294 162921295 73157742 11972337);DSSTox:(DTXSID301126967);LOTUS:(Q105180264)"	"137710534658"	457.171	128	2.142	"645917907999788720"	"645917785022785567"	"2467"	"DECENT"
1	2	0.153	0.208	-58.426	0.041	36.335	"C21H30O11"	"[M + CH2O2 - H]-"	"C22H31O13-"	"NJQNQSXHTVMRPO"	"InChI=1S/C21H30O11/c1-3-4-10-5-6-12(11(22)7-10)31-21-19(28)17(26)15(24)13(32-21)8-29-20-18(27)16(25)14(23)9(2)30-20/h3,5-7,9,13-28H,1,4,8H2,2H3"	"2-[2-hydroxy-4-(prop-2-en-1-yl)phenoxy]-6-{[(3,4,5-trihydroxy-6-methyloxan-2-yl)oxy]methyl}oxane-3,4,5-triol"	"CC1C(C(C(C(O1)OCC2C(C(C(C(O2)OC3=C(C=C(C=C3)CC=C)O)O)O)O)O)O)O"	-1.200	"21550814;162921294;162921295;73157742;11972337"	"COCONUT:(CNP0190780);SUPERNATURAL:(SN0247369);PUBCHEM:(21550814 162921294 162921295 73157742 11972337);DSSTox:(DTXSID301126967);LOTUS:(Q105180264)"	"137710534658"	503.177	128	2.142	"645917887707744818"	"645917785337358974"	"2588"	"DECENT"
1	1	0.906	0.988	-46.330	1.000	183.384	"C23H26O13"	"[M - H]-"	"C23H25O13-"	"VZZORQCDLWXFQF"	"InChI=1S/C23H26O13/c1-31-13-6-10(21(28)29)4-5-12(13)35-23-20(27)19(26)18(25)16(36-23)9-34-22(30)11-7-14(32-2)17(24)15(8-11)33-3/h4-8,16,18-20,23-27H,9H2,1-3H3,(H,28,29)"	"3-methoxy-4-({3,4,5-trihydroxy-6-[(4-hydroxy-3,5-dimethoxybenzoyloxy)methyl]oxan-2-yl}oxy)benzoic acid"	"COC1=CC(=CC(=C1O)OC)C(=O)OCC2C(C(C(C(O2)OC3=C(C=C(C=C3)C(=O)O)OC)O)O)O"	0.500	"16203399;162987809;162987810;162987811"	"COCONUT:(CNP0260540);SUPERNATURAL:(SN0404657);PUBCHEM:(16203399 162987809 162987810 162987811);LOTUS:(Q105300073)"	"271581186"	509.129	146	2.429	"645918026329498791"	"645917785446411099"	"2628"	"DECENT"
1	1	0.386	0.560	-42.532	1.000	54.613	"C27H26O12"	"[M - H]-"	"C27H25O12-"	"HQQSMUBDNVIUPF"	"InChI=1S/C27H26O12/c28-16-7-14(8-17(29)11-16)2-1-13-3-5-18(6-4-13)38-27-25(35)24(34)23(33)21(39-27)12-37-26(36)15-9-19(30)22(32)20(31)10-15/h1-11,21,23-25,27-35H,12H2"	"3,4',5-Trihydroxystilbene 4'-O-Beta-D-(6''-O-Galloyl)Glucopyranoside"	"C1=CC(=CC=C1C=CC2=CC(=CC(=C2)O)O)OC3C(C(C(C(O3)COC(=O)C4=CC(=C(C(=C4)O)O)O)O)O)O"	1.900	"101136499;124558213;5322088;14077418;124225425;124225426;124225427;162846233;162846234;162846235;162846236;131751610;11800639;72727113"	"PUBCHEMANNOTATIONBIO:(null);COCONUT:(CNP0107444);HMDB:(HMDB0034687);CHEBI:(172736);SUPERNATURAL:(SN0132800);MESH:(5322088);FooDB:(FDB013217);PUBCHEM:(101136499 124558213 5322088 14077418 124225425 124225426 124225427 162846233 162846234 162846235 162846236 131751610 11800639 72727113);DSSTox:(DTXSID201118476);LOTUS:(Q110191427);PUBCHEMANNOTATIONDRUG:(null);PUBMED:(null);KNAPSACK:(HQQSMUBDNVIUPF-UHFFFAOYSA-N)"	"138297737342"	541.135	159	2.651	"645917910138883904"	"645917785807122008"	"2780"	"DECENT"
1	1	0.133	0.253	-180.031	1.000	76.836	"C13H15NO5"	"[M - H]-"	"C13H14NO5-"	"ZRRRRFDUYYTLBA"	"InChI=1S/C13H15NO5/c1-18-12(16)8-7-11(15)14-10-6-4-3-5-9(10)13(17)19-2/h3-6H,7-8H2,1-2H3,(H,14,15)"	"methyl 2-(4-methoxy-4-oxobutanamido)benzoate"	"COC(=O)CCC(=O)NC1=CC=CC=C1C(=O)OC"	1.359	"827222"	"COCONUT:(CNP0142839);SUPERNATURAL:(SN0478502);PUBCHEM:(827222);DSSTox:(DTXSID10356621);LOTUS:(Q82136080)"	"137710534658"	264.087	180	3.007	"645917900479401149"	"645917782208403080"	"1398"	"DECENT"
1	1	0.392	0.502	-10.095	1.000	68.021	"C21H20O12"	"[M - H]-"	"C21H19O12-"	"OIUBYZLTFSLSBY"	"InChI=1S/C21H20O12/c22-6-13-15(26)17(28)19(30)21(33-13)32-11-2-1-7(3-9(11)24)20-18(29)16(27)14-10(25)4-8(23)5-12(14)31-20/h1-5,13,15,17,19,21-26,28-30H,6H2"	"Spiraein"	"C1=CC(=C(C=C1C2=C(C(=O)C3=C(C=C(C=C3O2)O)O)O)O)OC4C(C(C(C(O4)CO)O)O)O"	0.400	"95474259;101260925;21628094;51521840;51521841;67071344;9956069;53298032;163019478;163019479;163019480;163019481;94038906;94038907;5320844;5321451;51402821;51402822;124425449;24211984;12068542;91363802;12442954;54758556;44259230"	"PUBCHEMANNOTATIONBIO:(null);HMDB:(HMDB0037932 HMDB0257588);BloodExposome:(5320844 44259230 9956069);LIPIDMAPS:(LMPK12112184 LMPK12112228);SUPERNATURAL:(SN0266576);MESH:(5320844);FooDB:(FDB017095);PUBCHEM:(95474259 101260925 21628094 51521840 51521841 67071344 9956069 53298032 163019478 163019479 163019480 163019481 94038906 94038907 5320844 5321451 51402821 51402822 124425449 24211984 12068542 91363802 12442954 54758556 44259230);COCONUT:(CNP0295715);NORMAN:(NS00026552);METACYC:(CPD-11685);PLANTCYC:(CPD-11685);CHEBI:(75839 187902);DSSTox:(DTXSID00174078);LOTUS:(Q105192764 Q105192757 Q7577713 Q105192765 Q105192756 Q105192758);PUBCHEMANNOTATIONDRUG:(null);PUBMED:(null);KNAPSACK:(OIUBYZLTFSLSBY-UHFFFAOYSA-N)"	"140449810558"	463.088	193	3.218	"645917925594894972"	"645917785312193109"	"2582"	"DECENT"
1	2	0.141	0.241	-44.141	0.345	31.126	"C21H20O12"	"[M + CH2O2 - H]-"	"C22H21O14-"	"OIUBYZLTFSLSBY"	"InChI=1S/C21H20O12/c22-6-13-15(26)17(28)19(30)21(33-13)32-11-2-1-7(3-9(11)24)20-18(29)16(27)14-10(25)4-8(23)5-12(14)31-20/h1-5,13,15,17,19,21-26,28-30H,6H2"	"Spiraein"	"C1=CC(=C(C=C1C2=C(C(=O)C3=C(C=C(C=C3O2)O)O)O)O)OC4C(C(C(C(O4)CO)O)O)O"	0.400	"95474259;101260925;21628094;51521840;51521841;67071344;9956069;53298032;163019478;163019479;163019480;163019481;94038906;94038907;5320844;5321451;51402821;51402822;124425449;24211984;12068542;91363802;12442954;54758556;44259230"	"PUBCHEMANNOTATIONBIO:(null);HMDB:(HMDB0037932 HMDB0257588);BloodExposome:(5320844 44259230 9956069);LIPIDMAPS:(LMPK12112184 LMPK12112228);SUPERNATURAL:(SN0266576);MESH:(5320844);FooDB:(FDB017095);PUBCHEM:(95474259 101260925 21628094 51521840 51521841 67071344 9956069 53298032 163019478 163019479 163019480 163019481 94038906 94038907 5320844 5321451 51402821 51402822 124425449 24211984 12068542 91363802 12442954 54758556 44259230);COCONUT:(CNP0295715);NORMAN:(NS00026552);METACYC:(CPD-11685);PLANTCYC:(CPD-11685);CHEBI:(75839 187902);DSSTox:(DTXSID00174078);LOTUS:(Q105192764 Q105192757 Q7577713 Q105192765 Q105192756 Q105192758);PUBCHEMANNOTATIONDRUG:(null);PUBMED:(null);KNAPSACK:(OIUBYZLTFSLSBY-UHFFFAOYSA-N)"	"140449810558"	509.093	194	3.230	"645917919106306395"	"645917785400273652"	"2611"	"DECENT"
1	1	0.197	0.197	-18.706	1.000	73.043	"C47H74O19"	"[M - H]-"	"C47H73O19-"	"RTJHZPMEHNGXKQ"	"InChI=1S/C47H74O19/c1-20-10-15-47(41(59)66-39-33(56)29(52)28(51)23(18-48)62-39)17-16-44(5)21(36(47)46(20,7)60)8-9-25-43(4)13-12-26(42(2,3)24(43)11-14-45(25,44)6)63-40-35(31(54)30(53)34(64-40)37(57)58)65-38-32(55)27(50)22(49)19-61-38/h8,20,22-36,38-40,48-56,60H,9-19H2,1-7H3,(H,57,58)"	"(2S,3S,4S,5R,6R)-6-[[(3S,6aR,6bS,8aS,11R,12R,12aS,14bR)-12-hydroxy-4,4,6a,6b,11,12,14b-heptamethyl-8a-[(2S,3R,4S,5S,6R)-3,4,5-trihydroxy-6-(hydroxymethyl)oxan-2-yl]oxycarbonyl-1,2,3,4a,5,6,7,8,9,10,11,12a,14,14a-tetradecahydropicen-3-yl]oxy]-3,4-dihydroxy-5-[(2S,3R,4S,5S)-3,4,5-trihydroxyoxan-2-yl]oxyoxane-2-carboxylic acid"	"CC1CCC2(CCC3(C(=CCC4C3(CCC5C4(CCC(C5(C)C)OC6C(C(C(C(O6)C(=O)O)O)O)OC7C(C(C(CO7)O)O)O)C)C)C2C1(C)O)C)C(=O)OC8C(C(C(C(O8)CO)O)O)O"	1.300	"154812449"	"TeroMol:(TKC051204);PUBCHEM:(154812449)"	"8388610"	941.475	248	4.127	"645918252259891271"	"645917786402714623"	"3038"	"DECENT"
1	1	0.166	0.166	-617.662	0.133	6.407	"C45H68N10O15"	"[M - H]-"	"C45H67N10O15-"	"VLKSXJAPRDAENT"	"InChI=1S/C45H68N10O15/c1-3-4-5-6-7-8-10-26-20-36(61)49-30(21-34(46)59)41(66)51-29(19-25-12-14-27(58)15-13-25)40(65)52-31(22-35(47)60)45(70)55-18-9-11-33(55)43(68)50-28(16-17-37(62)63)39(64)53-32(23-56)42(67)54-38(24(2)57)44(69)48-26/h12-15,24,26,28-33,38,56-58H,3-11,16-23H2,1-2H3,(H2,46,59)(H2,47,60)(H,48,69)(H,49,61)(H,50,68)(H,51,66)(H,52,65)(H,53,64)(H,54,67)(H,62,63)"	"3-[16,22-bis(carbamoylmethyl)-9-(1-hydroxyethyl)-6-(hydroxymethyl)-19-[(4-hydroxyphenyl)methyl]-12-octyl-1,4,7,10,14,17,20,23-octaoxo-hexacosahydro-1H-pyrrolo[1,2-j]1,4,7,10,13,16,19,22-octaazacyclopentacosan-3-yl]propanoic acid"	"CCCCCCCCC1CC(=O)NC(C(=O)NC(C(=O)NC(C(=O)N2CCCC2C(=O)NC(C(=O)NC(C(=O)NC(C(=O)N1)C(C)O)CO)CCC(=O)O)CC(=O)N)CC3=CC=C(C=C3)O)CC(=O)N"	-1.100	"50987901;3086051;57078918"	"COCONUT:(CNP0054557);SUPERNATURAL:(SN0393445);MESH:(3086051);PUBCHEM:(50987901 3086051 57078918);LOTUS:(Q4838953);PUBMED:(null)"	"271581254"	987.480	248	4.134	"645918048064383081"	"645917786440463389"	"3042"	"DECENT"
1	1	0.693	0.693	-36.023	1.000	54.741	"C64H102O32"	"[M - H]-"	"C64H101O32-"	"OEEQFNDQHVCCFW"	"InChI=1S/C64H102O32/c1-25-47(91-37(74)19-59(4,85)18-36(72)73)48(92-52-44(81)38(75)29(69)22-86-52)46(83)54(88-25)93-49-39(76)30(70)23-87-55(49)96-57(84)64-14-13-58(2,3)15-27(64)26-9-10-34-60(5)16-28(68)51(61(6,24-67)33(60)11-12-62(34,7)63(26,8)17-35(64)71)95-56-50(43(80)41(78)32(21-66)90-56)94-53-45(82)42(79)40(77)31(20-65)89-53/h9,25,27-35,38-56,65-71,75-83,85H,10-24H2,1-8H3,(H,72,73)"	"5-[(2S,3S,4S,5R,6S)-6-[(2S,3R,4S,5S)-2-[(4aR,5R,6aS,6bR,9R,10R,11S,12aR,14bS)-10-[(2R,3R,4S,5S,6R)-4,5-dihydroxy-6-(hydroxymethyl)-3-[(2S,3R,4S,5S,6R)-3,4,5-trihydroxy-6-(hydroxymethyl)oxan-2-yl]oxyoxan-2-yl]oxy-5,11-dihydroxy-9-(hydroxymethyl)-2,2,6a,6b,9,12a-hexamethyl-1,3,4,5,6,6a,7,8,8a,10,11,12,13,14b-tetradecahydropicene-4a-carbonyl]oxy-4,5-dihydroxyoxan-3-yl]oxy-5-hydroxy-2-methyl-4-[(2S,3R,4S,5R)-3,4,5-trihydroxyoxan-2-yl]oxyoxan-3-yl]oxy-3-hydroxy-3-methyl-5-oxopentanoic acid"	"CC1C(C(C(C(O1)OC2C(C(COC2OC(=O)C34CCC(CC3C5=CCC6C(C5(CC4O)C)(CCC7C6(CC(C(C7(C)CO)OC8C(C(C(C(O8)CO)O)O)OC9C(C(C(C(O9)CO)O)O)O)O)C)C)(C)C)O)O)O)OC1C(C(C(CO1)O)O)O)OC(=O)CC(C)(CC(=O)O)O"	-3.300	"154812601"	"PUBCHEM:(154812601)"	"2"	1381.626	258	4.302	"645918348594665553"	"645917786524349733"	"3079"	"DECENT"
1	1	0.237	0.237	-88.261	0.991	69.487	"C53H86O22"	"[M - H]-"	"C53H85O22-"	"FNNMEJXCIARVCO"	"InChI=1S/C53H86O22/c1-48(2)14-16-53(47(67)75-45-41(66)38(63)35(60)28(72-45)22-69-43-39(64)36(61)33(58)26(19-54)70-43)17-15-51(6)23(24(53)18-48)8-9-30-50(5)12-11-31(49(3,4)29(50)10-13-52(30,51)7)73-46-42(32(57)25(56)21-68-46)74-44-40(65)37(62)34(59)27(20-55)71-44/h8,24-46,54-66H,9-22H2,1-7H3"	"3,4,5-trihydroxy-6-({[3,4,5-trihydroxy-6-(hydroxymethyl)oxan-2-yl]oxy}methyl)oxan-2-yl 10-[(4,5-dihydroxy-3-{[3,4,5-trihydroxy-6-(hydroxymethyl)oxan-2-yl]oxy}oxan-2-yl)oxy]-2,2,6a,6b,9,9,12a-heptamethyl-1,2,3,4,4a,5,6,6a,6b,7,8,8a,9,10,11,12,12a,12b,13,14b-icosahydropicene-4a-carboxylate"	"CC1(CCC2(CCC3(C(=CCC4C3(CCC5C4(CCC(C5(C)C)OC6C(C(C(CO6)O)O)OC7C(C(C(C(O7)CO)O)O)O)C)C)C2C1)C)C(=O)OC8C(C(C(C(O8)COC9C(C(C(C(O9)CO)O)O)O)O)O)O)C"	0.400	"163049917;163049918;163049919;14284454;101623720"	"COCONUT:(CNP0333148);TeroMol:(TKC060433 TKC143716 TKC143717 TKC143715);SUPERNATURAL:(SN0090505);PUBCHEM:(163049917 163049918 163049919 14284454 101623720);LOTUS:(Q104998395 Q104998396);PUBMED:(null)"	"279969858"	1073.551	311	5.186	"645917970150988533"	"645917786440463425"	"3053"	"DECENT"
1	2	0.313	0.405	-44.244	0.106	41.152	"C53H86O22"	"[M + CH2O2 - H]-"	"C54H87O24-"	"FNNMEJXCIARVCO"	"InChI=1S/C53H86O22/c1-48(2)14-16-53(47(67)75-45-41(66)38(63)35(60)28(72-45)22-69-43-39(64)36(61)33(58)26(19-54)70-43)17-15-51(6)23(24(53)18-48)8-9-30-50(5)12-11-31(49(3,4)29(50)10-13-52(30,51)7)73-46-42(32(57)25(56)21-68-46)74-44-40(65)37(62)34(59)27(20-55)71-44/h8,24-46,54-66H,9-22H2,1-7H3"	"3,4,5-trihydroxy-6-({[3,4,5-trihydroxy-6-(hydroxymethyl)oxan-2-yl]oxy}methyl)oxan-2-yl 10-[(4,5-dihydroxy-3-{[3,4,5-trihydroxy-6-(hydroxymethyl)oxan-2-yl]oxy}oxan-2-yl)oxy]-2,2,6a,6b,9,9,12a-heptamethyl-1,2,3,4,4a,5,6,6a,6b,7,8,8a,9,10,11,12,12a,12b,13,14b-icosahydropicene-4a-carboxylate"	"CC1(CCC2(CCC3(C(=CCC4C3(CCC5C4(CCC(C5(C)C)OC6C(C(C(CO6)O)O)OC7C(C(C(C(O7)CO)O)O)O)C)C)C2C1)C)C(=O)OC8C(C(C(C(O8)COC9C(C(C(C(O9)CO)O)O)O)O)O)O)C"	0.400	"163049917;163049918;163049919;14284454;101623720"	"COCONUT:(CNP0333148);TeroMol:(TKC060433 TKC143716 TKC143717 TKC143715);SUPERNATURAL:(SN0090505);PUBCHEM:(163049917 163049918 163049919 14284454 101623720);LOTUS:(Q104998395 Q104998396);PUBMED:(null)"	"279969858"	1119.558	312	5.206	"645917938664346785"	"645917786490795156"	"3061"	"DECENT"
1	1	0.261	0.290	-65.085	1.000	50.211	"C53H86O22"	"[M - H]-"	"C53H85O22-"	"FNNMEJXCIARVCO"	"InChI=1S/C53H86O22/c1-48(2)14-16-53(47(67)75-45-41(66)38(63)35(60)28(72-45)22-69-43-39(64)36(61)33(58)26(19-54)70-43)17-15-51(6)23(24(53)18-48)8-9-30-50(5)12-11-31(49(3,4)29(50)10-13-52(30,51)7)73-46-42(32(57)25(56)21-68-46)74-44-40(65)37(62)34(59)27(20-55)71-44/h8,24-46,54-66H,9-22H2,1-7H3"	"3,4,5-trihydroxy-6-({[3,4,5-trihydroxy-6-(hydroxymethyl)oxan-2-yl]oxy}methyl)oxan-2-yl 10-[(4,5-dihydroxy-3-{[3,4,5-trihydroxy-6-(hydroxymethyl)oxan-2-yl]oxy}oxan-2-yl)oxy]-2,2,6a,6b,9,9,12a-heptamethyl-1,2,3,4,4a,5,6,6a,6b,7,8,8a,9,10,11,12,12a,12b,13,14b-icosahydropicene-4a-carboxylate"	"CC1(CCC2(CCC3(C(=CCC4C3(CCC5C4(CCC(C5(C)C)OC6C(C(C(CO6)O)O)OC7C(C(C(C(O7)CO)O)O)O)C)C)C2C1)C)C(=O)OC8C(C(C(C(O8)COC9C(C(C(C(O9)CO)O)O)O)O)O)O)C"	0.400	"163049917;163049918;163049919;14284454;101623720"	"COCONUT:(CNP0333148);TeroMol:(TKC060433 TKC143716 TKC143717 TKC143715);SUPERNATURAL:(SN0090505);PUBCHEM:(163049917 163049918 163049919 14284454 101623720);LOTUS:(Q104998395 Q104998396);PUBMED:(null)"	"279969858"	1073.551	312	5.208	"645917948348995201"	"645917786440463419"	"3052"	"DECENT"
1	1	0.757	0.757	-29.055	0.740	175.225	"C40H55N7O9"	"[M - H]-"	"C40H54N7O9-"	"MIMIVDMPUMTORB"	"InChI=1S/C40H55N7O9/c1-7-21(3)31-38(54)43-29(20-25-15-17-26(49)18-16-25)36(52)46-33(24(6)48)39(55)41-23(5)34(50)45-32(22(4)8-2)40(56)47-19-11-14-30(47)37(53)42-28-13-10-9-12-27(28)35(51)44-31/h9-10,12-13,15-18,21-24,29-33,48-49H,7-8,11,14,19-20H2,1-6H3,(H,41,55)(H,42,53)(H,43,54)(H,44,51)(H,45,50)(H,46,52)"	"Talaromin B"	"CCC(C)C1C(=O)NC(C(=O)NC(C(=O)NC(C(=O)NC(C(=O)N2CCCC2C(=O)NC3=CC=CC=C3C(=O)N1)C(C)CC)C)C(C)O)CC4=CC=C(C=C4)O"	3.400	"102449881;139586550;71600232;78128187"	"COCONUT:(CNP0354918);SUPERNATURAL:(SN0226583);PUBCHEM:(102449881 139586550 71600232 78128187);LOTUS:(Q105165081)"	"271581186"	776.398	319	5.325	"645917999058133141"	"645917786281079402"	"2964"	"DECENT"
1	1	0.444	0.444	-26.018	1.000	59.824	"C33H40O14"	"[M - H]-"	"C33H39O14-"	"TVBJKPLTBPGHDJ"	"InChI=1S/C33H40O14/c1-13(2)6-11-18-19(34)12-20(35)21-24(38)30(28(45-29(18)21)16-7-9-17(42-5)10-8-16)46-33-31(26(40)23(37)15(4)44-33)47-32-27(41)25(39)22(36)14(3)43-32/h6-10,12,14-15,22-23,25-27,31-37,39-41H,11H2,1-5H3"	"Anhydroicaritin 3-Rhamnosyl-(1->2)-Rhamnoside"	"CC1C(C(C(C(O1)OC2C(C(C(OC2OC3=C(OC4=C(C(=CC(=C4C3=O)O)O)CC=C(C)C)C5=CC=C(C=C5)OC)C)O)O)O)O)O"	2.400	"154812580;21550455;101340916;124511250;163193723;5318987;162851784;162851785;162851786;162851787;162851788;162851789;125463405;125463406;125463407;13916070;123134743;122197594;11968695;44259058"	"COCONUT:(CNP0114147);LIPIDMAPS:(LMPK12112007);SUPERNATURAL:(SN0360792);PUBCHEM:(154812580 21550455 101340916 124511250 163193723 5318987 162851784 162851785 162851786 162851787 162851788 162851789 125463405 125463406 125463407 13916070 123134743 122197594 11968695 44259058);LOTUS:(Q104403601 Q105265163 Q105265166);KNAPSACK:(TVBJKPLTBPGHDJ-UHFFFAOYSA-N)"	"2419064850"	659.234	328	5.468	"645917979256822933"	"645917786050392117"	"2872"	"DECENT"
1	1	0.455	0.977	-88.755	0.999	65.914	"C36H60O10"	"[M - H]-"	"C36H59O10-"	"FLXWNHMMKNTKDN"	"InChI=1S/C36H60O10/c1-31(2)25-11-10-22-23(34(25,6)16-24(30(31)43)46-29(42)18-33(5,45)17-28(40)41)15-27(39)36(8)21(13-14-35(22,36)7)20(19-37)9-12-26(38)32(3,4)44/h20-21,24-27,30,37-39,43-45H,9-19H2,1-8H3,(H,40,41)"	"Fasciculic Acid F"	"CC1(C2CCC3=C(C2(CC(C1O)OC(=O)CC(C)(CC(=O)O)O)C)CC(C4(C3(CCC4C(CCC(C(C)(C)O)O)CO)C)C)O)C"	2.700	"45782953;73350375;72715746"	"COCONUT:(CNP0417867);TeroMol:(TKC057091 TKC142039);SUPERNATURAL:(SN0089257);PUBCHEM:(45782953 73350375 72715746);LOTUS:(Q110180047 Q104166521 Q77512882);PUBMED:(null)"	"279969858"	651.411	335	5.585	"645917944678979026"	"645917786029420575"	"2869"	"DECENT"
1	1	0.231	0.231	-78.357	0.999	67.357	"C17H22O3"	"[M - H]-"	"C17H21O3-"	"WFNXTYLZRVHCCW"	"InChI=1S/C17H22O3/c1-3-4-5-6-7-8-9-10-11-12-15-13-16(18)14(2)17(19)20-15/h3-6,11-13,18H,7-10H2,1-2H3"	"4-Hydroxy-3-methyl-6-(undeca-1,7,9-trienyl)-2H-pyran-2-one"	"CC=CC=CCCCCC=CC1=CC(=C(C(=O)O1)C)O"	4.500	"102077066"	"PUBCHEM:(102077066)"	"2"	273.149	338	5.627	"645917947145229909"	"645917782208403074"	"1396"	"DECENT"
1	2	0.024	0.024	-389.955	0.051	15.977	"C18H30N6O3"	"[M - H]-"	"C18H29N6O3-"	"ISHRBESAKSJFSA"	"InChI=1S/C18H30N6O3/c1-4-5-6-22-7-9-23(10-8-22)11-14(25)12-24-13-19-16-15(24)17(26)21(3)18(27)20(16)2/h13-14,25H,4-12H2,1-3H3"	"7-(2-Hydroxy-3-(4-butyl-1-piperazinyl)propyl)theophylline"	"CCCCN1CCN(CC1)CC(CN2C=NC3=C2C(=O)N(C(=O)N3C)C)O"	0.242	"209499"	"PUBCHEMANNOTATIONSAFETYANDTOXIC:(null);PUBCHEM:(209499);DSSTox:(DTXSID00941883)"	"137506062338"	377.233	338	5.627	"645917946021156369"	"645917784095842744"	"2112"	"DECENT"
1	1	0.150	0.150	-91.630	1.000	87.601	"C17H14O8"	"[M - H]-"	"C17H13O8-"	"PQBRVWCVXZHKBB"	"InChI=1S/C17H14O8/c1-6-4-10(19)14(23-3)15-11(6)17(22)25-12-7(2)9(18)5-8(16(20)21)13(12)24-15/h4-5,18-19H,1-3H3,(H,20,21)"	"Conpsoromic acid"	"CC1=CC(=C(C2=C1C(=O)OC3=C(O2)C(=CC(=C3C)O)C(=O)O)OC)O"	2.500	"102067214"	"PUBCHEM:(102067214)"	"2"	345.061	339	5.652	"645917950026716970"	"645917784309752582"	"2185"	"DECENT"
1	1	0.108	0.108	-92.135	1.000	70.642	"C17H14O8"	"[M - H]-"	"C17H13O8-"	"PQBRVWCVXZHKBB"	"InChI=1S/C17H14O8/c1-6-4-10(19)14(23-3)15-11(6)17(22)25-12-7(2)9(18)5-8(16(20)21)13(12)24-15/h4-5,18-19H,1-3H3,(H,20,21)"	"Conpsoromic acid"	"CC1=CC(=C(C2=C1C(=O)OC3=C(O2)C(=CC(=C3C)O)C(=O)O)OC)O"	2.500	"102067214"	"PUBCHEM:(102067214)"	"2"	345.061	356	5.928	"645917959556176162"	"645917784309752588"	"2192"	"DECENT"
1	1	0.260	0.260	-66.287	1.000	107.538	"C17H22O3"	"[M - H]-"	"C17H21O3-"	"WFNXTYLZRVHCCW"	"InChI=1S/C17H22O3/c1-3-4-5-6-7-8-9-10-11-12-15-13-16(18)14(2)17(19)20-15/h3-6,11-13,18H,7-10H2,1-2H3"	"4-Hydroxy-3-methyl-6-(undeca-1,7,9-trienyl)-2H-pyran-2-one"	"CC=CC=CCCCCC=CC1=CC(=C(C(=O)O1)C)O"	4.500	"102077066"	"PUBCHEM:(102077066)"	"2"	273.149	356	5.937	"645917987704151654"	"645917782179042919"	"1395"	"DECENT"
1	1	0.262	0.458	-115.921	1.000	29.573	"C27H26O12"	"[M - H]-"	"C27H25O12-"	"HQQSMUBDNVIUPF"	"InChI=1S/C27H26O12/c28-16-7-14(8-17(29)11-16)2-1-13-3-5-18(6-4-13)38-27-25(35)24(34)23(33)21(39-27)12-37-26(36)15-9-19(30)22(32)20(31)10-15/h1-11,21,23-25,27-35H,12H2"	"3,4',5-Trihydroxystilbene 4'-O-Beta-D-(6''-O-Galloyl)Glucopyranoside"	"C1=CC(=CC=C1C=CC2=CC(=CC(=C2)O)O)OC3C(C(C(C(O3)COC(=O)C4=CC(=C(C(=C4)O)O)O)O)O)O"	1.900	"101136499;124558213;5322088;14077418;124225425;124225426;124225427;162846233;162846234;162846235;162846236;131751610;11800639;72727113"	"PUBCHEMANNOTATIONBIO:(null);COCONUT:(CNP0107444);HMDB:(HMDB0034687);CHEBI:(172736);SUPERNATURAL:(SN0132800);MESH:(5322088);FooDB:(FDB013217);PUBCHEM:(101136499 124558213 5322088 14077418 124225425 124225426 124225427 162846233 162846234 162846235 162846236 131751610 11800639 72727113);DSSTox:(DTXSID201118476);LOTUS:(Q110191427);PUBCHEMANNOTATIONDRUG:(null);PUBMED:(null);KNAPSACK:(HQQSMUBDNVIUPF-UHFFFAOYSA-N)"	"138297737342"	541.135	491	8.182	"645918050308335848"	"645917785589017778"	"2705"	"DECENT"
1	1	0.229	0.456	-121.466	0.997	28.220	"C27H26O12"	"[M - H]-"	"C27H25O12-"	"HQQSMUBDNVIUPF"	"InChI=1S/C27H26O12/c28-16-7-14(8-17(29)11-16)2-1-13-3-5-18(6-4-13)38-27-25(35)24(34)23(33)21(39-27)12-37-26(36)15-9-19(30)22(32)20(31)10-15/h1-11,21,23-25,27-35H,12H2"	"3,4',5-Trihydroxystilbene 4'-O-Beta-D-(6''-O-Galloyl)Glucopyranoside"	"C1=CC(=CC=C1C=CC2=CC(=CC(=C2)O)O)OC3C(C(C(C(O3)COC(=O)C4=CC(=C(C(=C4)O)O)O)O)O)O"	1.900	"101136499;124558213;5322088;14077418;124225425;124225426;124225427;162846233;162846234;162846235;162846236;131751610;11800639;72727113"	"PUBCHEMANNOTATIONBIO:(null);COCONUT:(CNP0107444);HMDB:(HMDB0034687);CHEBI:(172736);SUPERNATURAL:(SN0132800);MESH:(5322088);FooDB:(FDB013217);PUBCHEM:(101136499 124558213 5322088 14077418 124225425 124225426 124225427 162846233 162846234 162846235 162846236 131751610 11800639 72727113);DSSTox:(DTXSID201118476);LOTUS:(Q110191427);PUBCHEMANNOTATIONDRUG:(null);PUBMED:(null);KNAPSACK:(HQQSMUBDNVIUPF-UHFFFAOYSA-N)"	"138297737342"	541.135	492	8.198	"645918183225838774"	"645917785589017774"	"2701"	"DECENT"
