"formulaRank"	"molecularFormula"	"adduct"	"precursorFormula"	"NPC#pathway"	"NPC#pathway Probability"	"NPC#superclass"	"NPC#superclass Probability"	"NPC#class"	"NPC#class Probability"	"ClassyFire#superclass"	"ClassyFire#superclass probability"	"ClassyFire#class"	"ClassyFire#class Probability"	"ClassyFire#subclass"	"ClassyFire#subclass Probability"	"ClassyFire#level 5"	"ClassyFire#level 5 Probability"	"ClassyFire#most specific class"	"ClassyFire#most specific class Probability"	"ClassyFire#all classifications"	"ionMass"	"retentionTimeInSeconds"	"retentionTimeInMinutes"	"formulaId"	"alignedFeatureId"	"mappingFeatureId"	"overallFeatureQuality"
1	"C7H12N2O3"	"[M + H]+"	"C7H13N2O3+"	"Amino acids and Peptides"	0.998	"Small peptides"	0.999	"Dipeptides"	0.990	"Organic acids and derivatives"	1.000	"Carboxylic acids and derivatives"	1.000	"Amino acids, peptides, and analogues"	1.000	"Peptides"	0.969	"Dipeptides"	0.834	"Organic compounds; Organoheterocyclic compounds; Amino acids, peptides, and analogues; Alpha amino acids and derivatives; Pyrrolidines; Organic acids and derivatives; Carboxylic acids and derivatives; Organonitrogen compounds; Organooxygen compounds; Amino acids and derivatives; Peptides; Carboxylic acid amides; Carboxylic acid derivatives; Monocarboxylic acids and derivatives; N-acyl-alpha amino acids and derivatives; Carboxylic acids; Secondary carboxylic acid amides; Carbonyl compounds; Pyrrolidine carboxylic acids and derivatives; Dialkylamines; Pyrrolidinecarboxamides; Alpha amino acid amides; N-acyl-alpha amino acids; Amines; Secondary amines; Organic oxides; Azacyclic compounds; Hydrocarbon derivatives; Amino acids; Proline and derivatives; Organopnictogen compounds; Organic oxygen compounds; Organic nitrogen compounds; Dipeptides; Chemical entities"	173.092	18	0.294	"645976463848901042"	"645976414792314490"	"310"	"DECENT"
1	"C15H25NO10"	"[M + H]+"	"C15H26NO10+"	"Amino acids and Peptides"	0.976	"Amino acid glycosides"	0.994	"Cyanogenic glycosides"	0.994	"Organic oxygen compounds"	1.000	"Organooxygen compounds"	1.000	"Carbohydrates and carbohydrate conjugates"	0.994	"Monosaccharides"	0.938	"Hexoses"	0.857	"Organic compounds; Organoheterocyclic compounds; Carbohydrates and carbohydrate conjugates; Alcohols and polyols; Ethers; Organonitrogen compounds; Primary alcohols; Organooxygen compounds; Nitriles; Hexoses; Monosaccharides; Acetals; Secondary alcohols; Oxanes; Glycosyl compounds; O-glycosyl compounds; Polyols; Oxacyclic compounds; Hydrocarbon derivatives; Organic cyanides; Organopnictogen compounds; Organic oxygen compounds; Organic nitrogen compounds; Chemical entities"	380.154	18	0.307	"645976517846374224"	"645976417376008984"	"928"	"DECENT"
1	"C9H11FN2O5"	"[M + H]+"	"C9H12FN2O5+"	"Carbohydrates"	1.000	"Nucleosides"	1.000	"Pyrimidine nucleosides"	1.000	"Nucleosides, nucleotides, and analogues"	0.988	"Pyrimidine nucleosides"	0.983	"Pyrimidine 2'-deoxyribonucleosides"	0.936			"Pyrimidine 2'-deoxyribonucleosides"	0.936	"Organic compounds; Organoheterocyclic compounds; Pyrimidines and pyrimidine derivatives; Alcohols and polyols; Lactams; Organic acids and derivatives; Organohalogen compounds; Organonitrogen compounds; Primary alcohols; Nucleosides, nucleotides, and analogues; Pyrimidones; Organooxygen compounds; Organic carbonic acids and derivatives; Pyrimidine nucleosides; Ureas; Alkyl fluorides; Diazines; Organofluorides; Secondary alcohols; Pyrimidine 2'-deoxyribonucleosides; Hydropyrimidines; Halohydrins; Fluorohydrins; Tetrahydrofurans; Alkyl halides; Vinylogous amides; Organic oxides; Azacyclic compounds; Oxacyclic compounds; Heteroaromatic compounds; Hydrocarbon derivatives; Organopnictogen compounds; Organic oxygen compounds; Organic nitrogen compounds; Chemical entities"	247.072	20	0.325	"645976471348317037"	"645976415903806155"	"534"	"DECENT"
4	"C13H14BNO4"	"[M + K]+"	"C13H14BKNO4+"	"Amino acids and Peptides"	0.190	"Small peptides"	0.150	"Pinane monoterpenoids"	0.203	"Benzenoids"	0.829	"Benzene and substituted derivatives"	0.533					"Benzene and substituted derivatives"	0.533	"Organic compounds; Organoheterocyclic compounds; Organic acids and derivatives; Organonitrogen compounds; Organooxygen compounds; Boronic acids; Organometallic compounds; Boronic acid derivatives; Organometalloid compounds; Metalloheterocyclic compounds; Benzene and substituted derivatives; Benzenoids; Organoboron compounds; Organic salts; Organic metalloid salts; Organic metal salts; Oxacyclic compounds; Hydrocarbon derivatives; Organic oxygen compounds; Organic nitrogen compounds; Chemical entities"	297.067	117	1.942	"645976481011994201"	"645976416566507093"	"704"	"BAD"
1	"C14H15BrClNO6"	"[M + H3N + H]+"	"C14H19BrClN2O6+"	"Amino acids and Peptides"	0.372	"Amino acid glycosides"	0.620	"Cyanogenic glycosides"	0.244	"Organic oxygen compounds"	1.000	"Organooxygen compounds"	1.000	"Carbohydrates and carbohydrate conjugates"	0.999	"Glycosyl compounds"	0.986	"Phenolic glycosides"	0.610	"Organic compounds; Organoheterocyclic compounds; Carbohydrates and carbohydrate conjugates; Halobenzenes; Alkyl aryl ethers; Alcohols and polyols; Ethers; Organohalogen compounds; Organonitrogen compounds; Primary alcohols; Organooxygen compounds; Aryl bromides; Aryl chlorides; Chlorobenzenes; Hexoses; Organobromides; Organochlorides; Monosaccharides; Acetals; Secondary alcohols; Oxanes; Glycosyl compounds; O-glycosyl compounds; Benzene and substituted derivatives; Polyols; Phenol ethers; Benzenoids; Aryl halides; Oxacyclic compounds; Hydrocarbon derivatives; Phenolic glycosides; Organopnictogen compounds; Organic oxygen compounds; Organic nitrogen compounds; Phenoxy compounds; Chemical entities"	425.010	162	2.696	"645976485860609862"	"645976417740914038"	"1026"	"DECENT"
1	"C14H15BrClNO6"	"[M + H]+"	"C14H16BrClNO6+"	"Alkaloids"	0.643	"Tryptophan alkaloids"	0.866	"Simple indole alkaloids"	0.211	"Organic oxygen compounds"	1.000	"Organooxygen compounds"	1.000	"Carbohydrates and carbohydrate conjugates"	0.998	"Monosaccharides"	0.993	"Hexoses"	0.980	"Organic compounds; Organoheterocyclic compounds; Carbohydrates and carbohydrate conjugates; Pyrroles; Alcohols and polyols; Indoles and derivatives; Ethers; Organohalogen compounds; Organonitrogen compounds; Primary alcohols; Organooxygen compounds; Aryl bromides; Aryl chlorides; Hexoses; Organobromides; Organochlorides; Monosaccharides; Acetals; Secondary alcohols; Oxanes; Glycosyl compounds; O-glycosyl compounds; Substituted pyrroles; Polyols; Benzenoids; Indoles; Aryl halides; Azacyclic compounds; Oxacyclic compounds; Heteroaromatic compounds; Hydrocarbon derivatives; Organopnictogen compounds; Organic oxygen compounds; Organic nitrogen compounds; Chemical entities"	407.984	162	2.705	"645976494479904887"	"645976417602501803"	"1002"	"DECENT"
1	"C17H25N3O2S"	"[M + H]+"	"C17H26N3O2S+"	"Alkaloids"	0.999	"Tryptophan alkaloids"	0.996	"Simple indole alkaloids"	0.957	"Organoheterocyclic compounds"	1.000	"Indoles and derivatives"	0.999	"Tryptamines and derivatives"	0.931			"Tryptamines and derivatives"	0.931	"Organic compounds; Organoheterocyclic compounds; Organosulfur compounds; Pyrroles; Tryptamines and derivatives; Indoles and derivatives; Organic acids and derivatives; Organosulfonic acids and derivatives; Organonitrogen compounds; Sulfonyls; Organosulfonamides; Trialkylamines; Substituted pyrroles; Benzenoids; Amines; Tertiary amines; Indoles; Aminosulfonyl compounds; Aralkylamines; Organic oxides; Azacyclic compounds; Heteroaromatic compounds; Hydrocarbon derivatives; 3-alkylindoles; Organic sulfonic acids and derivatives; Organic sulfonamides; Organopnictogen compounds; Organic oxygen compounds; Organic nitrogen compounds; Chemical entities"	336.173	205	3.416	"645976549412707789"	"645976417799634404"	"1041"	"DECENT"
1	"C19H20N2O"	"[M + H]+"	"C19H21N2O+"	"Alkaloids"	0.986	"Tryptophan alkaloids"	0.968	"Simple indole alkaloids"	0.733	"Organic acids and derivatives"	0.879	"Carboxylic acids and derivatives"	0.707	"Carboxylic acid derivatives"	0.750	"Carboxylic acid amides"	0.802	"N-acetyl-2-arylethylamines"	0.848	"Organic compounds; Organoheterocyclic compounds; Pyrroles; Indoles and derivatives; Organic acids and derivatives; Carboxylic acids and derivatives; Organonitrogen compounds; Organooxygen compounds; Carboxylic acid amides; Carboxylic acid derivatives; Secondary carboxylic acid amides; Carbonyl compounds; Substituted pyrroles; Benzene and substituted derivatives; Benzenoids; Indoles; Acetamides; Organic oxides; Azacyclic compounds; Heteroaromatic compounds; Hydrocarbon derivatives; 3-alkylindoles; N-acetyl-2-arylethylamines; Organopnictogen compounds; Organic oxygen compounds; Organic nitrogen compounds; Chemical entities"	293.164	321	5.349	"645976512628659754"	"645976416608450195"	"715"	"DECENT"
1	"C22H18O4"	"[M + H]+"	"C22H19O4+"	"Shikimates and Phenylpropanoids"	0.969	"Flavonoids"	0.334	"Chalcones"	0.110	"Benzenoids"	0.999	"Benzene and substituted derivatives"	0.984	"Benzoic acids and derivatives"	0.667			"Benzoic acids and derivatives"	0.667	"Organic compounds; Benzoic acids and derivatives; Ethers; Phenylpropanoids and polyketides; Organic acids and derivatives; Carboxylic acids and derivatives; Benzoyl derivatives; Organooxygen compounds; Benzene and substituted derivatives; Phenol ethers; Benzenoids; Organic oxides; Hydrocarbon derivatives; Organic oxygen compounds; Phenoxy compounds; Chemical entities"	347.127	326	5.434	"645976518420993917"	"645976417153710543"	"874"	"DECENT"
1	"C20H18O10"	"[M + H]+"	"C20H19O10+"	"Polyketides"	0.828	"Aromatic polyketides"	0.947	"Depsides and depsidones"	0.980	"Organic oxygen compounds"	1.000	"Organooxygen compounds"	1.000	"Ethers"	0.993	"Diarylethers"	0.834	"Diarylethers"	0.834	"Organic compounds; Organoheterocyclic compounds; Lactones; Alkyl aryl ethers; Phenols; Anisoles; Benzoic acids and derivatives; Ethers; Organic acids and derivatives; Carboxylic acids and derivatives; Organooxygen compounds; Dicarboxylic acids and derivatives; Carboxylic acid derivatives; Carboxylic acids; Carboxylic acid esters; Hydroxybenzoic acid derivatives; Benzene and substituted derivatives; Phenol ethers; Methoxybenzoic acids and derivatives; M-methoxybenzoic acids and derivatives; Benzenoids; Diarylethers; Dioxepines; 1,4-dioxepines; Organic oxides; Oxacyclic compounds; Hydrocarbon derivatives; Organic oxygen compounds; Chemical entities"	419.096	332	5.535	"645976537207282268"	"645976417698970937"	"1016"	"DECENT"
1	"C20H18O10"	"[M + H3N + H]+"	"C20H22NO10+"	"Polyketides"	0.876	"Aromatic polyketides"	0.905	"Depsides and depsidones"	0.966	"Benzenoids"	1.000	"Benzene and substituted derivatives"	0.963	"Diphenylethers"	0.694			"Diphenylethers"	0.694	"Organic compounds; Alkyl aryl ethers; Phenols; Anisoles; Benzoic acids and derivatives; Methoxyphenols; Ethers; Organic acids and derivatives; Carboxylic acids and derivatives; Benzoyl derivatives; Organooxygen compounds; Carboxylic acid derivatives; Carboxylic acids; Carboxylic acid esters; Hydroxybenzoic acid derivatives; Benzoic acid esters; Benzene and substituted derivatives; Phenol ethers; Methoxybenzoic acids and derivatives; M-methoxybenzoic acids and derivatives; Benzenoids; Diarylethers; Organic oxides; Methoxybenzenes; Hydrocarbon derivatives; Diphenylethers; Organic oxygen compounds; 1-hydroxy-2-unsubstituted benzenoids; m-Hydroxybenzoic acid esters; Phenoxy compounds; Chemical entities"	436.123	332	5.537	"645976534548093421"	"645976417862549033"	"1047"	"DECENT"
3	"C22H26N2O2S"	"[M + H]+"	"C22H27N2O2S+"	"Alkaloids"	0.986	"Tryptophan alkaloids"	0.657	"Tropane alkaloids"	0.040	"Organoheterocyclic compounds"	1.000	"Indoles and derivatives"	0.916	"Indoles"	0.928	"3-alkylindoles"	0.832	"3-alkylindoles"	0.832	"Organic compounds; Organoheterocyclic compounds; Organosulfur compounds; Pyrroles; Piperidines; Indoles and derivatives; Pyrrolidines; Organonitrogen compounds; Sulfones; Sulfonyls; Trialkylamines; Substituted pyrroles; Benzene and substituted derivatives; Benzenoids; Amines; Tertiary amines; Indoles; N-alkylpyrrolidines; Aralkylamines; Organic oxides; Azacyclic compounds; Heteroaromatic compounds; Hydrocarbon derivatives; 3-alkylindoles; Benzenesulfonyl compounds; Organopnictogen compounds; Organic oxygen compounds; Organic nitrogen compounds; Chemical entities"	383.178	334	5.571	"645976534690699788"	"645976417887714918"	"1055"	"DECENT"
1	"C21H20O6"	"[M + H]+"	"C21H21O6+"	"Shikimates and Phenylpropanoids"	1.000	"Flavonoids"	0.995	"Flavonols"	0.989	"Phenylpropanoids and polyketides"	0.998	"Flavonoids"	0.998	"Flavones"	0.996	"6-prenylated flavones"	0.606	"6-prenylated flavones"	0.606	"Organic compounds; Organoheterocyclic compounds; Pyrans; Benzopyrans; Alkyl aryl ethers; Phenols; Anisoles; Chromones; Ethers; Phenylpropanoids and polyketides; Organic acids and derivatives; Organooxygen compounds; Flavonoids; Pyranones and derivatives; Flavonols; Flavones; Benzene and substituted derivatives; Phenol ethers; Benzenoids; O-methylated flavonoids; 3-O-methylated flavonoids; 4'-O-methylated flavonoids; 3-hydroxyflavonoids; Hydroxyflavonoids; 5-hydroxyflavonoids; 7-hydroxyflavonoids; 1-benzopyrans; 6-prenylated flavones; 8-prenylated flavones; Vinylogous acids; Organic oxides; Methoxybenzenes; Oxacyclic compounds; Heteroaromatic compounds; Hydrocarbon derivatives; Organic oxygen compounds; 1-hydroxy-2-unsubstituted benzenoids; Phenoxy compounds; 3-methoxychromones; Chemical entities"	369.133	361	6.008	"645976551329504918"	"645976417304705708"	"909"	"DECENT"
2	"C18H16N2O"	"[M + H]+"	"C18H17N2O+"	"Polyketides"	0.099	"Naphthalenes"	0.010	"Bisnaphthalenes"	0.001	"Benzenoids"	0.999	"Naphthalenes"	0.994	"Naphthols and derivatives"	0.961			"Naphthols and derivatives"	0.961	"Organic compounds; Naphthalenes; Phenols; Organonitrogen compounds; Organooxygen compounds; Azo compounds; Benzene and substituted derivatives; Naphthols and derivatives; Benzenoids; Organic 1,3-dipolar compounds; Propargyl-type 1,3-dipolar organic compounds; Hydrocarbon derivatives; Xylenes; Organopnictogen compounds; Organic oxygen compounds; 1-hydroxy-2-unsubstituted benzenoids; Organic nitrogen compounds; Chemical entities"	277.133	382	6.374	"645976564520591974"	"645976416411317648"	"662"	"DECENT"
1	"C22H29N3O"	"[M + H]+"	"C22H30N3O+"	"Alkaloids"	0.139	"Diarylheptanoids"	0.005	"Linear diarylheptanoids"	0.003	"Organoheterocyclic compounds"	1.000	"Azoles"	0.999	"Triazoles"	1.000	"Phenyltriazoles"	0.995	"Phenyl-1,2,3-triazoles"	0.998	"Organic compounds; Organoheterocyclic compounds; Triazoles; Phenols; Organonitrogen compounds; Benzotriazoles; Organooxygen compounds; Azoles; Phenyltriazoles; Benzene and substituted derivatives; Benzenoids; Phenoxides; Phenylpropanes; Phenyl-1,2,3-triazoles; Azacyclic compounds; Heteroaromatic compounds; Hydrocarbon derivatives; Organopnictogen compounds; Organic oxygen compounds; Organic nitrogen compounds; Chemical entities"	352.238	405	6.744	"645976561307754794"	"645976417149516232"	"872"	"DECENT"
4	"C14H28N6O4"	"[M + K]+"	"C14H28KN6O4+"	"Amino acids and Peptides"	0.994	"Small peptides"	0.995	"Dipeptides"	0.899	"Organic acids and derivatives"	0.998	"Carboxylic acids and derivatives"	0.994	"Amino acids, peptides, and analogues"	0.991	"Peptides"	0.951	"Dipeptides"	0.658	"Organic compounds; Lipids and lipid-like molecules; Amino acids, peptides, and analogues; Alpha amino acids and derivatives; Fatty acids and conjugates; Organic acids and derivatives; Carboxylic acids and derivatives; Organonitrogen compounds; Organooxygen compounds; Fatty amides; Amino acids and derivatives; Peptides; Monoalkylamines; Carboxylic acid amides; Carboxylic acid derivatives; N-acyl amines; N-acyl-alpha amino acids and derivatives; Carboxylic acids; Secondary carboxylic acid amides; Carbonyl compounds; Alpha amino acid amides; N-acyl-alpha amino acids; Amines; Primary amines; Fatty Acyls; Organic oxides; Hydrocarbon derivatives; Amino acids; Organopnictogen compounds; Organic oxygen compounds; Organic nitrogen compounds; Dipeptides; Chemical entities"	383.178	491	8.186	"645976583474653660"	"645976417422146411"	"946"	"BAD"
