"formulaRank"	"molecularFormula"	"adduct"	"precursorFormula"	"NPC#pathway"	"NPC#pathway Probability"	"NPC#superclass"	"NPC#superclass Probability"	"NPC#class"	"NPC#class Probability"	"ClassyFire#superclass"	"ClassyFire#superclass probability"	"ClassyFire#class"	"ClassyFire#class Probability"	"ClassyFire#subclass"	"ClassyFire#subclass Probability"	"ClassyFire#level 5"	"ClassyFire#level 5 Probability"	"ClassyFire#most specific class"	"ClassyFire#most specific class Probability"	"ClassyFire#all classifications"	"ionMass"	"retentionTimeInSeconds"	"retentionTimeInMinutes"	"formulaId"	"alignedFeatureId"	"mappingFeatureId"	"overallFeatureQuality"
1	"C24H26O14"	"[M - H]-"	"C24H25O14-"	"Shikimates and Phenylpropanoids"	1.000	"Flavonoids"	1.000	"Flavonols"	0.999	"Phenylpropanoids and polyketides"	0.999	"Flavonoids"	1.000	"Flavonoid glycosides"	0.997	"Flavonoid O-glycosides"	0.997	"Flavonoid-3-O-glycosides"	0.875	"Organic compounds; Organoheterocyclic compounds; Carbohydrates and carbohydrate conjugates; Pyrans; Benzopyrans; Alkyl aryl ethers; Alcohols and polyols; Phenols; Anisoles; Chromones; Methoxyphenols; Ethers; Phenylpropanoids and polyketides; Organic acids and derivatives; Primary alcohols; Organooxygen compounds; Flavonoids; Pyranones and derivatives; Flavonoid glycosides; Hexoses; Monosaccharides; Flavonoid O-glycosides; Flavones; Acetals; Secondary alcohols; Oxanes; Glycosyl compounds; O-glycosyl compounds; Benzene and substituted derivatives; Polyols; Phenol ethers; Benzenoids; O-methylated flavonoids; 8-O-methylated flavonoids; 3'-O-methylated flavonoids; 4'-hydroxyflavonoids; Hydroxyflavonoids; 5-hydroxyflavonoids; 7-hydroxyflavonoids; 1-benzopyrans; Flavonoid-3-O-glycosides; Vinylogous acids; Organic oxides; Dimethoxybenzenes; Methoxybenzenes; Oxacyclic compounds; Heteroaromatic compounds; Hydrocarbon derivatives; Organic oxygen compounds; 1-hydroxy-2-unsubstituted benzenoids; Phenoxy compounds; Chemical entities"	537.124	162	2.707	"645950057775866151"	"645949920613728655"	"1823"	"DECENT"
1	"C34H48O21"	"[M - H]-"	"C34H47O21-"	"Terpenoids"	0.999	"Monoterpenoids"	0.999	"Secoiridoid monoterpenoids"	1.000	"Lipids and lipid-like molecules"	0.956	"Prenol lipids"	0.966	"Terpene glycosides"	0.964			"Terpene glycosides"	0.964	"Organic compounds; Organoheterocyclic compounds; Carbohydrates and carbohydrate conjugates; Lipids and lipid-like molecules; Alcohols and polyols; Sugar acids and derivatives; Ethers; Prenol lipids; Organic acids and derivatives; Carboxylic acids and derivatives; Primary alcohols; Organooxygen compounds; Carboxylic acid derivatives; Carboxylic acids; Carboxylic acid esters; Monosaccharides; Monoterpenoids; Monocyclic monoterpenoids; Iridoids and derivatives; Acetals; Secondary alcohols; Carbonyl compounds; Tricarboxylic acids and derivatives; Oxanes; Terpene glycosides; Glycosyl compounds; O-glycosyl compounds; Polyols; Methyl esters; Enoate esters; Alpha,beta-unsaturated carboxylic esters; Vinylogous esters; Organic oxides; Oxacyclic compounds; Hydrocarbon derivatives; Organic oxygen compounds; Chemical entities"	791.261	167	2.781	"645950164512523536"	"645949921033159793"	"1953"	"DECENT"
1	"C33H48O20"	"[M - H2O - H]-"	"C33H45O19-"	"Terpenoids"	0.999	"Monoterpenoids"	1.000	"Secoiridoid monoterpenoids"	1.000	"Lipids and lipid-like molecules"	0.944	"Prenol lipids"	0.946	"Terpene glycosides"	0.943			"Terpene glycosides"	0.943	"Organic compounds; Organoheterocyclic compounds; Carbohydrates and carbohydrate conjugates; Lipids and lipid-like molecules; Alcohols and polyols; Sugar acids and derivatives; Ethers; Prenol lipids; Organic acids and derivatives; Carboxylic acids and derivatives; Primary alcohols; Organooxygen compounds; Carboxylic acid derivatives; Carboxylic acids; Carboxylic acid esters; Monosaccharides; Monoterpenoids; Monocyclic monoterpenoids; Iridoids and derivatives; Acetals; Secondary alcohols; Carbonyl compounds; Oxanes; Terpene glycosides; Glycosyl compounds; O-glycosyl compounds; Polyols; Methyl esters; Enoate esters; Alpha,beta-unsaturated carboxylic esters; Vinylogous esters; Organic oxides; Oxacyclic compounds; Hydrocarbon derivatives; Organic oxygen compounds; Chemical entities"	745.255	167	2.783	"645950100339666306"	"645949920945079248"	"1933"	"DECENT"
1	"C47H72O20"	"[M - H]-"	"C47H71O20-"	"Terpenoids"	0.999	"Triterpenoids"	0.999	"Oleanane triterpenoids"	0.964	"Lipids and lipid-like molecules"	0.999	"Prenol lipids"	0.994	"Terpene glycosides"	0.990	"Triterpene glycosides"	0.988	"Triterpene saponins"	0.988	"Organic compounds; Organoheterocyclic compounds; Carbohydrates and carbohydrate conjugates; Lipids and lipid-like molecules; Pyrans; Alcohols and polyols; Oligosaccharides; Sugar acids and derivatives; Ethers; Steroids and steroid derivatives; Prenol lipids; Organic acids and derivatives; Carboxylic acids and derivatives; Primary alcohols; Organooxygen compounds; Glucuronides; Hydroxy acids and derivatives; Carboxylic acid derivatives; Carboxylic acids; Carboxylic acid esters; Cyclic alcohols and derivatives; Hydroxysteroids; Triterpenoids; Triterpene glycosides; Acetals; Secondary alcohols; Beta hydroxy acids and derivatives; Fatty acyl glycosides; Carbonyl compounds; Oxanes; Terpene glycosides; Glucuronic acid derivatives; Glycosyl compounds; O-glycosyl compounds; Polyols; Triterpene saponins; O-glucuronides; 12-hydroxysteroids; 12-alpha-hydroxysteroids; Fatty Acyls; Organic oxides; Oxacyclic compounds; Hydrocarbon derivatives; Organic oxygen compounds; Chemical entities"	955.454	233	3.891	"645950062288937544"	"645949921070908653"	"1973"	"DECENT"
1	"C21H26O8"	"[M - H]-"	"C21H25O8-"	"Terpenoids"	0.987	"Diterpenoids"	0.523	"Picrotoxane sesquiterpenoids"	0.052	"Lipids and lipid-like molecules"	0.819	"Prenol lipids"	0.656	"Terpene lactones"	0.742	"Diterpene lactones"	0.767	"Diterpene lactones"	0.767	"Organic compounds; Organoheterocyclic compounds; Lipids and lipid-like molecules; Lactones; Alcohols and polyols; Ethers; Prenol lipids; Organic acids and derivatives; Carboxylic acids and derivatives; Organooxygen compounds; Dicarboxylic acids and derivatives; Carboxylic acid derivatives; Carboxylic acid esters; Delta valerolactones; Gamma butyrolactones; Terpene lactones; Cyclic alcohols and derivatives; Diterpene lactones; Diterpenoids; Secondary alcohols; Tertiary alcohols; Carbonyl compounds; Oxanes; Tetrahydrofurans; Organic oxides; Oxacyclic compounds; Hydrocarbon derivatives; Organic oxygen compounds; Chemical entities"	405.155	256	4.259	"645950001324725366"	"645949920030719255"	"1585"	"DECENT"
1	"C20H24O7"	"[M - H]-"	"C20H23O7-"	"Shikimates and Phenylpropanoids"	0.998	"Coumarins"	0.999	"Pyranocoumarins"	0.539	"Phenylpropanoids and polyketides"	0.996	"Coumarins and derivatives"	0.996					"Coumarins and derivatives"	0.996	"Organic compounds; Organoheterocyclic compounds; Lipids and lipid-like molecules; Lactones; Pyrans; Benzopyrans; Alkyl aryl ethers; Alcohols and polyols; Anisoles; Coumarins and derivatives; Ethers; Phenylpropanoids and polyketides; Organic acids and derivatives; Carboxylic acids and derivatives; Organooxygen compounds; Fatty acid esters; Pyranones and derivatives; Carboxylic acid derivatives; Monocarboxylic acids and derivatives; Carboxylic acid esters; Secondary alcohols; Tertiary alcohols; Carbonyl compounds; Phenol ethers; Benzenoids; 1-benzopyrans; Enoate esters; Alpha,beta-unsaturated carboxylic esters; Fatty Acyls; Organic oxides; Oxacyclic compounds; Heteroaromatic compounds; Hydrocarbon derivatives; Organic oxygen compounds; Chemical entities"	375.144	271	4.517	"645949997394662285"	"645949919741311779"	"1480"	"DECENT"
1	"C21H26O9"	"[M - H]-"	"C21H25O9-"	"Shikimates and Phenylpropanoids"	1.000	"Coumarins"	1.000	"Pyranocoumarins"	0.514	"Phenylpropanoids and polyketides"	0.999	"Coumarins and derivatives"	0.999					"Coumarins and derivatives"	0.999	"Organic compounds; Organoheterocyclic compounds; Lipids and lipid-like molecules; Lactones; Pyrans; Benzopyrans; Alkyl aryl ethers; Alcohols and polyols; Coumarins and derivatives; Ethers; Phenylpropanoids and polyketides; Organic acids and derivatives; Carboxylic acids and derivatives; Organooxygen compounds; Fatty acid esters; Pyranones and derivatives; Carboxylic acid derivatives; Monocarboxylic acids and derivatives; Carboxylic acid esters; Secondary alcohols; Tertiary alcohols; Carbonyl compounds; Polyols; Benzenoids; 1-benzopyrans; Enoate esters; Alpha,beta-unsaturated carboxylic esters; Fatty Acyls; Organic oxides; Oxacyclic compounds; Heteroaromatic compounds; Hydrocarbon derivatives; Organic oxygen compounds; Chemical entities"	421.150	272	4.535	"645949989077357023"	"645949920143965648"	"1620"	"DECENT"
1	"C20H24O7"	"[M - H]-"	"C20H23O7-"	"Shikimates and Phenylpropanoids"	0.999	"Coumarins"	0.999	"Pyranocoumarins"	0.251	"Phenylpropanoids and polyketides"	0.999	"Coumarins and derivatives"	0.997					"Coumarins and derivatives"	0.997	"Organic compounds; Organoheterocyclic compounds; Lipids and lipid-like molecules; Lactones; Pyrans; Benzopyrans; Alkyl aryl ethers; Alcohols and polyols; Anisoles; Coumarins and derivatives; Ethers; Phenylpropanoids and polyketides; Organic acids and derivatives; Carboxylic acids and derivatives; Organooxygen compounds; Fatty acid esters; Pyranones and derivatives; Carboxylic acid derivatives; Monocarboxylic acids and derivatives; Carboxylic acid esters; Secondary alcohols; Tertiary alcohols; Carbonyl compounds; Phenol ethers; Benzenoids; Aromatic alcohols; 1-benzopyrans; Enoate esters; Alpha,beta-unsaturated carboxylic esters; Fatty Acyls; Organic oxides; Oxacyclic compounds; Heteroaromatic compounds; Hydrocarbon derivatives; Organic oxygen compounds; Chemical entities"	375.144	272	4.537	"645949990910267979"	"645949919741311756"	"1470"	"DECENT"
1	"C11H16O4"	"[M - H]-"	"C11H15O4-"	"Fatty acids"	0.821	"Fatty Acids and Conjugates"	0.762	"Dicarboxylic acids"	0.499	"Lipids and lipid-like molecules"	0.801	"Fatty Acyls"	0.661	"Fatty acids and conjugates"	0.768	"Branched fatty acids"	0.751	"Methyl-branched fatty acids"	0.539	"Organic compounds; Lipids and lipid-like molecules; Fatty acids and conjugates; Organic acids and derivatives; Carboxylic acids and derivatives; Organooxygen compounds; Branched fatty acids; Unsaturated fatty acids; Dicarboxylic acids and derivatives; Carboxylic acids; Carbonyl compounds; Methyl-branched fatty acids; Fatty Acyls; Organic oxides; Hydrocarbon derivatives; Organic oxygen compounds; Chemical entities"	211.097	284	4.726	"645950000137737261"	"645949916838849788"	"555"	"DECENT"
1	"C21H26O8"	"[M - H]-"	"C21H25O8-"	"Terpenoids"	0.959	"Diterpenoids"	0.635	"Colensane and Clerodane diterpenoids"	0.047	"Organic acids and derivatives"	0.990	"Carboxylic acids and derivatives"	0.986	"Dicarboxylic acids and derivatives"	0.679			"Dicarboxylic acids and derivatives"	0.679	"Organic compounds; Organoheterocyclic compounds; Lactones; Ethers; Organic acids and derivatives; Carboxylic acids and derivatives; Organooxygen compounds; Dicarboxylic acids and derivatives; Carboxylic acid derivatives; Carboxylic acid esters; Gamma butyrolactones; Carbonyl compounds; Tetrahydrofurans; Organic oxides; Oxacyclic compounds; Hydrocarbon derivatives; Organic oxygen compounds; Chemical entities"	405.155	288	4.798	"645950013727282940"	"645949920022330614"	"1579"	"BAD"
1	"C20H18O3"	"[M - H]-"	"C20H17O3-"	"Shikimates and Phenylpropanoids"	0.996	"Lignans"	0.039	"Selaginellins"	0.038	"Benzenoids"	1.000	"Benzene and substituted derivatives"	0.999	"Diphenylmethanes"	0.940			"Diphenylmethanes"	0.940	"Organic compounds; Phenols; Organooxygen compounds; Diphenylmethanes; Benzene and substituted derivatives; Benzenoids; Hydrocarbon derivatives; Organic oxygen compounds; 1-hydroxy-2-unsubstituted benzenoids; Chemical entities"	305.118	315	5.248	"645950013978941225"	"645949918692734316"	"1136"	"DECENT"
1	"C36H58O10"	"[M - H]-"	"C36H57O10-"	"Terpenoids"	1.000	"Triterpenoids"	0.999	"Lanostane, Tirucallane and Euphane triterpenoids"	0.954	"Lipids and lipid-like molecules"	1.000	"Prenol lipids"	0.991	"Triterpenoids"	0.987			"Triterpenoids"	0.987	"Organic compounds; Organoheterocyclic compounds; Lipids and lipid-like molecules; Alcohols and polyols; Steroids and steroid derivatives; Prenol lipids; Organic acids and derivatives; Carboxylic acids and derivatives; Primary alcohols; Organooxygen compounds; Dicarboxylic acids and derivatives; Carboxylic acid derivatives; Carboxylic acids; Carboxylic acid esters; Cyclic alcohols and derivatives; Hydroxysteroids; Bile acids, alcohols and derivatives; Triterpenoids; Secondary alcohols; Tertiary alcohols; Steroid esters; Carbonyl compounds; Hydroxy bile acids, alcohols and derivatives; Polyols; 3-hydroxysteroids; 12-hydroxysteroids; Fatty Acyls; Organic oxides; Oxacyclic compounds; Hydrocarbon derivatives; Organic oxygen compounds; Chemical entities"	649.395	318	5.298	"645950012510934683"	"645949920794083984"	"1878"	"DECENT"
1	"C21H26O8"	"[M - H]-"	"C21H25O8-"	"Terpenoids"	0.993	"Diterpenoids"	0.970	"Gibberellins"	0.442	"Lipids and lipid-like molecules"	0.889	"Prenol lipids"	0.833	"Terpene lactones"	0.855	"Diterpene lactones"	0.843	"Diterpene lactones"	0.843	"Organic compounds; Organoheterocyclic compounds; Lipids and lipid-like molecules; Lactones; Ethers; Prenol lipids; Organic acids and derivatives; Carboxylic acids and derivatives; Organooxygen compounds; Dicarboxylic acids and derivatives; Carboxylic acid derivatives; Carboxylic acid esters; Gamma butyrolactones; Terpene lactones; Diterpene lactones; Diterpenoids; Carbonyl compounds; Tetrahydrofurans; Methyl esters; Enoate esters; Alpha,beta-unsaturated carboxylic esters; Organic oxides; Oxacyclic compounds; Hydrocarbon derivatives; Organic oxygen compounds; Chemical entities"	405.155	331	5.518	"645950030374476506"	"645949920030719238"	"1582"	"DECENT"
1	"C48H78O17"	"[M - H]-"	"C48H77O17-"	"Terpenoids"	1.000	"Triterpenoids"	1.000	"Oleanane triterpenoids"	0.992	"Lipids and lipid-like molecules"	1.000	"Prenol lipids"	0.999	"Terpene glycosides"	0.998	"Triterpene glycosides"	0.994	"Triterpene saponins"	0.994	"Organic compounds; Organoheterocyclic compounds; Carbohydrates and carbohydrate conjugates; Lipids and lipid-like molecules; Pyrans; Alcohols and polyols; Oligosaccharides; Sugar acids and derivatives; Ethers; Steroids and steroid derivatives; Prenol lipids; Organic acids and derivatives; Carboxylic acids and derivatives; Primary alcohols; Organooxygen compounds; Glucuronides; Hydroxy acids and derivatives; Monocarboxylic acids and derivatives; Carboxylic acids; Cyclic alcohols and derivatives; Triterpenoids; Triterpene glycosides; Acetals; Secondary alcohols; Beta hydroxy acids and derivatives; Fatty acyl glycosides; Carbonyl compounds; Oxanes; Terpene glycosides; Glucuronic acid derivatives; Glycosyl compounds; O-glycosyl compounds; Polyols; Triterpene saponins; O-glucuronides; Fatty Acyls; Organic oxides; Oxacyclic compounds; Hydrocarbon derivatives; Organic oxygen compounds; Chemical entities"	925.516	332	5.540	"645950051224362974"	"645949921070908616"	"1967"	"DECENT"
1	"C20H18O3"	"[M - H]-"	"C20H17O3-"	"Shikimates and Phenylpropanoids"	0.989	"Flavonoids"	0.098	"Chalcones"	0.105	"Benzenoids"	1.000	"Benzene and substituted derivatives"	0.981	"Diphenylmethanes"	0.787			"Diphenylmethanes"	0.787	"Organic compounds; Phenols; Organooxygen compounds; Diphenylmethanes; Benzene and substituted derivatives; Benzenoids; Organic oxides; Hydrocarbon derivatives; Organic oxygen compounds; 1-hydroxy-2-unsubstituted benzenoids; Chemical entities"	305.118	335	5.592	"645950021612574916"	"645949918726288805"	"1150"	"DECENT"
1	"C36H60O9"	"[M - H]-"	"C36H59O9-"	"Terpenoids"	1.000	"Triterpenoids"	1.000	"Lanostane, Tirucallane and Euphane triterpenoids"	1.000	"Lipids and lipid-like molecules"	1.000	"Prenol lipids"	0.975	"Triterpenoids"	0.985			"Triterpenoids"	0.985	"Organic compounds; Lipids and lipid-like molecules; Alcohols and polyols; Steroids and steroid derivatives; Prenol lipids; Organic acids and derivatives; Carboxylic acids and derivatives; Organooxygen compounds; Dicarboxylic acids and derivatives; Carboxylic acid derivatives; Tetrahydroxy bile acids, alcohols and derivatives; Carboxylic acids; Carboxylic acid esters; Cyclic alcohols and derivatives; Hydroxysteroids; Bile acids, alcohols and derivatives; Triterpenoids; Secondary alcohols; Tertiary alcohols; Steroid esters; Carbonyl compounds; Hydroxy bile acids, alcohols and derivatives; 3-hydroxysteroids; 12-hydroxysteroids; Organic oxides; Hydrocarbon derivatives; Organic oxygen compounds; Chemical entities"	635.416	341	5.690	"645950022241720527"	"645949920794084013"	"1883"	"DECENT"
1	"C24H38O5"	"[M - H]-"	"C24H37O5-"	"Terpenoids"	0.999	"Diterpenoids"	0.978	"Trachylobane diterpenoids"	0.458	"Lipids and lipid-like molecules"	0.971	"Prenol lipids"	0.905	"Diterpenoids"	0.953	"Kaurane diterpenoids"	0.825	"Kaurane diterpenoids"	0.825	"Organic compounds; Lipids and lipid-like molecules; Alcohols and polyols; Prenol lipids; Organic acids and derivatives; Carboxylic acids and derivatives; Primary alcohols; Organooxygen compounds; Dicarboxylic acids and derivatives; Hydroxy acids and derivatives; Carboxylic acid derivatives; Carboxylic acids; Carboxylic acid esters; Diterpenoids; Beta hydroxy acids and derivatives; Carbonyl compounds; Kaurane diterpenoids; Organic oxides; Hydrocarbon derivatives; Organic oxygen compounds; Chemical entities"	405.264	353	5.879	"645950025341311396"	"645949920030719280"	"1590"	"DECENT"
1	"C27H42O8"	"[M - H]-"	"C27H41O8-"	"Terpenoids"	0.991	"Diterpenoids"	0.920	"Eunicellane diterpenoids"	0.094	"Lipids and lipid-like molecules"	0.941	"Prenol lipids"	0.533	"Diterpenoids"	0.576			"Diterpenoids"	0.576	"Organic compounds; Lipids and lipid-like molecules; Ketones; Alcohols and polyols; Steroids and steroid derivatives; Prenol lipids; Organic acids and derivatives; Carboxylic acids and derivatives; Organooxygen compounds; Carboxylic acid derivatives; Carboxylic acid esters; Cyclic alcohols and derivatives; Hydroxysteroids; Diterpenoids; Secondary alcohols; Tertiary alcohols; Carbonyl compounds; Organic oxides; Hydrocarbon derivatives; Organic oxygen compounds; Chemical entities"	493.280	368	6.128	"645950029871159968"	"645949920404013025"	"1734"	"DECENT"
1	"C29H53NO8"	"[M - H]-"	"C29H52NO8-"	"Fatty acids"	0.964	"Macrolides"	0.348	"Polyene macrolides"	0.115	"Organic acids and derivatives"	0.997	"Carboxylic acids and derivatives"	0.997	"Amino acids, peptides, and analogues"	0.704	"Amino acids and derivatives"	0.701	"Amino acids and derivatives"	0.701	"Organic compounds; Organoheterocyclic compounds; Carbohydrates and carbohydrate conjugates; Lipids and lipid-like molecules; Amino acids, peptides, and analogues; Alcohols and polyols; Ethers; Organic acids and derivatives; Carboxylic acids and derivatives; Organonitrogen compounds; Organooxygen compounds; Fatty acid esters; Dicarboxylic acids and derivatives; Amino acids and derivatives; Monoalkylamines; Carboxylic acid derivatives; Carboxylic acids; Carboxylic acid esters; Hexoses; Monosaccharides; Acetals; Secondary alcohols; Beta hydroxy acids and derivatives; Carbonyl compounds; Oxanes; Glycosyl compounds; O-glycosyl compounds; Polyols; Amines; Primary amines; Fatty Acyls; Organic oxides; Oxacyclic compounds; Hydrocarbon derivatives; Organopnictogen compounds; Organic oxygen compounds; Organic nitrogen compounds; Chemical entities"	542.369	382	6.363	"645950035634134102"	"645949920609534314"	"1812"	"DECENT"
