"structurePerIdRank"	"formulaRank"	"ConfidenceScoreExact"	"ConfidenceScoreApproximate"	"CSI:FingerIDScore"	"ZodiacScore"	"SiriusScore"	"molecularFormula"	"adduct"	"precursorFormula"	"InChIkey2D"	"InChI"	"name"	"smiles"	"xlogp"	"pubchemids"	"links"	"dbflags"	"ionMass"	"retentionTimeInSeconds"	"retentionTimeInMinutes"	"formulaId"	"alignedFeatureId"	"mappingFeatureId"	"overallFeatureQuality"
1	13	0.002	0.002	-144.110		53.728	"C4H13N4O3P"	"[M - H]-"	"C4H12N4O3P-"	"GKYHQBZEAXICBV"	"InChI=1S/C4H14N4O3P/c5-3(6)1-10-12(9)11-2-4(7)8/h3-4H,1-2,5-8H2/q+1"	"Bis(2,2-diaminoethoxy)-oxophosphanium"	"C(C(N)N)O[P+](=O)OCC(N)N"	-3.500	"87103274"	"PUBCHEM:(87103274)"	"2"	195.065	127	2.115	"645949975806578502"	"645949916545248258"	"489"	"DECENT"
1	1	0.799	0.688	-21.814	1.000	115.264	"C24H26O14"	"[M - H]-"	"C24H25O14-"	"PRBUAZIWXABBBW"	"InChI=1S/C24H26O14/c1-33-10-6-8(4-5-9(10)26)19-23(38-24-17(31)16(30)13(27)11(7-25)36-24)15(29)12-14(28)21(34-2)18(32)22(35-3)20(12)37-19/h4-6,11,13,16-17,24-28,30-32H,7H2,1-3H3"	"5,7-dihydroxy-2-(4-hydroxy-3-methoxyphenyl)-6,8-dimethoxy-3-{[3,4,5-trihydroxy-6-(hydroxymethyl)oxan-2-yl]oxy}-4H-chromen-4-one"	"COC1=C(C=CC(=C1)C2=C(C(=O)C3=C(C(=C(C(=C3O2)OC)O)OC)O)OC4C(C(C(C(O4)CO)O)O)O)O"	0.600	"5319025;22524340;162906700;162906701;44260059;73981646"	"PUBCHEMANNOTATIONBIO:(null);COCONUT:(CNP0175097);HMDB:(HMDB0037690);CHEBI:(169107);LIPIDMAPS:(LMPK12113320);SUPERNATURAL:(SN0292967);FooDB:(FDB016818);PUBCHEM:(5319025 22524340 162906700 162906701 44260059 73981646);DSSTox:(DTXSID101110762);LOTUS:(Q105213605 Q110204717);PUBCHEMANNOTATIONDRUG:(null);KNAPSACK:(PRBUAZIWXABBBW-UHFFFAOYSA-N)"	"140445220922"	537.124	162	2.707	"645950057775866151"	"645949920613728655"	"1823"	"DECENT"
1	1	0.556	0.556	-112.280	0.936	116.679	"C34H48O21"	"[M - H]-"	"C34H47O21-"	"SCSKLJYWLJGMBY"	"InChI=1S/C34H48O21/c1-4-14-15(18(29(45)47-2)12-50-31(14)54-33-27(43)25(41)23(39)20(10-36)52-33)6-8-49-22(38)9-17-16(5-7-35)32(51-13-19(17)30(46)48-3)55-34-28(44)26(42)24(40)21(11-37)53-34/h4-5,12-15,17,20-21,23-28,31-37,39-44H,1,6-11H2,2-3H3"	"methyl 4-(2-{2-[3-ethenyl-5-(methoxycarbonyl)-2-{[3,4,5-trihydroxy-6-(hydroxymethyl)oxan-2-yl]oxy}-3,4-dihydro-2H-pyran-4-yl]ethoxy}-2-oxoethyl)-3-(2-hydroxyethylidene)-2-{[3,4,5-trihydroxy-6-(hydroxymethyl)oxan-2-yl]oxy}-3,4-dihydro-2H-pyran-5-carboxylate"	"COC(=O)C1=COC(C(C1CCOC(=O)CC2C(=COC(C2=CCO)OC3C(C(C(C(O3)CO)O)O)O)C(=O)OC)C=C)OC4C(C(C(C(O4)CO)O)O)O"	-3.900	"162994354;162994355"	"COCONUT:(CNP0267567);TeroMol:(TKC021876);SUPERNATURAL:(SN0341931);PUBCHEM:(162994354 162994355);LOTUS:(Q105250379)"	"279969794"	791.261	167	2.781	"645950164512523536"	"645949921033159793"	"1953"	"DECENT"
1	2	0.434	0.434	-59.360	0.323	83.454	"C33H46O19"	"[M - H]-"	"C33H45O19-"	"GXXXVFMBJGIYPK"	"InChI=1S/C33H46O19/c1-4-13-14(5-6-34)16(10-46-30(13)51-32-26(41)24(39)22(37)19(8-35)49-32)29(44)48-18-7-15-17(28(43)45-3)11-47-31(21(15)12(18)2)52-33-27(42)25(40)23(38)20(9-36)50-33/h4,6,10-15,18-27,30-33,35-42H,1,5,7-9H2,2-3H3"	"Cantleyoside"	"CC1C(CC2C1C(OC=C2C(=O)OC)OC3C(C(C(C(O3)CO)O)O)O)OC(=O)C4=COC(C(C4CC=O)C=C)OC5C(C(C(C(O5)CO)O)O)O"	-2.500	"154831879;163189584;101614437;162920176;12302405;12302406"	"COCONUT:(CNP0189580);TeroMol:(TKC130216 TKC020664);SUPERNATURAL:(SN0118301 SN0413072);PUBCHEM:(154831879 163189584 101614437 162920176 12302405 12302406);LOTUS:(Q104394309 Q105023458 Q105023455 Q105023456);KNAPSACK:(GXXXVFMBJGIYPK-UHFFFAOYSA-N)"	"279969810"	745.255	167	2.783	"645950100339666305"	"645949920945079248"	"1933"	"DECENT"
1	1	0.308	0.308	-102.449	0.973	101.482	"C47H72O20"	"[M - H]-"	"C47H71O20-"	"KUOJCJXXMJCHIN"	"InChI=1S/C47H72O20/c1-42(2)13-14-47(41(60)61)21(15-42)20-7-8-25-43(3)11-10-27(44(4,19-49)24(43)9-12-45(25,5)46(20,6)16-26(47)51)64-40-36(67-39-32(56)30(54)29(53)23(17-48)63-39)34(33(57)35(66-40)37(58)59)65-38-31(55)28(52)22(50)18-62-38/h7,19,21-36,38-40,48,50-57H,8-18H2,1-6H3,(H,58,59)(H,60,61)"	"6-[(8a-carboxy-4-formyl-8-hydroxy-4,6a,6b,11,11,14b-hexamethyl-1,2,3,4,4a,5,6,6a,6b,7,8,8a,9,10,11,12,12a,14,14a,14b-icosahydropicen-3-yl)oxy]-3-hydroxy-5-{[3,4,5-trihydroxy-6-(hydroxymethyl)oxan-2-yl]oxy}-4-[(3,4,5-trihydroxyoxan-2-yl)oxy]oxane-2-carboxylic acid"	"CC1(CCC2(C(C1)C3=CCC4C5(CCC(C(C5CCC4(C3(CC2O)C)C)(C)C=O)OC6C(C(C(C(O6)C(=O)O)O)OC7C(C(C(CO7)O)O)O)OC8C(C(C(C(O8)CO)O)O)O)C)C(=O)O)C"	1.000	"21672139;146612274;135292502;129601987;129601988;129601989;162921784;125042041;125042042;125042043;125042044;160357849;133145239;89016091;165340230;153495663;45258670;45360162;130278993;73820821"	"PUBCHEMANNOTATIONBIO:(null);COCONUT:(CNP0191288);HMDB:(HMDB0033406);TeroMol:(TKC050774 TKC139158 TKC139155 TKC139157 TKC139153 TKC139156 TKC139154);SUPERNATURAL:(SN0195812);FooDB:(FDB011440);PUBCHEM:(21672139 146612274 135292502 129601987 129601988 129601989 162921784 125042041 125042042 125042043 125042044 160357849 133145239 89016091 165340230 153495663 45258670 45360162 130278993 73820821);DSSTox:(DTXSID601112418);LOTUS:(Q105146263 Q105146262);PUBCHEMANNOTATIONDRUG:(null);PUBMED:(null)"	"138306125898"	955.454	233	3.891	"645950062288937544"	"645949921070908653"	"1973"	"DECENT"
1	1	0.051	0.051	-258.166	0.022	42.698	"C21H26O8"	"[M - H]-"	"C21H25O8-"	"RQEOTJKJDMCFIQ"	"InChI=1S/C21H26O8/c1-10-6-7-15(23)11(2)8-16-17(13(4)21(26)28-16)19(18(10)24)29-20(25)12(3)9-27-14(5)22/h6,8,15-19,23-24H,3-4,7,9H2,1-2,5H3"	"5,9-dihydroxy-6,10-dimethyl-3-methylidene-2-oxo-2H,3H,3aH,4H,5H,8H,9H,11aH-cyclodeca[b]furan-4-yl 2-[(acetyloxy)methyl]prop-2-enoate"	"CC1=CCC(C(=CC2C(C(C1O)OC(=O)C(=C)COC(=O)C)C(=C)C(=O)O2)C)O"	0.500	"162906283;162906284"	"COCONUT:(CNP0174692);TeroMol:(TKC043280 TKC171038);SUPERNATURAL:(SN0332259);PUBCHEM:(162906283 162906284);LOTUS:(Q105243276)"	"279969794"	405.155	256	4.259	"645950001324725366"	"645949920030719255"	"1585"	"DECENT"
1	1	0.198	0.395	-72.347	0.998	31.520	"C20H24O7"	"[M - H]-"	"C20H23O7-"	"GFMYIOGFYYHKLA"	"InChI=1S/C20H24O7/c1-6-11(2)19(23)27-18(20(3,4)24)17(22)13-9-12-7-8-16(21)26-14(12)10-15(13)25-5/h6-10,17-18,22,24H,1-5H3"	"Angelol B"	"CC=C(C)C(=O)OC(C(C1=C(C=C2C(=C1)C=CC(=O)O2)OC)O)C(C)(C)O"	2.100	"21669994;51665956;51694363;51694364;5257104;162934341;162934342;162934343;6313865;10022392;25112027;45783026;90851773;26176670;26176671;26176672"	"PUBCHEMANNOTATIONBIO:(null);HMDB:(HMDB0248421);BloodExposome:(10022392);SUPERNATURAL:(SN0104329);MESH:(21669994);PUBCHEM:(21669994 51665956 51694363 51694364 5257104 162934341 162934342 162934343 6313865 10022392 25112027 45783026 90851773 26176670 26176671 26176672);GNPS:(CCMSLIB00000847459 CCMSLIB00000847460);COCONUT:(CNP0204428);NORMAN:(NS00097395);CHEBI:(181202);DSSTox:(DTXSID101106545);LOTUS:(Q105007647 Q104392544 Q105007648 Q104392542);PUBMED:(null);KNAPSACK:(GFMYIOGFYYHKLA-UHFFFAOYSA-N)"	"137731772542"	375.144	271	4.517	"645949997394662285"	"645949919741311779"	"1480"	"DECENT"
1	2	0.219	0.358	-49.894	0.113	65.371	"C20H24O7"	"[M + CH2O2 - H]-"	"C21H25O9-"	"GFMYIOGFYYHKLA"	"InChI=1S/C20H24O7/c1-6-11(2)19(23)27-18(20(3,4)24)17(22)13-9-12-7-8-16(21)26-14(12)10-15(13)25-5/h6-10,17-18,22,24H,1-5H3"	"Angelol B"	"CC=C(C)C(=O)OC(C(C1=C(C=C2C(=C1)C=CC(=O)O2)OC)O)C(C)(C)O"	2.100	"21669994;51665956;51694363;51694364;5257104;162934341;162934342;162934343;6313865;10022392;25112027;45783026;90851773;26176670;26176671;26176672"	"PUBCHEMANNOTATIONBIO:(null);HMDB:(HMDB0248421);BloodExposome:(10022392);SUPERNATURAL:(SN0104329);MESH:(21669994);PUBCHEM:(21669994 51665956 51694363 51694364 5257104 162934341 162934342 162934343 6313865 10022392 25112027 45783026 90851773 26176670 26176671 26176672);GNPS:(CCMSLIB00000847459 CCMSLIB00000847460);COCONUT:(CNP0204428);NORMAN:(NS00097395);CHEBI:(181202);DSSTox:(DTXSID101106545);LOTUS:(Q105007647 Q104392544 Q105007648 Q104392542);PUBMED:(null);KNAPSACK:(GFMYIOGFYYHKLA-UHFFFAOYSA-N)"	"137731772542"	421.150	272	4.535	"645949989077357024"	"645949920143965648"	"1620"	"DECENT"
1	1	0.319	0.520	-34.093	0.999	51.093	"C20H24O7"	"[M - H]-"	"C20H23O7-"	"GFMYIOGFYYHKLA"	"InChI=1S/C20H24O7/c1-6-11(2)19(23)27-18(20(3,4)24)17(22)13-9-12-7-8-16(21)26-14(12)10-15(13)25-5/h6-10,17-18,22,24H,1-5H3"	"Angelol B"	"CC=C(C)C(=O)OC(C(C1=C(C=C2C(=C1)C=CC(=O)O2)OC)O)C(C)(C)O"	2.100	"21669994;51665956;51694363;51694364;5257104;162934341;162934342;162934343;6313865;10022392;25112027;45783026;90851773;26176670;26176671;26176672"	"PUBCHEMANNOTATIONBIO:(null);HMDB:(HMDB0248421);BloodExposome:(10022392);SUPERNATURAL:(SN0104329);MESH:(21669994);PUBCHEM:(21669994 51665956 51694363 51694364 5257104 162934341 162934342 162934343 6313865 10022392 25112027 45783026 90851773 26176670 26176671 26176672);GNPS:(CCMSLIB00000847459 CCMSLIB00000847460);COCONUT:(CNP0204428);NORMAN:(NS00097395);CHEBI:(181202);DSSTox:(DTXSID101106545);LOTUS:(Q105007647 Q104392544 Q105007648 Q104392542);PUBMED:(null);KNAPSACK:(GFMYIOGFYYHKLA-UHFFFAOYSA-N)"	"137731772542"	375.144	272	4.537	"645949990910267979"	"645949919741311756"	"1470"	"DECENT"
1	1	0.101	0.174	-30.493	0.999	26.199	"C11H16O4"	"[M - H]-"	"C11H15O4-"	"QEOAMNGZTSERJN"	"InChI=1S/C11H16O4/c1-7(5-9(3)11(14)15)4-8(2)6-10(12)13/h4,6,9H,5H2,1-3H3,(H,12,13)(H,14,15)"	"3,5,7-trimethylocta-2,4-dienedioic acid"	"CC(CC(=CC(=CC(=O)O)C)C)C(=O)O"	2.500	"102571596;156603036;100641526;100641540"	"COCONUT:(CNP0086993);SUPERNATURAL:(SN0303267);PUBCHEM:(102571596 156603036 100641526 100641540);DSSTox:(DTXSID001335888)"	"137442099202"	211.097	284	4.726	"645950000137737261"	"645949916838849788"	"555"	"DECENT"
1	1	0.063	0.063	-232.619	0.978	26.070	"C21H26O8"	"[M - H]-"	"C21H25O8-"	"QETMYTMLGOYCEH"	"InChI=1S/C21H26O8/c1-7-21(10-27-14(5)23)8-16(28-15(6)24)17-12(3)20(25)29-19(17)18(21)11(2)9-26-13(4)22/h7,16-19H,1-3,8-10H2,4-6H3"	"[4-(acetyloxy)-7-[3-(acetyloxy)prop-1-en-2-yl]-6-ethenyl-3-methylidene-2-oxo-octahydro-1-benzofuran-6-yl]methyl acetate"	"CC(=O)OCC(=C)C1C2C(C(CC1(COC(=O)C)C=C)OC(=O)C)C(=C)C(=O)O2"	2.300	"162975488;162975489"	"COCONUT:(CNP0247303);TeroMol:(TKC182042);SUPERNATURAL:(SN0303442);PUBCHEM:(162975488 162975489);LOTUS:(Q105219379)"	"279969794"	405.155	288	4.798	"645950013727282940"	"645949920022330614"	"1579"	"BAD"
1	19	0.056	0.056	-153.708		53.058	"C22H16N4O"	"[M - H]-"	"C22H15N4O-"	"FWTBRYBHCBCJEQ"	"InChI=1S/C22H16N4O/c27-18-12-10-17(11-13-18)24-26-22-15-14-21(19-8-4-5-9-20(19)22)25-23-16-6-2-1-3-7-16/h1-15,27H"		"C1=CC=C(C=C1)N=NC2=CC=C(C3=CC=CC=C32)N=NC4=CC=C(C=C4)O"	6.400	"22625"	"NORMAN:(NS00043358);PUBCHEMANNOTATIONSAFETYANDTOXIC:(null);PUBCHEM:(22625);DSSTox:(DTXSID1064166);PUBMED:(null)"	"137506324546"	351.123	315	5.246	"645950012565460664"	"645949919439321462"	"1383"	"DECENT"
1	1	0.494	0.494	-21.866	1.000	62.945	"C20H18O3"	"[M - H]-"	"C20H17O3-"	"YQOVRUAPWCGSLC"	"InChI=1S/C20H18O3/c21-18-6-1-14(2-7-18)11-16-5-10-20(23)17(13-16)12-15-3-8-19(22)9-4-15/h1-10,13,21-23H,11-12H2"	"2,4-bis[(4-hydroxyphenyl)methyl]phenol"	"C1=CC(=CC=C1CC2=CC(=C(C=C2)O)CC3=CC=C(C=C3)O)O"	4.700	"193195"	"COCONUT:(CNP0300124);SUPERNATURAL:(SN0457652);MESH:(193195);PUBCHEM:(193195);DSSTox:(DTXSID70188364);LOTUS:(Q4596774);PUBMED:(null)"	"137710534726"	305.118	315	5.248	"645950013978941225"	"645949918692734316"	"1136"	"DECENT"
1	1	0.069	0.080	-102.583	0.986	27.797	"C36H58O10"	"[M - H]-"	"C36H57O10-"	"CJHYKSSBQRABTM"	"InChI=1S/C36H58O10/c1-31(2)11-13-36(30(44)46-29-27(42)26(41)25(40)22(17-37)45-29)14-12-34(5)19(20(36)15-31)7-8-24-32(3)16-21(39)28(43)33(4,18-38)23(32)9-10-35(24,34)6/h7,20-29,37-43H,8-18H2,1-6H3"	"Arjunglucoside Ii"	"CC1(CCC2(CCC3(C(=CCC4C3(CCC5C4(CC(C(C5(C)CO)O)O)C)C)C2C1)C)C(=O)OC6C(C(C(C(O6)CO)O)O)O)C"	4.000	"154812485;124871298;76685101;5315231;22524615;23846529;124485143;101773370;102470478;52951052;162892538;162892539;162892540;162892541;162892542;162892543;162892544;10100765;73981773"	"COCONUT:(CNP0159594);TeroMol:(TKC143186 TKC143190 TKC064387 TKC143185 TKC143183 TKC143187 TKC143181 TKC059583 TKC143182 TKC143189 TKC143184);CHEBI:(67948);SUPERNATURAL:(SN0047265);PUBCHEM:(154812485 124871298 76685101 5315231 22524615 23846529 124485143 101773370 102470478 52951052 162892538 162892539 162892540 162892541 162892542 162892543 162892544 10100765 73981773);DSSTox:(DTXSID901316386);LOTUS:(Q104961142 Q104961144 Q105102673 Q27136425 Q104961141);GNPS:(CCMSLIB00000852892);PUBMED:(null);KNAPSACK:(CJHYKSSBQRABTM-UHFFFAOYSA-N)"	"137718927474"	649.395	318	5.298	"645950012510934683"	"645949920794083984"	"1878"	"DECENT"
1	1	0.059	0.059	-224.067	0.000	44.528	"C21H26O8"	"[M - H]-"	"C21H25O8-"	"RQEOTJKJDMCFIQ"	"InChI=1S/C21H26O8/c1-10-6-7-15(23)11(2)8-16-17(13(4)21(26)28-16)19(18(10)24)29-20(25)12(3)9-27-14(5)22/h6,8,15-19,23-24H,3-4,7,9H2,1-2,5H3"	"5,9-dihydroxy-6,10-dimethyl-3-methylidene-2-oxo-2H,3H,3aH,4H,5H,8H,9H,11aH-cyclodeca[b]furan-4-yl 2-[(acetyloxy)methyl]prop-2-enoate"	"CC1=CCC(C(=CC2C(C(C1O)OC(=O)C(=C)COC(=O)C)C(=C)C(=O)O2)C)O"	0.500	"162906283;162906284"	"COCONUT:(CNP0174692);TeroMol:(TKC043280 TKC171038);SUPERNATURAL:(SN0332259);PUBCHEM:(162906283 162906284);LOTUS:(Q105243276)"	"279969794"	405.155	331	5.518	"645950030374476506"	"645949920030719238"	"1582"	"DECENT"
1	1	0.737	0.824	-29.891	0.850	101.149	"C48H78O17"	"[M - H]-"	"C48H77O17-"	"ISTWCKNDZOSMPU"	"InChI=1S/C48H78O17/c1-21-29(51)31(53)35(57)40(60-21)64-37-32(54)30(52)24(20-49)61-41(37)65-38-34(56)33(55)36(39(58)59)63-42(38)62-28-13-14-46(7)25(44(28,4)5)12-15-48(9)26(46)11-10-22-23-18-43(2,3)19-27(50)45(23,6)16-17-47(22,48)8/h10,21,23-38,40-42,49-57H,11-20H2,1-9H3,(H,58,59)"	"Kaikasaponin Iii"	"CC1C(C(C(C(O1)OC2C(C(C(OC2OC3C(C(C(OC3OC4CCC5(C(C4(C)C)CCC6(C5CC=C7C6(CCC8(C7CC(CC8O)(C)C)C)C)C)C)C(=O)O)O)O)CO)O)O)O)O)O"	3.600	"21550434;21629874;9941103;154496829;101538997;162888712;162888713;162888714;162888715;162888716;162888717;162888718;162888719;162888720;162888721;162888722;89411459;71532684;44715814;24011669;188384;133556273;11968669"	"PUBCHEMANNOTATIONBIO:(null);HMDB:(HMDB0253756);TeroMol:(TKC148130 TKC148151 TKC148136 TKC148134 TKC148149 TKC148139 TKC148135 TKC058804 TKC148133 TKC148131 TKC148150 TKC058807 TKC148138 TKC148137 TKC148140);BloodExposome:(188384 21629874);SUPERNATURAL:(SN0154369);MESH:(188384);PUBCHEM:(21550434 21629874 9941103 154496829 101538997 162888712 162888713 162888714 162888715 162888716 162888717 162888718 162888719 162888720 162888721 162888722 89411459 71532684 44715814 24011669 188384 133556273 11968669);GNPS:(CCMSLIB00000845333 CCMSLIB00000851262);COCONUT:(CNP0155430);NORMAN:(NS00097630);DSSTox:(DTXSID30921673);LOTUS:(Q105119812 Q104399647 Q105119810 Q82894656);PUBMED:(null);KNAPSACK:(ISTWCKNDZOSMPU-UHFFFAOYSA-N)"	"137740161118"	925.516	332	5.540	"645950051224362974"	"645949921070908616"	"1967"	"DECENT"
1	1	0.438	0.438	-34.406	0.999	28.702	"C20H18O3"	"[M - H]-"	"C20H17O3-"	"YQOVRUAPWCGSLC"	"InChI=1S/C20H18O3/c21-18-6-1-14(2-7-18)11-16-5-10-20(23)17(13-16)12-15-3-8-19(22)9-4-15/h1-10,13,21-23H,11-12H2"	"2,4-bis[(4-hydroxyphenyl)methyl]phenol"	"C1=CC(=CC=C1CC2=CC(=C(C=C2)O)CC3=CC=C(C=C3)O)O"	4.700	"193195"	"COCONUT:(CNP0300124);SUPERNATURAL:(SN0457652);MESH:(193195);PUBCHEM:(193195);DSSTox:(DTXSID70188364);LOTUS:(Q4596774);PUBMED:(null)"	"137710534726"	305.118	335	5.592	"645950021612574916"	"645949918726288805"	"1150"	"DECENT"
1	1	0.485	0.930	-16.662	0.980	45.064	"C36H60O9"	"[M - H]-"	"C36H59O9-"	"SWRXIGFQDQTNKP"	"InChI=1S/C36H60O9/c1-20(10-13-26(37)32(4,5)43)21-14-15-35(8)22-11-12-25-31(2,3)30(42)24(45-29(41)19-33(6,44)18-28(39)40)17-34(25,7)23(22)16-27(38)36(21,35)9/h20-21,24-27,30,37-38,42-44H,10-19H2,1-9H3,(H,39,40)"	"Fasciculic Acid B"	"CC(CCC(C(C)(C)O)O)C1CCC2(C1(C(CC3=C2CCC4C3(CC(C(C4(C)C)O)OC(=O)CC(C)(CC(=O)O)O)C)O)C)C"	3.900	"14506482;14506483;124903794;124903795;124903796;124903797;101834715;162998258;162998259;162998260;162998261;162998262;73242211;196808"	"PUBCHEMANNOTATIONBIO:(null);HMDB:(HMDB0036438);TeroMol:(TKC142042 TKC142047 TKC142043 TKC121029 TKC057095 TKC142045 TKC147143 TKC142044);LIPIDMAPS:(LMST01010389);SUPERNATURAL:(SN0357358);MESH:(196808 14506482 73242211);FooDB:(FDB015325);PUBCHEM:(14506482 14506483 124903794 124903795 124903796 124903797 101834715 162998258 162998259 162998260 162998261 162998262 73242211 196808);GNPS:(CCMSLIB00000846703 CCMSLIB00004714503 CCMSLIB00000845606);COCONUT:(CNP0271803);NORMAN:(NS00097535);CHEBI:(168291 184011);DSSTox:(DTXSID30925732);LOTUS:(Q105262849 Q110178170);PUBCHEMANNOTATIONDRUG:(null);PUBMED:(null);KNAPSACK:(SWRXIGFQDQTNKP-UHFFFAOYSA-N)"	"140453875838"	635.416	341	5.690	"645950022241720527"	"645949920794084013"	"1883"	"DECENT"
1	1	0.772	0.772	-39.283	1.000	37.115	"C24H38O5"	"[M - H]-"	"C24H37O5-"	"FSQYXTHPPSJGNG"	"InChI=1S/C24H38O5/c1-15(2)20(26)29-13-17-12-23-10-7-19-22(3,18(23)6-5-16(17)11-23)8-4-9-24(19,14-25)21(27)28/h15-19,25H,4-14H2,1-3H3,(H,27,28)"	"5-(hydroxymethyl)-9-methyl-14-{[(2-methylpropanoyl)oxy]methyl}tetracyclo[11.2.1.0¹,¹⁰.0⁴,⁹]hexadecane-5-carboxylic acid"	"CC(C)C(=O)OCC1CC23CCC4C(C2CCC1C3)(CCCC4(CO)C(=O)O)C"	5.200	"118708065;53464551;163067811;76853554;147561139;163562783;146116073;71529656"	"COCONUT:(CNP0359422);TeroMol:(TKC001752);SUPERNATURAL:(SN0094511);PUBCHEM:(118708065 53464551 163067811 76853554 147561139 163562783 146116073 71529656);PUBMED:(null)"	"11534402"	405.264	353	5.879	"645950025341311396"	"645949920030719280"	"1590"	"DECENT"
1	2	0.065	0.065	-208.829	0.362	20.151	"C26H40O6"	"[M + CH2O2 - H]-"	"C27H41O8-"	"KJBDTBUYUDRWMT"	"InChI=1S/C26H40O6/c1-20(2)10-7-12-25(18-31-23(5)28)14-9-15-26(19-32-24(6)29)13-8-11-21(3)16-17-30-22(4)27/h10,13-14,16H,7-9,11-12,15,17-19H2,1-6H3"	"12-(acetyloxy)-6-[(acetyloxy)methyl]-10-methyl-2-(4-methylpent-3-en-1-yl)dodeca-2,6,10-trien-1-yl acetate"	"CC(=CCCC(=CCCC(=CCCC(=CCOC(=O)C)C)COC(=O)C)COC(=O)C)C"	5.800	"76401317;56776405;56776406"	"COCONUT:(CNP0034696);SUPERNATURAL:(SN0187003);PUBCHEM:(76401317 56776405 56776406);GNPS:(CCMSLIB00004709646)"	"3149826"	493.280	368	6.128	"645950029871159969"	"645949920404013025"	"1734"	"DECENT"
1	3	-Infinity	-Infinity	-349.251	0.017	13.740	"C24H39F3O4"	"[M - H]-"	"C24H38F3O4-"	"JBZVWJKOCVSCKZ"	"InChI=1S/C24H39F3O4/c1-11-22(10,30-20(28)15(2)3)14-12-13-18(8)23(16(4)5,17(6)7)31-21(29)19(9)24(25,26)27/h16-18H,2,9,11-14H2,1,3-8,10H3"	"[2,4,8-Trimethyl-8-(2-methylprop-2-enoyloxy)-3-propan-2-yldecan-3-yl] 2-(trifluoromethyl)prop-2-enoate"	"CCC(C)(CCCC(C)C(C(C)C)(C(C)C)OC(=O)C(=C)C(F)(F)F)OC(=O)C(=C)C"	8.000	"134478945"	"PUBCHEM:(134478945)"	"2"	447.275	368	6.132	"645950030877793030"	"645949920273989305"	"1673"	"DECENT"
1	1	0.111	0.111	-340.952	0.603	61.293	"C29H53NO8"	"[M - H]-"	"C29H52NO8-"	"JMBNBSZNQHQINZ"	"InChI=1S/C29H53NO8/c1-4-6-7-8-9-10-11-12-13-14-15-16-17-18-19-20-25(33)38-28-26(30-22(3)31)29(35)37-23(27(28)34)21-36-24(32)5-2/h23,26-29,34-35H,4-21H2,1-3H3,(H,30,31)"	"Dictyoglucosamine A"	"CCCCCCCCCCCCCCCCCC(=O)OC1C(C(OC(C1O)COC(=O)CC)O)NC(=O)C"	6.900	"85343427;10951680"	"COCONUT:(CNP0287555);SUPERNATURAL:(SN0169131);PUBCHEM:(85343427 10951680);LOTUS:(Q77491081)"	"271581186"	542.369	382	6.363	"645950035634134102"	"645949920609534314"	"1812"	"DECENT"
