"formulaRank"	"molecularFormula"	"adduct"	"precursorFormula"	"NPC#pathway"	"NPC#pathway Probability"	"NPC#superclass"	"NPC#superclass Probability"	"NPC#class"	"NPC#class Probability"	"ClassyFire#superclass"	"ClassyFire#superclass probability"	"ClassyFire#class"	"ClassyFire#class Probability"	"ClassyFire#subclass"	"ClassyFire#subclass Probability"	"ClassyFire#level 5"	"ClassyFire#level 5 Probability"	"ClassyFire#most specific class"	"ClassyFire#most specific class Probability"	"ClassyFire#all classifications"	"ionMass"	"retentionTimeInSeconds"	"retentionTimeInMinutes"	"formulaId"	"alignedFeatureId"	"mappingFeatureId"	"overallFeatureQuality"
1	"C20H36O10"	"[M - H]-"	"C20H35O10-"	"Terpenoids"	0.904	"Monoterpenoids"	0.344	"Fatty acyl glycosides of mono- and disaccharides"	0.385	"Lipids and lipid-like molecules"	0.942	"Fatty Acyls"	0.833	"Fatty acyl glycosides"	0.722	"Alkyl glycosides"	0.639	"Alkyl glycosides"	0.639	"Organic compounds; Organoheterocyclic compounds; Carbohydrates and carbohydrate conjugates; Lipids and lipid-like molecules; Alcohols and polyols; Ethers; Prenol lipids; Primary alcohols; Organooxygen compounds; Hexoses; Monosaccharides; Acetals; Secondary alcohols; Fatty acyl glycosides; Oxanes; Glycosyl compounds; Alkyl glycosides; O-glycosyl compounds; Polyols; Fatty acyl glycosides of mono- and disaccharides; Fatty Acyls; Oxacyclic compounds; Hydrocarbon derivatives; Organic oxygen compounds; Chemical entities"	435.223	61	1.009	"645931181450397539"	"645931063166818812"	"2574"	"DECENT"
1	"C8H8O4"	"[M - H]-"	"C8H7O4-"	"Shikimates and Phenylpropanoids"	0.971	"Phenolic acids (C6-C1)"	0.810	"Simple phenolic acids"	0.511	"Benzenoids"	0.999	"Benzene and substituted derivatives"	0.991	"Phenylacetic acids"	0.638	"2(hydroxyphenyl)acetic acids"	0.638	"2(hydroxyphenyl)acetic acids"	0.638	"Organic compounds; Alcohols and polyols; Phenols; Organic acids and derivatives; Carboxylic acids and derivatives; Organooxygen compounds; Phenylacetic acids; Hydroxy acids and derivatives; Monocarboxylic acids and derivatives; Carboxylic acids; Benzenediols; Alpha hydroxy acids and derivatives; Secondary alcohols; Carbonyl compounds; Benzene and substituted derivatives; Benzenoids; Aromatic alcohols; Organic oxides; Hydrocarbon derivatives; Organic oxygen compounds; 2(hydroxyphenyl)acetic acids; 1-hydroxy-2-unsubstituted benzenoids; 1-hydroxy-4-unsubstituted benzenoids; Chemical entities"	167.034	64	1.065	"645931212068818793"	"645931058628575244"	"1034"	"DECENT"
1	"C15H20O8"	"[M - H]-"	"C15H19O8-"	"Shikimates and Phenylpropanoids"	0.858	"Phenylpropanoids (C6-C3)"	0.197	"Cinnamic acids and derivatives"	0.401	"Organic oxygen compounds"	1.000	"Organooxygen compounds"	1.000	"Carbohydrates and carbohydrate conjugates"	0.999	"Glycosyl compounds"	0.954	"Phenolic glycosides"	0.746	"Organic compounds; Organoheterocyclic compounds; Carbohydrates and carbohydrate conjugates; Ketones; Alcohols and polyols; Ethers; Primary alcohols; Benzoyl derivatives; Organooxygen compounds; Monocarboxylic acids and derivatives; Hexoses; Monosaccharides; Acetals; Secondary alcohols; Carbonyl compounds; Oxanes; Glycosyl compounds; O-glycosyl compounds; Benzene and substituted derivatives; Polyols; Phenol ethers; Benzenoids; Aryl ketones; Aryl alkyl ketones; Organic oxides; Oxacyclic compounds; Hydrocarbon derivatives; Phenolic glycosides; Phenylketones; Alkyl-phenylketones; Organic oxygen compounds; Phenoxy compounds; Chemical entities"	327.108	69	1.157	"645931192900848296"	"645931061434568064"	"1902"	"DECENT"
1	"C8H8O4"	"[M - H]-"	"C8H7O4-"	"Shikimates and Phenylpropanoids"	0.971	"Phenolic acids (C6-C1)"	0.809	"Simple phenolic acids"	0.517	"Benzenoids"	0.998	"Benzene and substituted derivatives"	0.991	"Phenylacetic acids"	0.664	"2(hydroxyphenyl)acetic acids"	0.664	"2(hydroxyphenyl)acetic acids"	0.664	"Organic compounds; Alcohols and polyols; Phenols; Organic acids and derivatives; Carboxylic acids and derivatives; Organooxygen compounds; Phenylacetic acids; Hydroxy acids and derivatives; Monocarboxylic acids and derivatives; Carboxylic acids; Benzenediols; Alpha hydroxy acids and derivatives; Secondary alcohols; Carbonyl compounds; Benzene and substituted derivatives; Benzenoids; Aromatic alcohols; Organic oxides; Hydrocarbon derivatives; Organic oxygen compounds; 2(hydroxyphenyl)acetic acids; 1-hydroxy-2-unsubstituted benzenoids; 1-hydroxy-4-unsubstituted benzenoids; Chemical entities"	167.034	118	1.971	"645931193483856605"	"645931058754404425"	"1051"	"DECENT"
1	"C27H30O14"	"[M - H]-"	"C27H29O14-"	"Shikimates and Phenylpropanoids"	0.999	"Flavonoids"	0.996	"Flavones"	0.994	"Phenylpropanoids and polyketides"	0.997	"Flavonoids"	0.990	"Flavonoid glycosides"	0.975	"Flavonoid O-glycosides"	0.972	"Flavonoid-7-O-glycosides"	0.924	"Organic compounds; Organoheterocyclic compounds; Carbohydrates and carbohydrate conjugates; Pyrans; Benzopyrans; Alcohols and polyols; Phenols; Chromones; Ethers; Phenylpropanoids and polyketides; Organic acids and derivatives; Primary alcohols; Organooxygen compounds; Flavonoids; Pyranones and derivatives; Flavonoid glycosides; Disaccharides; Flavonoid O-glycosides; Flavones; Acetals; Secondary alcohols; Oxanes; Glycosyl compounds; O-glycosyl compounds; Benzene and substituted derivatives; Polyols; Benzenoids; 4'-hydroxyflavonoids; Hydroxyflavonoids; 5-hydroxyflavonoids; 1-benzopyrans; Flavonoid-7-O-glycosides; Vinylogous acids; Organic oxides; Oxacyclic compounds; Heteroaromatic compounds; Hydrocarbon derivatives; Phenolic glycosides; Organic oxygen compounds; 1-hydroxy-2-unsubstituted benzenoids; 1-hydroxy-4-unsubstituted benzenoids; Chemical entities"	577.156	119	1.989	"645931219706646765"	"645931064450278442"	"3092"	"DECENT"
1	"C20H22O10"	"[M - H]-"	"C20H21O10-"	"Shikimates and Phenylpropanoids"	0.998	"Phenolic acids (C6-C1)"	0.997	"Simple phenolic acids"	0.991	"Organic oxygen compounds"	1.000	"Organooxygen compounds"	1.000	"Carbohydrates and carbohydrate conjugates"	1.000	"Glycosyl compounds"	0.990	"Phenolic glycosides"	0.978	"Organic compounds; Organoheterocyclic compounds; Carbohydrates and carbohydrate conjugates; Alcohols and polyols; Phenols; Catechols; Benzoic acids and derivatives; Ethers; Organic acids and derivatives; Carboxylic acids and derivatives; Primary alcohols; Benzoyl derivatives; Organooxygen compounds; Carboxylic acid derivatives; Benzyloxycarbonyls; Monocarboxylic acids and derivatives; Carboxylic acid esters; Hydroxybenzoic acid derivatives; Benzenediols; Benzoic acid esters; Hexoses; Monosaccharides; Acetals; Secondary alcohols; Oxanes; Glycosyl compounds; O-glycosyl compounds; Benzene and substituted derivatives; Polyols; Phenol ethers; Benzenoids; Organic oxides; Oxacyclic compounds; Hydrocarbon derivatives; Phenolic glycosides; Organic oxygen compounds; 1-hydroxy-2-unsubstituted benzenoids; 1-hydroxy-4-unsubstituted benzenoids; m-Hydroxybenzoic acid esters; p-Hydroxybenzoic acid esters; p-Hydroxybenzoic acid alkyl esters; Phenoxy compounds; Chemical entities"	421.114	134	2.233	"645931201398508731"	"645931064852932537"	"3246"	"DECENT"
1	"C12H22O4"	"[M - H]-"	"C12H21O4-"	"Fatty acids"	0.991	"Fatty Acids and Conjugates"	0.896	"Hydroxy fatty acids"	0.785	"Organic acids and derivatives"	0.996	"Hydroxy acids and derivatives"	0.378	"Medium-chain hydroxy acids and derivatives"	0.578			"Medium-chain hydroxy acids and derivatives"	0.578	"Organic compounds; Lipids and lipid-like molecules; Alcohols and polyols; Fatty acids and conjugates; Organic acids and derivatives; Carboxylic acids and derivatives; Medium-chain hydroxy acids and derivatives; Organooxygen compounds; Hydroxy fatty acids; Monocarboxylic acids and derivatives; Carboxylic acids; Secondary alcohols; Carbonyl compounds; Medium-chain fatty acids; Fatty Acyls; Organic oxides; Hydrocarbon derivatives; Organic oxygen compounds; Chemical entities"	229.144	136	2.274	"645931202732297517"	"645931059148669240"	"1109"	"DECENT"
1	"C53H86O25"	"[M - H]-"	"C53H85O25-"	"Terpenoids"	0.995	"Triterpenoids"	0.987	"Oleanane triterpenoids"	0.947	"Lipids and lipid-like molecules"	0.998	"Prenol lipids"	0.983	"Terpene glycosides"	0.977	"Triterpene glycosides"	0.962	"Triterpene saponins"	0.962	"Organic compounds; Organoheterocyclic compounds; Carbohydrates and carbohydrate conjugates; Lipids and lipid-like molecules; Pyrans; Alcohols and polyols; Oligosaccharides; Sugar acids and derivatives; Ethers; Steroids and steroid derivatives; Prenol lipids; Organic acids and derivatives; Carboxylic acids and derivatives; Primary alcohols; Organooxygen compounds; Glucuronides; Hydroxy acids and derivatives; Carboxylic acid derivatives; Carboxylic acids; Carboxylic acid esters; Cyclic alcohols and derivatives; Triterpenoids; Triterpene glycosides; Acetals; Secondary alcohols; Beta hydroxy acids and derivatives; Fatty acyl glycosides; Carbonyl compounds; Oxanes; Terpene glycosides; Glucuronic acid derivatives; Glycosyl compounds; O-glycosyl compounds; Polyols; Triterpene saponins; O-glucuronides; Fatty Acyls; Organic oxides; Oxacyclic compounds; Hydrocarbon derivatives; Organic oxygen compounds; Chemical entities"	1121.538	163	2.720	"645931468869292952"	"645931065637268802"	"3493"	"DECENT"
1	"C28H32O16"	"[M - H]-"	"C28H31O16-"	"Shikimates and Phenylpropanoids"	1.000	"Flavonoids"	1.000	"Flavonols"	0.996	"Phenylpropanoids and polyketides"	0.999	"Flavonoids"	1.000	"Flavonoid glycosides"	0.999	"Flavonoid O-glycosides"	0.998	"Flavonoid-3-O-glycosides"	0.999	"Organic compounds; Organoheterocyclic compounds; Carbohydrates and carbohydrate conjugates; Pyrans; Benzopyrans; Alkyl aryl ethers; Alcohols and polyols; Phenols; Anisoles; Chromones; Ethers; Phenylpropanoids and polyketides; Organic acids and derivatives; Primary alcohols; Organooxygen compounds; Flavonoids; Pyranones and derivatives; Flavonoid glycosides; Disaccharides; Flavonoid O-glycosides; Flavones; Acetals; Secondary alcohols; Oxanes; Glycosyl compounds; O-glycosyl compounds; Benzene and substituted derivatives; Polyols; Phenol ethers; Benzenoids; O-methylated flavonoids; 7-O-methylated flavonoids; 4'-hydroxyflavonoids; Hydroxyflavonoids; 5-hydroxyflavonoids; 1-benzopyrans; Flavonoid-3-O-glycosides; Vinylogous acids; Organic oxides; Oxacyclic compounds; Heteroaromatic compounds; Hydrocarbon derivatives; Organic oxygen compounds; 1-hydroxy-2-unsubstituted benzenoids; 1-hydroxy-4-unsubstituted benzenoids; Chemical entities"	623.162	195	3.245	"645931367715256163"	"645931064689354302"	"3185"	"DECENT"
1	"C22H22O12"	"[M - H]-"	"C22H21O12-"	"Shikimates and Phenylpropanoids"	1.000	"Flavonoids"	0.999	"Flavonols"	0.999	"Phenylpropanoids and polyketides"	0.997	"Flavonoids"	0.999	"Flavonoid glycosides"	0.998	"Flavonoid O-glycosides"	0.997	"Flavonoid-3-O-glycosides"	0.941	"Organic compounds; Organoheterocyclic compounds; Carbohydrates and carbohydrate conjugates; Pyrans; Benzopyrans; Alkyl aryl ethers; Alcohols and polyols; Phenols; Anisoles; Chromones; Ethers; Phenylpropanoids and polyketides; Organic acids and derivatives; Primary alcohols; Organooxygen compounds; Flavonoids; Pyranones and derivatives; Flavonoid glycosides; Benzenediols; Hexoses; Monosaccharides; Flavonoid O-glycosides; Flavones; Acetals; Secondary alcohols; Oxanes; Glycosyl compounds; O-glycosyl compounds; Benzene and substituted derivatives; Polyols; Phenol ethers; Benzenoids; O-methylated flavonoids; 7-O-methylated flavonoids; 3'-hydroxyflavonoids; 4'-hydroxyflavonoids; Hydroxyflavonoids; 5-hydroxyflavonoids; 7-hydroxyflavonoids; 1-benzopyrans; Flavonoid-3-O-glycosides; Vinylogous acids; Organic oxides; Oxacyclic compounds; Heteroaromatic compounds; Hydrocarbon derivatives; Organic oxygen compounds; 1-hydroxy-2-unsubstituted benzenoids; 1-hydroxy-4-unsubstituted benzenoids; Phenoxy compounds; Chemical entities"	477.103	213	3.543	"645931220327403802"	"645931063946960938"	"2900"	"DECENT"
1	"C17H28O6"	"[M - H]-"	"C17H27O6-"	"Fatty acids"	0.609	"Sesquiterpenoids"	0.345	"Fatty alcohols"	0.019	"Lipids and lipid-like molecules"	0.960	"Fatty Acyls"	0.861	"Fatty acids and conjugates"	0.692	"Medium-chain fatty acids"	0.512	"Medium-chain fatty acids"	0.512	"Organic compounds; Lipids and lipid-like molecules; Alcohols and polyols; Fatty acids and conjugates; Organic acids and derivatives; Carboxylic acids and derivatives; Organooxygen compounds; Branched fatty acids; Hydroxy fatty acids; Dicarboxylic acids and derivatives; Hydroxy acids and derivatives; Carboxylic acid derivatives; Carboxylic acids; Carboxylic acid esters; Secondary alcohols; Beta hydroxy acids and derivatives; Carbonyl compounds; Medium-chain fatty acids; Fatty Acyls; Organic oxides; Hydrocarbon derivatives; Organic oxygen compounds; Chemical entities"	327.181	223	3.723	"645931212131733366"	"645931061518454266"	"1927"	"DECENT"
1	"C17H28O6"	"[M - H]-"	"C17H27O6-"	"Fatty acids"	0.658	"Sesquiterpenoids"	0.415	"Drimane sesquiterpenoids"	0.160	"Organic acids and derivatives"	0.999	"Hydroxy acids and derivatives"	0.680					"Hydroxy acids and derivatives"	0.680	"Organic compounds; Lipids and lipid-like molecules; Alcohols and polyols; Fatty acids and conjugates; Organic acids and derivatives; Carboxylic acids and derivatives; Primary alcohols; Organooxygen compounds; Hydroxy fatty acids; Dicarboxylic acids and derivatives; Hydroxy acids and derivatives; Carboxylic acid derivatives; Carboxylic acids; Carboxylic acid esters; Secondary alcohols; Carbonyl compounds; Fatty Acyls; Organic oxides; Hydrocarbon derivatives; Organic oxygen compounds; Chemical entities"	327.181	236	3.927	"645931211867492184"	"645931061522648576"	"1933"	"DECENT"
1	"C27H24O11"	"[M - H]-"	"C27H23O11-"	"Polyketides"	0.562	"Naphthalenes"	0.117	"Naphthalenes and derivatives"	0.053	"Organic oxygen compounds"	1.000	"Organooxygen compounds"	1.000	"Carbohydrates and carbohydrate conjugates"	0.995	"Glycosyl compounds"	0.849	"Phenolic glycosides"	0.584	"Organic compounds; Organoheterocyclic compounds; Carbohydrates and carbohydrate conjugates; Lipids and lipid-like molecules; Naphthalenes; Styrenes; Lactones; Coumaric acids and derivatives; Alcohols and polyols; Phenols; Ethers; Organic acids and derivatives; Carboxylic acids and derivatives; Primary alcohols; Organooxygen compounds; Fatty acid esters; Coumaric acid esters; Cinnamic acids and derivatives; Carboxylic acid derivatives; Monocarboxylic acids and derivatives; Carboxylic acid esters; Hydroxycinnamic acids and derivatives; Monosaccharides; Naphthofurans; Acetals; Secondary alcohols; Carbonyl compounds; Phthalides; Oxanes; Glycosyl compounds; O-glycosyl compounds; Benzene and substituted derivatives; Naphthols and derivatives; Benzenoids; Hydroxycinnamic acid esters; Isobenzofuranones; Cinnamic acid esters; Enoate esters; Alpha,beta-unsaturated carboxylic esters; Vinylogous acids; Fatty Acyls; Organic oxides; Oxacyclic compounds; Hydrocarbon derivatives; Phenolic glycosides; Isocoumarans; Organic oxygen compounds; 1-hydroxy-2-unsubstituted benzenoids; Chemical entities"	523.124	271	4.510	"645931219568234721"	"645931064110539088"	"2959"	"DECENT"
1	"C31H48O9"	"[M - H]-"	"C31H47O9-"	"Terpenoids"	1.000	"Triterpenoids"	1.000	"Cucurbitane triterpenoids"	1.000	"Lipids and lipid-like molecules"	0.998	"Steroids and steroid derivatives"	0.996	"Cucurbitacins"	0.999			"Cucurbitacins"	0.999	"Organic compounds; Lipids and lipid-like molecules; Ketones; Alcohols and polyols; Steroids and steroid derivatives; Prenol lipids; Organic acids and derivatives; Carboxylic acids and derivatives; Organooxygen compounds; Carboxylic acid derivatives; Monocarboxylic acids and derivatives; Oxosteroids; Carboxylic acid esters; Cyclic alcohols and derivatives; Hydroxysteroids; Triterpenoids; Secondary alcohols; Tertiary alcohols; Cucurbitacins; Steroid esters; Carbonyl compounds; Acyloins; Alpha-hydroxy ketones; 3-hydroxy delta-5-steroids; 3-oxo delta-5-steroids; Delta-5-steroids; 3-hydroxysteroids; 11-oxosteroids; Alpha,beta-unsaturated carbonyl compounds; 16-hydroxysteroids; Alpha,beta-unsaturated ketones; Organic oxides; Hydrocarbon derivatives; Organic oxygen compounds; Chemical entities"	563.322	271	4.521	"645931258042587661"	"645931064358003557"	"3054"	"DECENT"
1	"C30H46O7"	"[M - H]-"	"C30H45O7-"	"Terpenoids"	1.000	"Triterpenoids"	1.000	"Cucurbitane triterpenoids"	1.000	"Lipids and lipid-like molecules"	0.998	"Steroids and steroid derivatives"	0.992	"Cucurbitacins"	0.996			"Cucurbitacins"	0.996	"Organic compounds; Lipids and lipid-like molecules; Ketones; Alcohols and polyols; Steroids and steroid derivatives; Prenol lipids; Carboxylic acids and derivatives; Acryloyl compounds; Organooxygen compounds; Carboxylic acid derivatives; Monocarboxylic acids and derivatives; Oxosteroids; Carboxylic acid esters; Cyclic alcohols and derivatives; Hydroxysteroids; Enones; Triterpenoids; Secondary alcohols; Tertiary alcohols; Cucurbitacins; Steroid esters; Carbonyl compounds; Acyloins; Alpha-hydroxy ketones; 3-hydroxy delta-5-steroids; 3-oxo delta-5-steroids; Delta-5-steroids; 3-oxosteroids; 11-oxosteroids; Alpha,beta-unsaturated carbonyl compounds; 16-hydroxysteroids; Cyclic ketones; Alpha,beta-unsaturated ketones; Organic oxides; Hydrocarbon derivatives; Organic oxygen compounds; Chemical entities"	517.316	272	4.541	"645931249532344244"	"645931063972126781"	"2899"	"DECENT"
1	"C42H68O15"	"[M - H]-"	"C42H67O15-"	"Terpenoids"	0.998	"Triterpenoids"	0.997	"Oleanane triterpenoids"	0.930	"Lipids and lipid-like molecules"	0.997	"Prenol lipids"	0.969	"Terpene glycosides"	0.497	"Triterpene glycosides"	0.532	"Triterpene saponins"	0.532	"Organic compounds; Organoheterocyclic compounds; Carbohydrates and carbohydrate conjugates; Lipids and lipid-like molecules; Alcohols and polyols; Ethers; Steroids and steroid derivatives; Prenol lipids; Organic acids and derivatives; Carboxylic acids and derivatives; Primary alcohols; Organooxygen compounds; Monocarboxylic acids and derivatives; Carboxylic acids; Cyclic alcohols and derivatives; Monosaccharides; Triterpenoids; Triterpene glycosides; Acetals; Secondary alcohols; Carbonyl compounds; Oxanes; Glycosyl compounds; O-glycosyl compounds; Polyols; Triterpene saponins; Organic oxides; Oxacyclic compounds; Hydrocarbon derivatives; Organic oxygen compounds; Chemical entities"	811.448	292	4.871	"645931268318633159"	"645931065410775823"	"3408"	"DECENT"
1	"C41H66O13"	"[M + CH2O2 - H]-"	"C42H67O15-"	"Terpenoids"	0.999	"Triterpenoids"	0.993	"Oleanane triterpenoids"	0.898	"Lipids and lipid-like molecules"	0.988	"Prenol lipids"	0.960	"Triterpenoids"	0.964			"Triterpenoids"	0.964	"Organic compounds; Organoheterocyclic compounds; Carbohydrates and carbohydrate conjugates; Lipids and lipid-like molecules; Alcohols and polyols; Ethers; Prenol lipids; Organic acids and derivatives; Carboxylic acids and derivatives; Primary alcohols; Organooxygen compounds; Monocarboxylic acids and derivatives; Carboxylic acids; Carboxylic acid esters; Disaccharides; Triterpenoids; Acetals; Secondary alcohols; Carbonyl compounds; Oxanes; Glycosyl compounds; O-glycosyl compounds; Polyols; Organic oxides; Oxacyclic compounds; Hydrocarbon derivatives; Organic oxygen compounds; Chemical entities"	811.448	295	4.916	"645931234713867172"	"645931065406581509"	"3407"	"DECENT"
1	"C38H60O13"	"[M - H]-"	"C38H59O13-"	"Terpenoids"	1.000	"Triterpenoids"	1.000	"Cucurbitane triterpenoids"	1.000	"Lipids and lipid-like molecules"	0.998	"Steroids and steroid derivatives"	0.995	"Steroidal glycosides"	0.992	"Steroidal saponins"	0.992	"Cucurbitacin glycosides"	0.990	"Organic compounds; Organoheterocyclic compounds; Carbohydrates and carbohydrate conjugates; Lipids and lipid-like molecules; Ketones; Alcohols and polyols; Ethers; Steroids and steroid derivatives; Prenol lipids; Organic acids and derivatives; Carboxylic acids and derivatives; Organooxygen compounds; Steroidal glycosides; Carboxylic acid derivatives; Monocarboxylic acids and derivatives; Oxosteroids; Carboxylic acid esters; Cyclic alcohols and derivatives; Hydroxysteroids; Monosaccharides; Triterpenoids; Acetals; Secondary alcohols; Tertiary alcohols; Cucurbitacins; Cucurbitacin glycosides; Steroid esters; Carbonyl compounds; Oxanes; Acyloins; Glycosyl compounds; O-glycosyl compounds; Polyols; Steroidal saponins; Alpha-hydroxy ketones; 3-hydroxy delta-5-steroids; 3-oxo delta-5-steroids; Delta-5-steroids; 3-oxosteroids; 11-oxosteroids; 16-hydroxysteroids; 16-alpha-hydroxysteroids; Cyclic ketones; Organic oxides; Oxacyclic compounds; Hydrocarbon derivatives; 14-alpha-methylsteroids; Organic oxygen compounds; Chemical entities"	723.396	331	5.512	"645931238669096112"	"645931065108785494"	"3324"	"DECENT"
1	"C37H58O11"	"[M - H]-"	"C37H57O11-"	"Terpenoids"	1.000	"Triterpenoids"	1.000	"Cucurbitane triterpenoids"	1.000	"Lipids and lipid-like molecules"	0.996	"Steroids and steroid derivatives"	0.995	"Steroidal glycosides"	0.725	"Steroidal saponins"	0.939	"Cucurbitacin glycosides"	0.912	"Organic compounds; Organoheterocyclic compounds; Carbohydrates and carbohydrate conjugates; Lipids and lipid-like molecules; Ketones; Alcohols and polyols; Steroids and steroid derivatives; Prenol lipids; Organic acids and derivatives; Carboxylic acids and derivatives; Organooxygen compounds; Steroidal glycosides; Carboxylic acid derivatives; Monocarboxylic acids and derivatives; Oxosteroids; Carboxylic acid esters; Cyclic alcohols and derivatives; Hydroxysteroids; Monosaccharides; Triterpenoids; Secondary alcohols; Tertiary alcohols; Cucurbitacins; Cucurbitacin glycosides; Steroid esters; Carbonyl compounds; Acyloins; Polyols; Steroidal saponins; Alpha-hydroxy ketones; 3-hydroxy delta-5-steroids; Delta-5-steroids; 3-oxosteroids; 3-hydroxysteroids; 11-oxosteroids; 16-hydroxysteroids; Organic oxides; Hydrocarbon derivatives; Organic oxygen compounds; Chemical entities"	677.390	331	5.515	"645931230355985126"	"645931064999733315"	"3276"	"DECENT"
1	"C20H20O7"	"[M - H]-"	"C20H19O7-"	"Polyketides"	0.655	"Aromatic polyketides"	0.303	"Depsides and depsidones"	0.538	"Benzenoids"	1.000	"Benzene and substituted derivatives"	0.990	"Benzoic acids and derivatives"	0.812	"Benzoic acid esters"	0.508	"Benzoic acid esters"	0.508	"Organic compounds; Alkyl aryl ethers; Phenols; Anisoles; Benzoic acids and derivatives; Methoxyphenols; Ethers; Organic acids and derivatives; Carboxylic acids and derivatives; Benzoyl derivatives; Organooxygen compounds; Carboxylic acid derivatives; Monocarboxylic acids and derivatives; Carboxylic acid esters; Benzenediols; Benzoic acid esters; Benzene and substituted derivatives; Phenol ethers; Benzenoids; Phenylpropanes; Vinylogous acids; Organic oxides; Methoxybenzenes; Hydrocarbon derivatives; Organic oxygen compounds; 1-hydroxy-2-unsubstituted benzenoids; 1-hydroxy-4-unsubstituted benzenoids; Phenoxy compounds; Chemical entities"	371.113	338	5.631	"645931244910220842"	"645931062286013141"	"2196"	"DECENT"
1	"C13H24N6O4"	"[M - H]-"	"C13H23N6O4-"	"Carbohydrates"	0.959	"Nucleosides"	0.945	"Purine nucleosides"	0.454	"Organic acids and derivatives"	0.974	"Carboxylic acids and derivatives"	0.914	"Amino acids, peptides, and analogues"	0.834	"Amino acids and derivatives"	0.830	"Beta amino acids and derivatives"	0.514	"Organic compounds; Organoheterocyclic compounds; Lipids and lipid-like molecules; Amino acids, peptides, and analogues; Pyrimidines and pyrimidine derivatives; Imidazoles; Purines and purine derivatives; Organic acids and derivatives; Carboxylic acids and derivatives; Organonitrogen compounds; Organooxygen compounds; Amino acids and derivatives; Guanidines; Azoles; Monoalkylamines; Carboxylic acid amides; Carboxylic acid derivatives; Aminopyrimidines and derivatives; Diazines; Secondary carboxylic acid amides; Imidazopyrimidines; Carbonyl compounds; Beta amino acids and derivatives; Substituted imidazoles; N-substituted imidazoles; Amines; Primary amines; Imidolactams; Fatty Acyls; Organic oxides; Azacyclic compounds; Oxacyclic compounds; Heteroaromatic compounds; Hydrocarbon derivatives; Amino acids; Organopnictogen compounds; Organic oxygen compounds; Organic nitrogen compounds; Chemical entities"	327.180	376	6.268	"645931249515567018"	"645931061430373758"	"1901"	"BAD"
1	"C22H22O12"	"[M - H]-"	"C22H21O12-"	"Shikimates and Phenylpropanoids"	1.000	"Flavonoids"	0.999	"Flavonols"	0.998	"Phenylpropanoids and polyketides"	0.998	"Flavonoids"	0.999	"Flavonoid glycosides"	0.996	"Flavonoid O-glycosides"	0.996	"Flavonoid-3-O-glycosides"	0.974	"Organic compounds; Organoheterocyclic compounds; Carbohydrates and carbohydrate conjugates; Pyrans; Benzopyrans; Alkyl aryl ethers; Alcohols and polyols; Phenols; Anisoles; Chromones; Methoxyphenols; Ethers; Phenylpropanoids and polyketides; Organic acids and derivatives; Primary alcohols; Organooxygen compounds; Flavonoids; Pyranones and derivatives; Flavonoid glycosides; Hexoses; Monosaccharides; Flavonoid O-glycosides; Flavones; Acetals; Secondary alcohols; Oxanes; Glycosyl compounds; O-glycosyl compounds; Benzene and substituted derivatives; Polyols; Phenol ethers; Benzenoids; O-methylated flavonoids; 3'-O-methylated flavonoids; 4'-hydroxyflavonoids; Hydroxyflavonoids; 5-hydroxyflavonoids; 7-hydroxyflavonoids; 1-benzopyrans; Flavonoid-3-O-glycosides; Vinylogous acids; Organic oxides; Methoxybenzenes; Oxacyclic compounds; Heteroaromatic compounds; Hydrocarbon derivatives; Organic oxygen compounds; 1-hydroxy-2-unsubstituted benzenoids; 1-hydroxy-4-unsubstituted benzenoids; Phenoxy compounds; Chemical entities"	477.103	492	8.193	"645931329354148894"	"645931063611415926"	"2748"	"DECENT"
