"structurePerIdRank"	"formulaRank"	"ConfidenceScoreExact"	"ConfidenceScoreApproximate"	"CSI:FingerIDScore"	"ZodiacScore"	"SiriusScore"	"molecularFormula"	"adduct"	"precursorFormula"	"InChIkey2D"	"InChI"	"name"	"smiles"	"xlogp"	"pubchemids"	"links"	"dbflags"	"ionMass"	"retentionTimeInSeconds"	"retentionTimeInMinutes"	"formulaId"	"alignedFeatureId"	"mappingFeatureId"	"overallFeatureQuality"
1	29	0.019	0.019	-449.962		20.075	"C14H16F2N4O3"	"[M + CH2O2 - H]-"	"C15H17F2N4O5-"	"ITUJCYZDYKALBQ"	"InChI=1S/C14H16F2N4O3/c1-23-11-9-7(18-13(17)19-11)6-20(12(9)22)10-8(21)4-2-3-5-14(10,15)16/h2,4,8,10,21H,3,5-6H2,1H3,(H2,17,18,19)"	"2-amino-6-[(1S,2S)-7,7-difluoro-2-hydroxycyclohept-3-en-1-yl]-4-methoxy-7H-pyrrolo[3,4-d]pyrimidin-5-one"	"COC1=NC(=NC2=C1C(=O)N(C2)C3C(C=CCCC3(F)F)O)N"	0.400	"165416280"	"PUBCHEMANNOTATIONBIO:(null);PUBCHEM:(165416280)"	"16777218"	371.119	14	0.226	"645931141780667900"	"645931062248264321"	"2182"	"DECENT"
1	20	0.026	0.026	-318.490		51.316	"C12H20N6O7"	"[M + CH2O2 - H]-"	"C13H21N6O9-"	"HFOBENSCBRZVSP"	"InChI=1S/C12H20N6O7/c1-4(20)8(11(22)23)16-12(24)15-6(2-7(14)21)10-17-9(18-25-10)5(13)3-19/h4-6,8,19-20H,2-3,13H2,1H3,(H2,14,21)(H,22,23)(H2,15,16,24)"	"2-[[3-Amino-1-[3-(1-amino-2-hydroxyethyl)-1,2,4-oxadiazol-5-yl]-3-oxopropyl]carbamoylamino]-3-hydroxybutanoic acid"	"CC(C(C(=O)O)NC(=O)NC(CC(=O)N)C1=NC(=NO1)C(CO)N)O"	-6.700	"155529077;147768954;147768957;147768960;134692170;155339943;126843231;129026736;129026739;129026740;129026790;129026799;129026801;129026866;129026904;123872341;117943677;117943678;117943682;117943684;117943685;117943691;117943692;117943693"	"PUBCHEMANNOTATIONBIO:(null);PUBCHEM:(155529077 147768954 147768957 147768960 134692170 155339943 126843231 129026736 129026739 129026740 129026790 129026799 129026801 129026866 129026904 123872341 117943677 117943678 117943682 117943684 117943685 117943691 117943692 117943693);PUBCHEMANNOTATIONDRUG:(null);PUBMED:(null)"	"50331714"	405.140	24	0.392	"645931165885334307"	"645931062776747736"	"2416"	"DECENT"
1	3	0.078	0.078	-383.317	0.031	4.975	"C18H26N4O5"	"[M - H]-"	"C18H25N4O5-"	"XOFWLOCFWCHGFF"	"InChI=1S/C18H26N4O5/c1-27-9-14(23)19-11-7-13-16(24)20-12-5-6-21(17(25)10-3-2-4-10)15(12)18(26)22(13)8-11/h10-13,15H,2-9H2,1H3,(H,19,23)(H,20,24)"	"N-{4-cyclobutanecarbonyl-2,9-dioxo-1,4,8-triazatricyclo[8.3.0.0³,⁷]tridecan-12-yl}-2-methoxyacetamide"	"COCC(=O)NC1CC2C(=O)NC3CCN(C3C(=O)N2C1)C(=O)C4CCC4"	-1.000	"3782867;11865913"	"COCONUT:(CNP0073481);SUPERNATURAL:(SN0435569);PUBCHEM:(3782867 11865913)"	"3145730"	377.181	59	0.988	"645931177570666042"	"645931062361510760"	"2231"	"DECENT"
1	1	0.166	0.166	-189.085	0.023	58.761	"C20H36O10"	"[M - H]-"	"C20H35O10-"	"OQMBHYKULOCSOV"	"InChI=1S/C20H36O10/c1-18(2,30-17-16(26)15(25)14(24)12(7-21)29-17)9-4-10-11(20(28,6-9)8-22)5-13(23)19(10,3)27/h9-17,21-28H,4-8H2,1-3H3"	"2-(hydroxymethyl)-6-({2-[2,3,7-trihydroxy-7-(hydroxymethyl)-3-methyl-octahydro-1H-inden-5-yl]propan-2-yl}oxy)oxane-3,4,5-triol"	"CC1(C2CC(CC(C2CC1O)(CO)O)C(C)(C)OC3C(C(C(C(O3)CO)O)O)O)O"	-2.600	"162984877;162984878"	"COCONUT:(CNP0257351);SUPERNATURAL:(SN0272552);PUBCHEM:(162984877 162984878)"	"3145730"	435.223	61	1.009	"645931181450397539"	"645931063166818812"	"2574"	"DECENT"
1	1	0.260	0.646	-16.431	1.000	39.483	"C8H8O4"	"[M - H]-"	"C8H7O4-"	"CFFZDZCDUFSOFZ"	"InChI=1S/C8H8O4/c9-6-2-1-5(3-7(6)10)4-8(11)12/h1-3,9-10H,4H2,(H,11,12)"	"Homoprotocatechuate"	"C1=CC(=C(C=C1CC(=O)O)O)O"	0.636	"76973352;76973721;76973825;5460350;10797206;547;46781331"	"PUBCHEMANNOTATIONBIO:(null);HMDB:(HMDB0001336);MiMeDB:(MMDBc0047980);PUBCHEMANNOTATIONSAFETYANDTOXIC:(null);BloodExposome:(547);SUPERNATURAL:(SN0044151);MESH:(547);FooDB:(FDB000316);PUBCHEM:(76973352 76973721 76973825 5460350 10797206 547 46781331);GNPS:(CCMSLIB00000578322);COCONUT:(CNP0276169);NORMAN:(NS00014707);CHEBI:(17612 41941);KEGG:(C01161);DSSTox:(DTXSID9074430);LOTUS:(Q4634071);PUBCHEMANNOTATIONDRUG:(null);PUBMED:(null);KNAPSACK:(CFFZDZCDUFSOFZ-UHFFFAOYSA-N)"	"139443048830"	167.034	64	1.065	"645931212068818793"	"645931058628575244"	"1034"	"DECENT"
1	1	0.211	0.269	-122.487	0.994	60.213	"C15H20O8"	"[M - H]-"	"C15H19O8-"	"BVJMHIAJLGZOHQ"	"InChI=1S/C15H20O8/c1-7(14(20)21)8-2-4-9(5-3-8)22-15-13(19)12(18)11(17)10(6-16)23-15/h2-5,7,10-13,15-19H,6H2,1H3,(H,20,21)"	"2-(4-{[3,4,5-trihydroxy-6-(hydroxymethyl)oxan-2-yl]oxy}phenyl)propanoic acid"	"CC(C1=CC=C(C=C1)OC2C(C(C(C(O2)CO)O)O)O)C(=O)O"	-0.351	"14352560;162843932"	"COCONUT:(CNP0104702);SUPERNATURAL:(SN0036500);PUBCHEM:(14352560 162843932);LOTUS:(Q104946601)"	"271581186"	327.108	69	1.157	"645931192900848296"	"645931061434568064"	"1902"	"DECENT"
1	1	0.261	0.640	-16.207	1.000	39.073	"C8H8O4"	"[M - H]-"	"C8H7O4-"	"CFFZDZCDUFSOFZ"	"InChI=1S/C8H8O4/c9-6-2-1-5(3-7(6)10)4-8(11)12/h1-3,9-10H,4H2,(H,11,12)"	"Homoprotocatechuate"	"C1=CC(=C(C=C1CC(=O)O)O)O"	0.636	"76973352;76973721;76973825;5460350;10797206;547;46781331"	"PUBCHEMANNOTATIONBIO:(null);HMDB:(HMDB0001336);MiMeDB:(MMDBc0047980);PUBCHEMANNOTATIONSAFETYANDTOXIC:(null);BloodExposome:(547);SUPERNATURAL:(SN0044151);MESH:(547);FooDB:(FDB000316);PUBCHEM:(76973352 76973721 76973825 5460350 10797206 547 46781331);GNPS:(CCMSLIB00000578322);COCONUT:(CNP0276169);NORMAN:(NS00014707);CHEBI:(17612 41941);KEGG:(C01161);DSSTox:(DTXSID9074430);LOTUS:(Q4634071);PUBCHEMANNOTATIONDRUG:(null);PUBMED:(null);KNAPSACK:(CFFZDZCDUFSOFZ-UHFFFAOYSA-N)"	"139443048830"	167.034	118	1.971	"645931193483856605"	"645931058754404425"	"1051"	"DECENT"
1	1	0.368	0.542	-11.095	1.000	69.083	"C27H30O14"	"[M - H]-"	"C27H29O14-"	"RPMNUQRUHXIGHK"	"InChI=1S/C27H30O14/c1-10-20(32)22(34)24(36)26(37-10)41-25-23(35)21(33)18(9-28)40-27(25)38-13-6-14(30)19-15(31)8-16(39-17(19)7-13)11-2-4-12(29)5-3-11/h2-8,10,18,20-30,32-36H,9H2,1H3"	"Rhoifolin"	"CC1C(C(C(C(O1)OC2C(C(C(OC2OC3=CC(=C4C(=C3)OC(=CC4=O)C5=CC=C(C=C5)O)O)CO)O)O)O)O)O"	-0.200	"124518074;124527757;124527758;124934340;124934341;124934342;9829705;163068857;163068858;163068859;163068860;163068861;163068862;163068863;163068864;163068865;5282150;5459217;5483904;154497366;134694136;58291208;102009448;96327580;125121153;125121154;125463002;66509043;89677919;89678174;16758072;16760101;92218168;92218169;92222424;92222425;92222426;92222427;45933935;68315480;68318213;45479322;98072899;98072901;123419738;12442740;12442742;11887358;44119901;44257812;138107439"	"PUBCHEMANNOTATIONBIO:(null);HMDB:(HMDB0038848 HMDB0303149);BloodExposome:(5282150 5459217);LIPIDMAPS:(LMPK12110356);SUPERNATURAL:(SN0331715);MESH:(5282150);FooDB:(FDB007976 FDB018285);PUBCHEM:(124518074 124527757 124527758 124934340 124934341 124934342 9829705 163068857 163068858 163068859 163068860 163068861 163068862 163068863 163068864 163068865 5282150 5459217 5483904 154497366 134694136 58291208 102009448 96327580 125121153 125121154 125463002 66509043 89677919 89678174 16758072 16760101 92218168 92218169 92222424 92222425 92222426 92222427 45933935 68315480 68318213 45479322 98072899 98072901 123419738 12442740 12442742 11887358 44119901 44257812 138107439);GNPS:(CCMSLIB00000848573 CCMSLIB00000845974 CCMSLIB00000845976);COCONUT:(CNP0361201);NORMAN:(NS00015846 NS00084987);METACYC:(APIGENIN-7-O-NEOHESPERIDOSIDE);PLANTCYC:(APIGENIN-7-O-NEOHESPERIDOSIDE);CHEBI:(31227);KEGG:(C12627);DSSTox:(DTXSID10938284);LOTUS:(Q105242790 Q104246960 Q3429675 Q105242783);PUBCHEMANNOTATIONDRUG:(null);PUBMED:(null);KNAPSACK:(RPMNUQRUHXIGHK-UHFFFAOYSA-N)"	"140449814910"	577.156	119	1.989	"645931219706646765"	"645931064450278442"	"3092"	"DECENT"
1	7	0.036	0.036	-249.865	0.002	5.456	"C13H24N6O4"	"[M - H]-"	"C13H23N6O4-"	"DFNMYOZHKNITMF"	"InChI=1S/C13H24N6O4/c20-12(10-16-22)14-2-6-18-4-1-5-19(9-8-18)7-3-15-13(21)11-17-23/h10-11,22-23H,1-9H2,(H,14,20)(H,15,21)"	"(2E)-2-hydroxyimino-N-[2-[4-[2-[[(2E)-2-hydroxyiminoacetyl]amino]ethyl]-1,4-diazepan-1-yl]ethyl]acetamide"	"C1CN(CCN(C1)CCNC(=O)C=NO)CCNC(=O)C=NO"	0.500	"145946115"	"PUBCHEMANNOTATIONBIO:(null);PUBCHEM:(145946115)"	"16777218"	327.181	130	2.175	"645931197824961527"	"645931061438762374"	"1904"	"DECENT"
1	1	0.606	0.900	-40.465	1.000	57.607	"C20H22O10"	"[M - H]-"	"C20H21O10-"	"LRFIKYDSTHZRKW"	"InChI=1S/C20H22O10/c21-8-15-16(24)17(25)18(26)20(30-15)29-12-4-1-10(2-5-12)9-28-19(27)11-3-6-13(22)14(23)7-11/h1-7,15-18,20-26H,8-9H2"	"Amburoside A"	"C1=CC(=CC=C1COC(=O)C2=CC(=C(C=C2)O)O)OC3C(C(C(C(O3)CO)O)O)O"	0.275	"10409977;13917001;90279951"	"COCONUT:(CNP0283173);BloodExposome:(90279951 10409977);CHEBI:(65402);SUPERNATURAL:(SN0213193);MESH:(10409977);PUBCHEM:(10409977 13917001 90279951);LOTUS:(Q105156109 Q27133848);PUBMED:(null)"	"275775590"	421.114	134	2.233	"645931201398508731"	"645931064852932537"	"3246"	"DECENT"
1	1	0.182	0.264	-33.178	1.000	145.687	"C12H22O4"	"[M - H]-"	"C12H21O4-"	"TVIDDXQYHWJXFK"	"InChI=1S/C12H22O4/c13-11(14)9-7-5-3-1-2-4-6-8-10-12(15)16/h1-10H2,(H,13,14)(H,15,16)"	"Dodecanedioate"	"C(CCCCCC(=O)O)CCCCC(=O)O"	3.062	"6991984;16212954;148547695;11229952;12736;12400841;11665832;90477850;71309580"	"PUBCHEMANNOTATIONBIO:(null);HMDB:(HMDB0000623);PUBCHEMANNOTATIONSAFETYANDTOXIC:(null);BloodExposome:(6991984 12736 169292);LIPIDMAPS:(LMFA01170009);SUPERNATURAL:(SN0361002);HSDB:(693-23-2);MESH:(12736);FooDB:(FDB022148);PUBCHEM:(6991984 16212954 148547695 11229952 12736 12400841 11665832 90477850 71309580);GNPS:(CCMSLIB00003137155);COCONUT:(CNP0293008);NORMAN:(NS00010129 NS00083965 NS00090901 NS00092718);METACYC:(CPD-10670);CHEBI:(4676 76273);KEGG:(C02678);DSSTox:(DTXSID3027297 DTXSID40916454 DTXSID50496474 DTXSID60583748 DTXSID60975265 DTXSID70745931 DTXSID90890275);LOTUS:(Q5287812);PUBCHEMANNOTATIONDRUG:(null);PUBCHEMANNOTATIONFOOD:(null);PUBMED:(null)"	"140651010926"	229.144	136	2.274	"645931202732297517"	"645931059148669240"	"1109"	"DECENT"
1	2	0.177	0.177	-187.371	0.261	72.867	"C52H84O23"	"[M + CH2O2 - H]-"	"C53H85O25-"	"LHHRMBWZXMNXAE"	"InChI=1S/C52H84O23/c1-47(2)28-9-12-50(5)29(8-7-22-23-15-48(3,46(66)67)13-14-52(23,21-55)30(57)16-51(22,50)6)49(28,4)11-10-31(47)73-44-40(75-43-39(65)36(62)33(59)25(17-53)70-43)35(61)27(20-69-44)72-45-41(37(63)34(60)26(18-54)71-45)74-42-38(64)32(58)24(56)19-68-42/h7,23-45,53-65H,8-21H2,1-6H3,(H,66,67)"	"10-[(5-{[4,5-dihydroxy-6-(hydroxymethyl)-3-[(3,4,5-trihydroxyoxan-2-yl)oxy]oxan-2-yl]oxy}-4-hydroxy-3-{[3,4,5-trihydroxy-6-(hydroxymethyl)oxan-2-yl]oxy}oxan-2-yl)oxy]-5-hydroxy-4a-(hydroxymethyl)-2,6a,6b,9,9,12a-hexamethyl-1,2,3,4,4a,5,6,6a,6b,7,8,8a,9,10,11,12,12a,12b,13,14b-icosahydropicene-2-carboxylic acid"	"CC1(C2CCC3(C(C2(CCC1OC4C(C(C(CO4)OC5C(C(C(C(O5)CO)O)O)OC6C(C(C(CO6)O)O)O)O)OC7C(C(C(C(O7)CO)O)O)O)C)CC=C8C3(CC(C9(C8CC(CC9)(C)C(=O)O)CO)O)C)C)C"	-1.000	"85194484;100987880;10581992"	"COCONUT:(CNP0211205);TeroMol:(TKC064661);SUPERNATURAL:(SN0205465);PUBCHEM:(85194484 100987880 10581992);LOTUS:(Q105151765)"	"279969794"	1121.538	163	2.720	"645931468869292953"	"645931065637268802"	"3493"	"DECENT"
1	1	0.341	0.571	-28.770	0.858	27.607	"C28H32O16"	"[M - H]-"	"C28H31O16-"	"PNBMEXOTFKNHLQ"	"InChI=1S/C28H32O16/c1-39-12-6-13(32)17-14(7-12)40-24(10-2-4-11(31)5-3-10)25(20(17)35)43-28-26(22(37)19(34)16(9-30)42-28)44-27-23(38)21(36)18(33)15(8-29)41-27/h2-7,15-16,18-19,21-23,26-34,36-38H,8-9H2,1H3"	"Rhamnocitrin 3-Glucosyl-(1->2)-Galactoside"	"COC1=CC(=C2C(=C1)OC(=C(C2=O)OC3C(C(C(C(O3)CO)O)O)OC4C(C(C(C(O4)CO)O)O)O)C5=CC=C(C=C5)O)O"	-0.600	"163084805;14132384;14132385;45359931;44259541"	"COCONUT:(CNP0395600);LIPIDMAPS:(LMPK12112559);SUPERNATURAL:(SN0289937);PUBCHEM:(163084805 14132384 14132385 45359931 44259541);LOTUS:(Q105211859);GNPS:(CCMSLIB00000846738 CCMSLIB00000847506 CCMSLIB00000847505);KNAPSACK:(PNBMEXOTFKNHLQ-UHFFFAOYSA-N)"	"2419068946"	623.162	195	3.245	"645931367715256163"	"645931064689354302"	"3185"	"DECENT"
1	1	0.278	0.278	-12.686	1.000	80.222	"C22H22O12"	"[M - H]-"	"C22H21O12-"	"PHEWILLIAJUBQE"	"InChI=1S/C22H22O12/c1-31-9-5-12(26)15-13(6-9)32-20(8-2-3-10(24)11(25)4-8)21(17(15)28)34-22-19(30)18(29)16(27)14(7-23)33-22/h2-6,14,16,18-19,22-27,29-30H,7H2,1H3"	"2-(3,4-dihydroxyphenyl)-5-hydroxy-7-methoxy-3-{[3,4,5-trihydroxy-6-(hydroxymethyl)oxan-2-yl]oxy}-4H-chromen-4-one"	"COC1=CC(=C2C(=C1)OC(=C(C2=O)OC3C(C(C(C(O3)CO)O)O)O)C4=CC(=C(C=C4)O)O)O"	0.700	"14704553;14704554;124903653;51693835;51693836;124462791;101808033;162888321;162888322;162888323;98598213;10344991;26236238;26236239;26236240;26236241;44259577;44259586"	"COCONUT:(CNP0154990);METACYC:(CPD-14970);LIPIDMAPS:(LMPK12112598 LMPK12112607);SUPERNATURAL:(SN0285318);PUBCHEM:(14704553 14704554 124903653 51693835 51693836 124462791 101808033 162888321 162888322 162888323 98598213 10344991 26236238 26236239 26236240 26236241 44259577 44259586);LOTUS:(Q105208908 Q105208906 Q105208904 Q105208909 Q105208907);GNPS:(CCMSLIB00000848857 CCMSLIB00000847191);KNAPSACK:(PHEWILLIAJUBQE-UHFFFAOYSA-N)"	"2419070994"	477.103	213	3.543	"645931220327403802"	"645931063946960938"	"2900"	"DECENT"
1	1	0.388	0.388	-191.621	0.606	53.236	"C17H28O6"	"[M - H]-"	"C17H27O6-"	"OEBUJDRTQIBBBJ"	"InChI=1S/C17H28O6/c1-12(9-13(2)10-16(20)21)7-5-3-4-6-8-15(19)14(11-18)17(22)23/h9-10,14-15,18-19H,3-8,11H2,1-2H3,(H,20,21)(H,22,23)"	"fusaridioic acid b"	"CC(=CC(=CC(=O)O)C)CCCCCCC(C(CO)C(=O)O)O"	3.000	"163153313;163153314;146682716"	"COCONUT:(CNP0459836);SUPERNATURAL:(SN0262931);PUBCHEM:(163153313 163153314 146682716);LOTUS:(Q105190176)"	"271581186"	327.181	223	3.723	"645931212131733366"	"645931061518454266"	"1927"	"DECENT"
1	1	0.231	0.231	-159.721	1.000	50.674	"C17H28O6"	"[M - H]-"	"C17H27O6-"	"VETPMCDPBGQJPD"	"InChI=1S/C17H28O6/c1-12(16(20)21)8-7-11-23-17(22)14(3)13(2)15(19)9-5-4-6-10-18/h8,15,18-19H,4-7,9-11H2,1-3H3,(H,20,21)"	"5-(4,9-Dihydroxy-2,3-dimethylnon-2-enoyl)oxy-2-methylpent-2-enoic acid"	"CC(=CCCOC(=O)C(=C(C)C(CCCCCO)O)C)C(=O)O"	2.100	"57281864"	"PUBCHEM:(57281864)"	"2"	327.181	236	3.927	"645931211867492184"	"645931061522648576"	"1933"	"DECENT"
1	1	0.978	0.978	-67.959	0.930	30.599	"C27H24O11"	"[M - H]-"	"C27H23O11-"	"ZPUVNNIJVVEZBH"	"InChI=1S/C27H24O11/c28-16-7-4-13(5-8-16)6-9-19(29)35-12-18-22(30)24(32)25(33)27(38-18)37-17-3-1-2-14-10-15-11-36-26(34)21(15)23(31)20(14)17/h1-10,18,22,24-25,27-28,30-33H,11-12H2"	"[(2R,3S,4S,5R,6S)-3,4,5-trihydroxy-6-[(4-hydroxy-3-oxo-1H-benzo[f][2]benzofuran-5-yl)oxy]oxan-2-yl]methyl (E)-3-(4-hydroxyphenyl)prop-2-enoate"	"C1C2=C(C(=C3C(=C2)C=CC=C3OC4C(C(C(C(O4)COC(=O)C=CC5=CC=C(C=C5)O)O)O)O)O)C(=O)O1"	2.400	"154812474"	"PUBCHEM:(154812474)"	"2"	523.124	271	4.510	"645931219568234721"	"645931064110539088"	"2959"	"DECENT"
1	1	0.187	0.187	-129.933	0.998	118.825	"C31H48O9"	"[M - H]-"	"C31H47O9-"	"DOKSZSLDXMZOOW"	"InChI=1S/C31H48O9/c1-17(32)40-26(2,3)13-12-22(34)31(9,39)25-20(33)15-28(6)21-11-10-18(27(4,5)38)19(14-24(36)37)30(21,8)23(35)16-29(25,28)7/h10,19-21,25,33,38-39H,11-16H2,1-9H3,(H,36,37)"	"2-[(2R,3R,3aR,5aR,6R,9aS,9bS)-3-[(2R)-6-acetyloxy-2-hydroxy-6-methyl-3-oxoheptan-2-yl]-2-hydroxy-7-(2-hydroxypropan-2-yl)-3a,5a,9b-trimethyl-5-oxo-2,3,4,6,9,9a-hexahydro-1H-cyclopenta[a]naphthalen-6-yl]acetic acid"	"CC(=O)OC(C)(C)CCC(=O)C(C)(C1C(CC2(C1(CC(=O)C3(C2CC=C(C3CC(=O)O)C(C)(C)O)C)C)C)O)O"	1.700	"162656498"	"LIPIDMAPS:(LMST01010452);PUBCHEM:(162656498);LOTUS:(Q113948892);PUBMED:(null)"	"2415919170"	563.322	271	4.521	"645931258042587661"	"645931064358003557"	"3054"	"DECENT"
1	1	0.148	0.337	-43.249	1.000	140.234	"C30H46O7"	"[M - H]-"	"C30H45O7-"	"ITMUUFDDBRYVNJ"	"InChI=1S/C30H46O7/c1-25(2,36)12-11-21(33)30(8,37)23-19(32)14-27(5)20-10-9-16-17(13-18(31)24(35)26(16,3)4)29(20,7)22(34)15-28(23,27)6/h9,17-20,23,31-32,36-37H,10-15H2,1-8H3"	"Cucurbitacin R"	"CC1(C2=CCC3C4(CC(C(C4(CC(=O)C3(C2CC(C1=O)O)C)C)C(C)(C(=O)CCC(C)(C)O)O)O)C)C"	2.100	"38351811;38351820;38351825;163186594;124406566;124406567;124425756;162926137;162926138;125038776;125038777;125038778;155472246;25032369;10075303;44559735;24094143;160553;180535;270059;133556282;71366948;44448367"	"COCONUT:(CNP0195849);NORMAN:(NS00094067);TeroMol:(TKC103113 TKC062646 TKC103114 TKC080938);CHEBI:(62218);SUPERNATURAL:(SN0154890);MESH:(180535);PUBCHEM:(38351811 38351820 38351825 163186594 124406566 124406567 124425756 162926137 162926138 125038776 125038777 125038778 155472246 25032369 10075303 44559735 24094143 160553 180535 270059 133556282 71366948 44448367);DSSTox:(DTXSID101317423 DTXSID80912910);LOTUS:(Q105120137 Q27131691);PUBMED:(null);KNAPSACK:(ITMUUFDDBRYVNJ-UHFFFAOYSA-N)"	"137719185526"	517.316	272	4.541	"645931249532344244"	"645931063972126781"	"2899"	"DECENT"
1	7	0.376	0.376	-444.670	0.037	8.357	"C35H52N10O7"	"[M - H]-"	"C35H51N10O7-"	"OCHVMPBNJSVNOB"	"InChI=1S/C35H52N10O7/c1-21(2)16-26(44-34(52)28(20-46)41-29(47)19-36)32(50)45-27(18-23-12-7-4-8-13-23)33(51)42-24(14-9-15-40-35(38)39)31(49)43-25(30(37)48)17-22-10-5-3-6-11-22/h3-8,10-13,21,24-28,46H,9,14-20,36H2,1-2H3,(H2,37,48)(H,41,47)(H,42,51)(H,43,49)(H,44,52)(H,45,50)(H4,38,39,40)"	"2-[2-(2-aminoacetamido)-3-hydroxypropanamido]-N-[1-({4-carbamimidamido-1-[(1-carbamoyl-2-phenylethyl)carbamoyl]butyl}carbamoyl)-2-phenylethyl]-4-methylpentanamide"	"CC(C)CC(C(=O)NC(CC1=CC=CC=C1)C(=O)NC(CCCN=C(N)N)C(=O)NC(CC2=CC=CC=C2)C(=O)N)NC(=O)C(CO)NC(=O)CN"	-0.461	"163028557;101656144"	"COCONUT:(CNP0306668);SUPERNATURAL:(SN0261514);PUBCHEM:(163028557 101656144)"	"3145730"	723.396	279	4.647	"645931229865251513"	"645931065104591174"	"3325"	"DECENT"
1	2	0.134	0.213	-46.779	0.265	64.419	"C41H66O13"	"[M + CH2O2 - H]-"	"C42H67O15-"	"JUQZBNSNCFPQEN"	"InChI=1S/C41H66O13/c1-36(2)25-9-12-40(6)26(38(25,4)11-10-27(36)53-33-31(48)28(45)23(44)19-51-33)8-7-21-22-17-37(3,20-43)13-15-41(22,16-14-39(21,40)5)35(50)54-34-32(49)30(47)29(46)24(18-42)52-34/h7,22-34,42-49H,8-20H2,1-6H3"	"3,4,5-trihydroxy-6-(hydroxymethyl)oxan-2-yl 2-(hydroxymethyl)-2,6a,6b,9,9,12a-hexamethyl-10-[(3,4,5-trihydroxyoxan-2-yl)oxy]-1,2,3,4,4a,5,6,6a,6b,7,8,8a,9,10,11,12,12a,12b,13,14b-icosahydropicene-4a-carboxylate"	"CC1(C2CCC3(C(C2(CCC1OC4C(C(C(CO4)O)O)O)C)CC=C5C3(CCC6(C5CC(CC6)(C)CO)C(=O)OC7C(C(C(C(O7)CO)O)O)O)C)C)C"	2.600	"154814118;163042437;163042438;163186623;16109700;76311973"	"COCONUT:(CNP0323722);TeroMol:(TKC050588 TKC139100 TKC050603);SUPERNATURAL:(SN0175748);PUBCHEM:(154814118 163042437 163042438 163186623 16109700 76311973);LOTUS:(Q105135375 Q105135376);PUBMED:(null)"	"279969858"	811.448	292	4.871	"645931268318633160"	"645931065410775823"	"3408"	"DECENT"
1	1	0.149	0.232	-54.751	0.732	55.267	"C41H66O13"	"[M + CH2O2 - H]-"	"C42H67O15-"	"JUQZBNSNCFPQEN"	"InChI=1S/C41H66O13/c1-36(2)25-9-12-40(6)26(38(25,4)11-10-27(36)53-33-31(48)28(45)23(44)19-51-33)8-7-21-22-17-37(3,20-43)13-15-41(22,16-14-39(21,40)5)35(50)54-34-32(49)30(47)29(46)24(18-42)52-34/h7,22-34,42-49H,8-20H2,1-6H3"	"3,4,5-trihydroxy-6-(hydroxymethyl)oxan-2-yl 2-(hydroxymethyl)-2,6a,6b,9,9,12a-hexamethyl-10-[(3,4,5-trihydroxyoxan-2-yl)oxy]-1,2,3,4,4a,5,6,6a,6b,7,8,8a,9,10,11,12,12a,12b,13,14b-icosahydropicene-4a-carboxylate"	"CC1(C2CCC3(C(C2(CCC1OC4C(C(C(CO4)O)O)O)C)CC=C5C3(CCC6(C5CC(CC6)(C)CO)C(=O)OC7C(C(C(C(O7)CO)O)O)O)C)C)C"	2.600	"154814118;163042437;163042438;163186623;16109700;76311973"	"COCONUT:(CNP0323722);TeroMol:(TKC050588 TKC139100 TKC050603);SUPERNATURAL:(SN0175748);PUBCHEM:(154814118 163042437 163042438 163186623 16109700 76311973);LOTUS:(Q105135375 Q105135376);PUBMED:(null)"	"279969858"	811.448	295	4.916	"645931234713867172"	"645931065406581509"	"3407"	"DECENT"
1	1	0.258	0.722	-160.214	0.898	50.628	"C38H60O13"	"[M - H]-"	"C38H59O13-"	"BCTZZCQBLBDVRU"	"InChI=1S/C38H60O13/c1-18(40)51-33(2,3)13-12-25(42)38(9,48)30-21(41)15-35(6)24-11-10-19-20(37(24,8)26(43)16-36(30,35)7)14-22(31(47)34(19,4)5)49-32-29(46)28(45)27(44)23(17-39)50-32/h10,20-24,27-32,39,41,44-48H,11-17H2,1-9H3"	"6-(2,7-dihydroxy-3a,6,6,9b,11a-pentamethyl-10-oxo-8-{[3,4,5-trihydroxy-6-(hydroxymethyl)oxan-2-yl]oxy}-1H,2H,3H,3aH,3bH,4H,6H,7H,8H,9H,9aH,9bH,10H,11H,11aH-cyclopenta[a]phenanthren-1-yl)-6-hydroxy-2-methyl-5-oxoheptan-2-yl acetate"	"CC(=O)OC(C)(C)CCC(=O)C(C)(C1C(CC2(C1(CC(=O)C3(C2CC=C4C3CC(C(C4(C)C)O)OC5C(C(C(C(O5)CO)O)O)O)C)C)C)O)O"	1.000	"21626463;15601920;162924140"	"COCONUT:(CNP0193789);TeroMol:(TKC060940);SUPERNATURAL:(SN0022066);PUBCHEM:(21626463 15601920 162924140);LOTUS:(Q104923641 Q104923642)"	"279969794"	723.396	331	5.512	"645931238669096112"	"645931065108785494"	"3324"	"DECENT"
1	1	0.263	0.263	-287.009	0.992	44.206	"C37H58O11"	"[M - H]-"	"C37H57O11-"	"MVLVSSOKQFHDRV"	"InChI=1S/C37H58O11/c1-18(24(40)12-13-34(3,4)48-19(2)39)28-25(41)16-37(8)23-10-9-22-21(20(23)11-14-36(28,37)7)15-26(32(45)35(22,5)6)46-33-31(44)30(43)29(42)27(17-38)47-33/h9,12-13,18,20-21,23,25-33,38,41-45H,10-11,14-17H2,1-8H3"	"Scrophoside A"	"CC(C1C(CC2(C1(CCC3C2CC=C4C3CC(C(C4(C)C)O)OC5C(C(C(C(O5)CO)O)O)O)C)C)O)C(=O)C=CC(C)(C)OC(=O)C"	2.600	"101426645"	"TeroMol:(TKC062666);PUBCHEM:(101426645)"	"8388610"	677.390	331	5.515	"645931230355985126"	"645931064999733315"	"3276"	"DECENT"
1	1	0.105	0.105	-198.590	0.950	85.367	"C20H20O7"	"[M - H]-"	"C20H19O7-"	"CRDLOSDZECLADA"	"InChI=1S/C20H20O7/c1-8-6-13(23)17(12(5)22)19(25)16(8)20(26)27-14-7-9(2)15(11(4)21)18(24)10(14)3/h6-7,23-25H,1-5H3"	"4-acetyl-3-hydroxy-2,5-dimethylphenyl 3-acetyl-2,4-dihydroxy-6-methylbenzoate"	"CC1=CC(=C(C(=C1C(=O)OC2=C(C(=C(C(=C2)C)C(=O)C)O)C)O)C(=O)C)O"	4.400	"163028923"	"COCONUT:(CNP0307068);SUPERNATURAL:(SN0053396);PUBCHEM:(163028923)"	"3145730"	371.113	338	5.631	"645931244910220842"	"645931062286013141"	"2196"	"DECENT"
1	1	0.031	0.031	-208.523	0.174	4.844	"C13H24N6O4"	"[M - H]-"	"C13H23N6O4-"	"DFNMYOZHKNITMF"	"InChI=1S/C13H24N6O4/c20-12(10-16-22)14-2-6-18-4-1-5-19(9-8-18)7-3-15-13(21)11-17-23/h10-11,22-23H,1-9H2,(H,14,20)(H,15,21)"	"(2E)-2-hydroxyimino-N-[2-[4-[2-[[(2E)-2-hydroxyiminoacetyl]amino]ethyl]-1,4-diazepan-1-yl]ethyl]acetamide"	"C1CN(CCN(C1)CCNC(=O)C=NO)CCNC(=O)C=NO"	0.500	"145946115"	"PUBCHEMANNOTATIONBIO:(null);PUBCHEM:(145946115)"	"16777218"	327.180	376	6.268	"645931249515567018"	"645931061430373758"	"1901"	"BAD"
1	1	0.286	0.351	-21.899	0.920	60.023	"C22H22O12"	"[M - H]-"	"C22H21O12-"	"CQLRUIIRRZYHHS"	"InChI=1S/C22H22O12/c1-31-12-4-8(2-3-10(12)25)20-21(17(28)15-11(26)5-9(24)6-13(15)32-20)34-22-19(30)18(29)16(27)14(7-23)33-22/h2-6,14,16,18-19,22-27,29-30H,7H2,1H3"	"5,7-dihydroxy-2-(4-hydroxy-3-methoxyphenyl)-3-{[3,4,5-trihydroxy-6-(hydroxymethyl)oxan-2-yl]oxy}-4H-chromen-4-one"	"COC1=C(C=CC(=C1)C2=C(C(=O)C3=C(C=C(C=C3O2)O)O)OC4C(C(C(C(O4)CO)O)O)O)O"	0.700	"154828501;86326451;86328677;51506933;5318644;5318645;42433475;42433476;42433477;42433478;51402808;51402809;162959352;97641303;94856579;91885208;10390317;45933930;13245586;13245587;13245588;13245589;122386690;72551443;71463991;44258009"	"PUBCHEMANNOTATIONBIO:(null);HMDB:(HMDB0301761 HMDB0302682);MiMeDB:(MMDBc0033661);BloodExposome:(5318645);LIPIDMAPS:(LMPK12110576 LMPK12112315);SUPERNATURAL:(SN0052854);MESH:(5318644 5318645 86328677);FooDB:(FDB000605 FDB005749 FDB021629);PUBCHEM:(154828501 86326451 86328677 51506933 5318644 5318645 42433475 42433476 42433477 42433478 51402808 51402809 162959352 97641303 94856579 91885208 10390317 45933930 13245586 13245587 13245588 13245589 122386690 72551443 71463991 44258009);GNPS:(CCMSLIB00000848486 CCMSLIB00003135800);COCONUT:(CNP0230367);METACYC:(CPD-14969);PLANTCYC:(CPD-14969);CHEBI:(183365 75750 75758 75777 139461 75751);DSSTox:(DTXSID601311218 DTXSID90855824);LOTUS:(Q104968098 Q27145533 Q104968101 Q27145537 Q104968110 Q23049780 Q114780210 Q27145528 Q104968109 Q27145529 Q104968068);YMDB:(YMDB01721);PUBCHEMANNOTATIONDRUG:(null);PUBMED:(null);KNAPSACK:(CQLRUIIRRZYHHS-UHFFFAOYSA-N)"	"141523359870"	477.103	492	8.193	"645931329354148894"	"645931063611415926"	"2748"	"DECENT"
