"formulaRank"	"molecularFormula"	"adduct"	"precursorFormula"	"NPC#pathway"	"NPC#pathway Probability"	"NPC#superclass"	"NPC#superclass Probability"	"NPC#class"	"NPC#class Probability"	"ClassyFire#superclass"	"ClassyFire#superclass probability"	"ClassyFire#class"	"ClassyFire#class Probability"	"ClassyFire#subclass"	"ClassyFire#subclass Probability"	"ClassyFire#level 5"	"ClassyFire#level 5 Probability"	"ClassyFire#most specific class"	"ClassyFire#most specific class Probability"	"ClassyFire#all classifications"	"ionMass"	"retentionTimeInSeconds"	"retentionTimeInMinutes"	"formulaId"	"alignedFeatureId"	"mappingFeatureId"	"overallFeatureQuality"
1	"C10H16O4"	"[M + H]+"	"C10H17O4+"	"Fatty acids"	0.986	"Fatty Acids and Conjugates"	0.554	"Jasmonic acids"	0.528	"Lipids and lipid-like molecules"	0.701	"Fatty Acyls"	0.753	"Fatty acids and conjugates"	0.635	"Unsaturated fatty acids"	0.541	"Unsaturated fatty acids"	0.541	"Organic compounds; Lipids and lipid-like molecules; Alcohols and polyols; Fatty acids and conjugates; Organic acids and derivatives; Carboxylic acids and derivatives; Organooxygen compounds; Unsaturated fatty acids; Monocarboxylic acids and derivatives; Carboxylic acids; Secondary alcohols; Carbonyl compounds; Fatty Acyls; Organic oxides; Hydrocarbon derivatives; Organic oxygen compounds; Chemical entities"	201.112	96	1.597	"646009407747146322"	"646009334078381469"	"255"	"DECENT"
1	"C27H32O14"	"[M + H]+"	"C27H33O14+"	"Shikimates and Phenylpropanoids"	1.000	"Flavonoids"	0.999	"Flavanones"	0.988	"Phenylpropanoids and polyketides"	1.000	"Flavonoids"	0.998	"Flavonoid glycosides"	0.997	"Flavonoid O-glycosides"	0.909	"Flavonoid-7-O-glycosides"	0.854	"Organic compounds; Organoheterocyclic compounds; Carbohydrates and carbohydrate conjugates; Ketones; Benzopyrans; Alkyl aryl ethers; Alcohols and polyols; Phenols; Chromones; Ethers; Phenylpropanoids and polyketides; Organic acids and derivatives; Primary alcohols; Organooxygen compounds; Flavonoids; Flavans; Flavonoid glycosides; Disaccharides; Flavonoid O-glycosides; Flavanones; Acetals; Secondary alcohols; Carbonyl compounds; Oxanes; Glycosyl compounds; O-glycosyl compounds; Benzene and substituted derivatives; Polyols; Benzenoids; 4'-hydroxyflavonoids; Hydroxyflavonoids; 5-hydroxyflavonoids; 1-benzopyrans; Flavonoid-7-O-glycosides; Aryl ketones; Aryl alkyl ketones; Vinylogous acids; Organic oxides; Oxacyclic compounds; Hydrocarbon derivatives; Phenolic glycosides; Organic oxygen compounds; 1-hydroxy-2-unsubstituted benzenoids; 1-hydroxy-4-unsubstituted benzenoids; Chemical entities"	581.186	111	1.844	"646009761134045405"	"646009339342238808"	"1312"	"DECENT"
2	"C27H32O14"	"[M + H3N + H]+"	"C27H36NO14+"	"Shikimates and Phenylpropanoids"	0.932	"Phenolic acids (C6-C1)"	0.987	"Simple phenolic acids"	0.924	"Organic oxygen compounds"	1.000	"Organooxygen compounds"	1.000	"Carbohydrates and carbohydrate conjugates"	0.999	"Glycosyl compounds"	0.969	"Phenolic glycosides"	0.974	"Organic compounds; Organoheterocyclic compounds; Carbohydrates and carbohydrate conjugates; Alcohols and polyols; Phenols; Benzoic acids and derivatives; Ethers; Organic acids and derivatives; Carboxylic acids and derivatives; Benzoyl derivatives; Organooxygen compounds; Dicarboxylic acids and derivatives; Hydroxy acids and derivatives; Carboxylic acid derivatives; Benzyloxycarbonyls; Carboxylic acid esters; Cyclic alcohols and derivatives; Benzoic acid esters; Monosaccharides; Acetals; Secondary alcohols; Tertiary alcohols; Beta hydroxy acids and derivatives; Carbonyl compounds; Oxanes; Glycosyl compounds; O-glycosyl compounds; Benzene and substituted derivatives; Polyols; Phenol ethers; Benzenoids; Cyclitols and derivatives; Cyclohexanols; Organic oxides; Oxacyclic compounds; Hydrocarbon derivatives; Phenolic glycosides; Organic oxygen compounds; 4-alkoxyphenols; 1-hydroxy-2-unsubstituted benzenoids; Phenoxy compounds; Chemical entities"	598.213	148	2.474	"646009414508364580"	"646009339409347795"	"1326"	"DECENT"
1	"C15H22O4"	"[M + H]+"	"C15H23O4+"	"Terpenoids"	0.985	"Sesquiterpenoids"	0.954	"Lactarane sesquiterpenoids"	0.159	"Lipids and lipid-like molecules"	0.705	"Prenol lipids"	0.719					"Prenol lipids"	0.719	"Organic compounds; Organoheterocyclic compounds; Lipids and lipid-like molecules; Lactones; Alcohols and polyols; Prenol lipids; Organic acids and derivatives; Carboxylic acids and derivatives; Organooxygen compounds; Monocarboxylic acids and derivatives; Secondary alcohols; Carbonyl compounds; Organic oxides; Oxacyclic compounds; Hydrocarbon derivatives; Organic oxygen compounds; Chemical entities"	267.159	155	2.591	"646009420468470847"	"646009336376861413"	"514"	"DECENT"
1	"C11H12O3"	"[M + H]+"	"C11H13O3+"	"Shikimates and Phenylpropanoids"	0.934	"Phenylpropanoids (C6-C3)"	0.581	"Linear diarylheptanoids"	0.580	"Phenylpropanoids and polyketides"	0.726	"Cinnamaldehydes"	0.579					"Cinnamaldehydes"	0.579	"Organic compounds; Cinnamaldehydes; Styrenes; Ketones; Alkyl aryl ethers; Phenols; Anisoles; Methoxyphenols; Ethers; Phenylpropanoids and polyketides; Acryloyl compounds; Organooxygen compounds; Enones; Carbonyl compounds; Benzene and substituted derivatives; Phenol ethers; Alpha,beta-unsaturated aldehydes; Benzenoids; Alpha,beta-unsaturated carbonyl compounds; Alpha,beta-unsaturated ketones; Organic oxides; Methoxybenzenes; Hydrocarbon derivatives; Organic oxygen compounds; 1-hydroxy-2-unsubstituted benzenoids; Phenoxy compounds; Chemical entities"	193.086	167	2.784	"646009401946423701"	"646009334212599232"	"264"	"DECENT"
11	"C14H28Si2"	"[M + H3N + H]+"	"C14H32NSi2+"	"Terpenoids"	0.996	"Sesquiterpenoids"	0.850	"Chamigrane sesquiterpenoids"	0.383	"Lipids and lipid-like molecules"	0.835	"Prenol lipids"	0.814					"Prenol lipids"	0.814	"Organic compounds; Lipids and lipid-like molecules; Prenol lipids; Organohalogen compounds; Alkyl halides; Hydrocarbon derivatives; Chemical entities"	270.206	189	3.149	"646009425988175282"	"646009336439776080"	"532"	"DECENT"
1	"C15H24O3"	"[M + H]+"	"C15H25O3+"	"Terpenoids"	0.995	"Sesquiterpenoids"	0.992	"Cadinane sesquiterpenoids"	0.096	"Lipids and lipid-like molecules"	0.881	"Prenol lipids"	0.867	"Sesquiterpenoids"	0.810			"Sesquiterpenoids"	0.810	"Organic compounds; Lipids and lipid-like molecules; Alcohols and polyols; Prenol lipids; Organic acids and derivatives; Carboxylic acids and derivatives; Organooxygen compounds; Monocarboxylic acids and derivatives; Carboxylic acids; Cyclic alcohols and derivatives; Sesquiterpenoids; Tertiary alcohols; Carbonyl compounds; Organic oxides; Hydrocarbon derivatives; Organic oxygen compounds; Chemical entities"	253.180	189	3.158	"646009404836299257"	"646009336179728877"	"464"	"BAD"
1	"C21H24O8"	"[M + H3N + H]+"	"C21H28NO8+"	"Shikimates and Phenylpropanoids"	0.995	"Lignans"	0.996	"Neolignans"	0.914	"Lignans, neolignans and related compounds"	0.907							"Lignans, neolignans and related compounds"	0.907	"Organic compounds; Organoheterocyclic compounds; Styrenes; Coumaric acids and derivatives; Alkyl aryl ethers; Alcohols and polyols; Phenols; Anisoles; Methoxyphenols; Ethers; Phenylpropanoids and polyketides; Organic acids and derivatives; Carboxylic acids and derivatives; Primary alcohols; Organooxygen compounds; Cinnamic acids and derivatives; Carboxylic acid derivatives; Monocarboxylic acids and derivatives; Carboxylic acid esters; Hydroxycinnamic acids and derivatives; Lignans, neolignans and related compounds; Carbonyl compounds; Benzene and substituted derivatives; Phenol ethers; Benzenoids; Enoate esters; Alpha,beta-unsaturated carboxylic esters; Fatty Acyls; Organic oxides; Methoxybenzenes; Hydrocarbon derivatives; Organic oxygen compounds; 1-hydroxy-2-unsubstituted benzenoids; Phenoxy compounds; Chemical entities"	422.181	216	3.607	"646009463413951559"	"646009338482404964"	"1064"	"DECENT"
1	"C21H24O8"	"[M + H]+"	"C21H25O8+"	"Shikimates and Phenylpropanoids"	0.976	"Lignans"	0.957	"Neolignans"	0.813	"Lignans, neolignans and related compounds"	0.723							"Lignans, neolignans and related compounds"	0.723	"Organic compounds; Lipids and lipid-like molecules; Styrenes; Coumaric acids and derivatives; Alkyl aryl ethers; Alcohols and polyols; Phenols; Anisoles; Methoxyphenols; Ethers; Phenylpropanoids and polyketides; Organic acids and derivatives; Carboxylic acids and derivatives; Organooxygen compounds; Carboxylic acid derivatives; Carboxylic acid esters; Hydroxycinnamic acids and derivatives; Lignans, neolignans and related compounds; Secondary alcohols; Carbonyl compounds; Benzene and substituted derivatives; Phenol ethers; Benzenoids; Organic oxides; Methoxybenzenes; Hydrocarbon derivatives; Organic oxygen compounds; 1-hydroxy-2-unsubstituted benzenoids; Phenoxy compounds; Chemical entities"	405.154	217	3.611	"646009419558306835"	"646009338352381307"	"1029"	"DECENT"
1	"C15H27NO3"	"[M + H]+"	"C15H28NO3+"	"Amino acids and Peptides"	0.713	"Small peptides"	0.302	"Open-chain polyketides"	0.172	"Organic acids and derivatives"	0.976	"Carboxylic acids and derivatives"	0.945	"Amino acids, peptides, and analogues"	0.582	"Amino acids and derivatives"	0.574	"Amino acids and derivatives"	0.574	"Organic compounds; Lipids and lipid-like molecules; Amino acids, peptides, and analogues; Alcohols and polyols; Organic acids and derivatives; Carboxylic acids and derivatives; Organonitrogen compounds; Organooxygen compounds; Amino acids and derivatives; Carboxylic acid derivatives; Monocarboxylic acids and derivatives; Carbonyl compounds; Organic oxides; Hydrocarbon derivatives; Organopnictogen compounds; Organic oxygen compounds; Organic nitrogen compounds; Chemical entities"	270.206	227	3.786	"646009417192719239"	"646009336376861465"	"521"	"LOWEST"
19	"C14H25N4O4P"	"[M + H3N + H]+"	"C14H29N5O4P+"	"Alkaloids"	0.983	"Pseudoalkaloids (transamidation)"	0.868	"Imidazole alkaloids"	0.068	"Benzenoids"	0.996	"Phenol ethers"	0.931	"Anisoles"	0.801			"Anisoles"	0.801	"Organic compounds; Organoheterocyclic compounds; Imidazoles; Alkyl aryl ethers; Anisoles; Ethers; Organic acids and derivatives; Organonitrogen compounds; Organooxygen compounds; Organic phosphoric acids and derivatives; Phosphate esters; Azoles; Benzene and substituted derivatives; Phenol ethers; Benzenoids; Amines; Organic oxides; Methoxybenzenes; Azacyclic compounds; Heteroaromatic compounds; Hydrocarbon derivatives; Organopnictogen compounds; Organic oxygen compounds; Organic nitrogen compounds; Phenoxy compounds; Chemical entities"	362.196	234	3.894	"646009423308014797"	"646009338092334050"	"959"	"DECENT"
1	"C20H24O5"	"[M + H]+"	"C20H25O5+"	"Shikimates and Phenylpropanoids"	0.996	"Diarylheptanoids"	0.980	"Linear diarylheptanoids"	0.959	"Phenylpropanoids and polyketides"	0.878	"Diarylheptanoids"	0.985	"Linear diarylheptanoids"	0.985	"Curcuminoids"	0.797	"Curcuminoids"	0.797	"Organic compounds; Ketones; Alkyl aryl ethers; Alcohols and polyols; Phenols; Anisoles; Methoxyphenols; Ethers; Phenylpropanoids and polyketides; Organooxygen compounds; Curcuminoids; Fatty alcohols; Secondary alcohols; Gingerols; Paradols; Carbonyl compounds; Benzene and substituted derivatives; Phenol ethers; Benzenoids; Diarylheptanoids; Linear diarylheptanoids; Beta-hydroxy ketones; Organic oxides; Methoxybenzenes; Hydrocarbon derivatives; Organic oxygen compounds; 1-hydroxy-2-unsubstituted benzenoids; Phenoxy compounds; Chemical entities"	345.169	234	3.898	"646009434871711646"	"646009337765177882"	"881"	"DECENT"
2	"C35H56O9"	"[M + H]+"	"C35H57O9+"	"Terpenoids"	0.999	"Triterpenoids"	0.998	"Oleanane triterpenoids"	0.617	"Lipids and lipid-like molecules"	0.997	"Prenol lipids"	0.982	"Terpene glycosides"	0.511	"Triterpene glycosides"	0.506	"Triterpene saponins"	0.507	"Organic compounds; Organoheterocyclic compounds; Carbohydrates and carbohydrate conjugates; Lipids and lipid-like molecules; Alcohols and polyols; Ethers; Steroids and steroid derivatives; Prenol lipids; Carboxylic acids and derivatives; Primary alcohols; Organooxygen compounds; Monocarboxylic acids and derivatives; Cyclic alcohols and derivatives; Monosaccharides; Triterpenoids; Triterpene glycosides; Acetals; Secondary alcohols; Carbonyl compounds; Oxanes; Terpene glycosides; Glycosyl compounds; O-glycosyl compounds; Polyols; Triterpene saponins; Organic oxides; Oxacyclic compounds; Hydrocarbon derivatives; Organic oxygen compounds; Chemical entities"	621.399	260	4.340	"646009436721399753"	"646009339472262459"	"1340"	"DECENT"
5	"C42H55NO4"	"[M + H]+"	"C42H56NO4+"	"Terpenoids"	0.991	"Triterpenoids"	0.986	"Lupane triterpenoids"	0.818	"Lipids and lipid-like molecules"	0.949	"Prenol lipids"	0.929	"Triterpenoids"	0.898			"Triterpenoids"	0.898	"Organic compounds; Lipids and lipid-like molecules; Prenol lipids; Organic acids and derivatives; Carboxylic acids and derivatives; Organonitrogen compounds; Organooxygen compounds; Carboxylic acid amides; Carboxylic acid derivatives; Monocarboxylic acids and derivatives; Carboxylic acid esters; Triterpenoids; Carbonyl compounds; Naphthalenecarboxylic acids and derivatives; Benzene and substituted derivatives; Naphthalenecarboxamides; Benzenoids; Organic oxides; Hydrocarbon derivatives; Organopnictogen compounds; Organic oxygen compounds; Organic nitrogen compounds; Chemical entities"	638.426	261	4.347	"646009520657814853"	"646009339472262513"	"1347"	"DECENT"
2	"C28H42O13"	"[M - H6O3 + H3N + H]+"	"C28H40NO10+"	"Terpenoids"	0.940	"Triterpenoids"	0.740	"Cycloartane triterpenoids"	0.521	"Organoheterocyclic compounds"	0.969	"Oxepanes"	0.597					"Oxepanes"	0.597	"Organic compounds; Organoheterocyclic compounds; Lipids and lipid-like molecules; Lactones; Alcohols and polyols; Epoxides; Ethers; Prenol lipids; Organic acids and derivatives; Carboxylic acids and derivatives; Organooxygen compounds; Carboxylic acid derivatives; Dialkyl ethers; Carboxylic acid esters; Cyclic alcohols and derivatives; Secondary alcohols; Tertiary alcohols; Oxepanes; Carbonyl compounds; Oxanes; Polyols; Enoate esters; Alpha,beta-unsaturated carboxylic esters; Organic oxides; Oxacyclic compounds; Hydrocarbon derivatives; Organic oxygen compounds; Chemical entities"	550.264	275	4.576	"646010096170854642"	"646009339275129816"	"1295"	"DECENT"
1	"C28H36O10"	"[M + H]+"	"C28H37O10+"	"Terpenoids"	0.962	"Triterpenoids"	0.820	"Cycloartane triterpenoids"	0.770	"Organic acids and derivatives"	0.989	"Orthocarboxylic acid derivatives"	0.414	"Carboxylic acid orthoesters"	0.520			"Carboxylic acid orthoesters"	0.520	"Organic compounds; Organoheterocyclic compounds; Lipids and lipid-like molecules; Lactones; Alcohols and polyols; Epoxides; Ethers; Prenol lipids; Organic acids and derivatives; Carboxylic acids and derivatives; Organooxygen compounds; Carboxylic acid derivatives; Dialkyl ethers; Carboxylic acid orthoesters; Carboxylic acid esters; Cyclic alcohols and derivatives; Secondary alcohols; Tertiary alcohols; Oxepanes; Carbonyl compounds; Oxanes; Polyols; Ortho esters; Enoate esters; Alpha,beta-unsaturated carboxylic esters; Fatty Acyls; Organic oxides; Oxacyclic compounds; Hydrocarbon derivatives; Organic oxygen compounds; Chemical entities"	533.238	275	4.578	"646009827366299879"	"646009339241575300"	"1284"	"DECENT"
1	"C29H34N2O5"	"[M + H]+"	"C29H35N2O5+"	"Alkaloids"	1.000	"Pseudoalkaloids (transamidation)"	1.000	"Cytochalasan alkaloids"	1.000	"Alkaloids and derivatives"	0.969	"Cytochalasans"	0.979					"Cytochalasans"	0.979	"Organic compounds; Organoheterocyclic compounds; Macrolactams; Pyrroles; Ketones; Isoindoles; Alcohols and polyols; Epoxides; Lactams; Indoles and derivatives; Pyrrolidines; Organic acids and derivatives; Carboxylic acids and derivatives; Organonitrogen compounds; Alkaloids and derivatives; Organooxygen compounds; Carboxylic acid amides; Carboxylic acid derivatives; Pyrrolidones; Dialkyl ethers; Secondary alcohols; Secondary carboxylic acid amides; Oxepanes; Isoindoles and derivatives; Isoindolones; Cytochalasans; Carbonyl compounds; Substituted pyrroles; Benzenoids; Isoindolines; Indoles; Pyrrolidine-2-ones; Cyclic ketones; Organic oxides; Azacyclic compounds; Oxacyclic compounds; Heteroaromatic compounds; Hydrocarbon derivatives; 3-alkylindoles; Organopnictogen compounds; Organic oxygen compounds; Organic nitrogen compounds; Chemical entities"	491.253	284	4.739	"646009528014624440"	"646009338935390639"	"1208"	"DECENT"
2	"C29H34N2O5"	"[M + H3N + H]+"	"C29H38N3O5+"	"Alkaloids"	0.996	"Pseudoalkaloids (transamidation)"	0.999	"Cytochalasan alkaloids"	1.000	"Alkaloids and derivatives"	0.639	"Cytochalasans"	0.938					"Cytochalasans"	0.938	"Organic compounds; Organoheterocyclic compounds; Macrolactams; Pyrroles; Ketones; Isoindoles; Alcohols and polyols; Lactams; Indoles and derivatives; Pyrrolidines; Organic acids and derivatives; Carboxylic acids and derivatives; Organonitrogen compounds; Alkaloids and derivatives; Organooxygen compounds; Carboxylic acid amides; Carboxylic acid derivatives; Monocarboxylic acids and derivatives; Pyrrolidones; Carboxylic acid esters; Secondary carboxylic acid amides; Isoindoles and derivatives; Isoindolones; Cytochalasans; Carbonyl compounds; Substituted pyrroles; Benzenoids; Isoindolines; Indoles; Pyrrolidine-2-ones; Organic oxides; Azacyclic compounds; Oxacyclic compounds; Heteroaromatic compounds; Hydrocarbon derivatives; 3-alkylindoles; Organopnictogen compounds; Organic oxygen compounds; Organic nitrogen compounds; Chemical entities"	508.280	285	4.753	"646009463611083866"	"646009338998305262"	"1216"	"DECENT"
4	"C12H27N4O4P"	"[M + Na]+"	"C12H27N4NaO4P+"	"Alkaloids"	0.559	"Histidine alkaloids"	0.290	"Imidazole alkaloids"	0.287	"Organic acids and derivatives"	0.883	"Organic phosphoric acids and derivatives"	0.760					"Organic phosphoric acids and derivatives"	0.760	"Organic compounds; Organoheterocyclic compounds; Organic acids and derivatives; Organonitrogen compounds; Organic phosphoric acids and derivatives; Amines; Organic oxides; Azacyclic compounds; Hydrocarbon derivatives; Organopnictogen compounds; Organic oxygen compounds; Organic nitrogen compounds; Chemical entities"	345.167	289	4.825	"646009485291442339"	"646009337765177833"	"875"	"BAD"
1	"C22H27NO6"	"[M + H3N + H]+"	"C22H31N2O6+"	"Polyketides"	0.634	"Tyrosine alkaloids"	0.442	"Zearalenones"	0.235	"Benzenoids"	0.941	"Phenols"	0.581					"Phenols"	0.581	"Organic compounds; Organoheterocyclic compounds; Ketones; Phenols; Ethers; Organic acids and derivatives; Carboxylic acids and derivatives; Organonitrogen compounds; Organooxygen compounds; Carbonyl compounds; Benzenoids; Amines; Vinylogous acids; Aralkylamines; Organic oxides; Oxacyclic compounds; Hydrocarbon derivatives; Organopnictogen compounds; Organic oxygen compounds; Organic nitrogen compounds; Chemical entities"	419.217	294	4.892	"646009450730375573"	"646009338419490268"	"1044"	"DECENT"
1	"C22H27NO6"	"[M + H]+"	"C22H28NO6+"	"Polyketides"	0.422	"Coumarins"	0.593	"Phenethylisoquinoline alkaloids"	0.228	"Phenylpropanoids and polyketides"	0.604	"Coumarins and derivatives"	0.593					"Coumarins and derivatives"	0.593	"Organic compounds; Organoheterocyclic compounds; Lactones; Pyrans; Ketones; Benzopyrans; Alkyl aryl ethers; Anisoles; Coumarins and derivatives; Ethers; Phenylpropanoids and polyketides; Organic acids and derivatives; Carboxylic acids and derivatives; Organonitrogen compounds; Organooxygen compounds; Carboxylic acid amides; Pyranones and derivatives; Carboxylic acid derivatives; Secondary carboxylic acid amides; Carbonyl compounds; Phenol ethers; Benzenoids; 1-benzopyrans; Organic oxides; Oxacyclic compounds; Heteroaromatic compounds; Hydrocarbon derivatives; Organopnictogen compounds; Organic oxygen compounds; Organic nitrogen compounds; Chemical entities"	402.191	294	4.892	"646009451460184507"	"646009338549513943"	"1085"	"DECENT"
1	"C18H28O6"	"[M - H2O + Na]+"	"C18H26NaO5+"	"Fatty acids"	0.928	"Eicosanoids"	0.452	"Prostaglandins"	0.242	"Lipids and lipid-like molecules"	0.847	"Fatty Acyls"	0.837	"Fatty acids and conjugates"	0.671	"Hydroxy fatty acids"	0.633	"Hydroxy fatty acids"	0.633	"Organic compounds; Lipids and lipid-like molecules; Alcohols and polyols; Fatty acids and conjugates; Organic acids and derivatives; Carboxylic acids and derivatives; Organooxygen compounds; Hydroxy fatty acids; Monocarboxylic acids and derivatives; Carboxylic acids; Secondary alcohols; Carbonyl compounds; Fatty Acyls; Organic oxides; Hydrocarbon derivatives; Organic oxygen compounds; Chemical entities"	345.167	300	4.993	"646009442249492606"	"646009337828092470"	"887"	"DECENT"
16	"C55H97N3O28"	"[M + H]+"	"C55H98N3O28+"	"Carbohydrates"	0.429	"Triterpenoids"	0.170	"Polysaccharides"	0.418	"Lipids and lipid-like molecules"	0.886	"Prenol lipids"	0.827	"Terpene glycosides"	0.640			"Terpene glycosides"	0.640	"Organic compounds; Organoheterocyclic compounds; Carbohydrates and carbohydrate conjugates; Lipids and lipid-like molecules; Alcohols and polyols; Oligosaccharides; Ethers; Prenol lipids; Organic acids and derivatives; Carboxylic acids and derivatives; Organonitrogen compounds; Primary alcohols; Organooxygen compounds; Carboxylic acid derivatives; Carboxylic acid esters; Acetals; Secondary alcohols; Fatty acyl glycosides; Carbonyl compounds; Oxanes; Terpene glycosides; Glycosyl compounds; Alkyl glycosides; O-glycosyl compounds; N-acyl-alpha-hexosamines; Polyols; Aminosaccharides; Organic oxides; Oxacyclic compounds; Hydrocarbon derivatives; Organopnictogen compounds; Organic oxygen compounds; Organic nitrogen compounds; Chemical entities"	1248.637	305	5.091	"646009474700824264"	"646009339736504242"	"1421"	"DECENT"
1	"C15H25NO4"	"[M + H]+"	"C15H26NO4+"	"Fatty acids"	0.993	"Fatty amides"	0.948	"N-acyl amines"	0.679	"Organic acids and derivatives"	1.000	"Carboxylic acids and derivatives"	0.999	"Amino acids, peptides, and analogues"	0.720	"Amino acids and derivatives"	0.717	"N-acyl-alpha amino acids and derivatives"	0.629	"Organic compounds; Lipids and lipid-like molecules; Amino acids, peptides, and analogues; Alpha amino acids and derivatives; Fatty acids and conjugates; Organic acids and derivatives; Carboxylic acids and derivatives; Organonitrogen compounds; Organooxygen compounds; Fatty amides; Amino acids and derivatives; Carboxylic acid amides; Carboxylic acid derivatives; N-acyl amines; Monocarboxylic acids and derivatives; N-acyl-alpha amino acids and derivatives; Carboxylic acids; Secondary carboxylic acid amides; Carbonyl compounds; Fatty Acyls; Organic oxides; Hydrocarbon derivatives; Organopnictogen compounds; Organic oxygen compounds; Organic nitrogen compounds; Chemical entities"	284.185	320	5.334	"646009456048753334"	"646009336636908628"	"583"	"DECENT"
1	"C15H28N2O4"	"[M + H]+"	"C15H29N2O4+"	"Fatty acids"	1.000	"Fatty amides"	1.000	"N-acyl amines"	1.000	"Organic acids and derivatives"	1.000	"Carboxylic acids and derivatives"	1.000	"Amino acids, peptides, and analogues"	0.997	"Amino acids and derivatives"	0.997	"N-acyl-alpha amino acids"	0.984	"Organic compounds; Lipids and lipid-like molecules; Amino acids, peptides, and analogues; Alpha amino acids and derivatives; Fatty acids and conjugates; Organic acids and derivatives; Carboxylic acids and derivatives; Organonitrogen compounds; Organooxygen compounds; Fatty amides; Amino acids and derivatives; Carboxylic acid amides; Carboxylic acid derivatives; N-acyl amines; Monocarboxylic acids and derivatives; N-acyl-alpha amino acids and derivatives; Carboxylic acids; Secondary carboxylic acid amides; Carbonyl compounds; N-acyl-alpha amino acids; Fatty Acyls; Organic oxides; Hydrocarbon derivatives; Asparagine and derivatives; Organopnictogen compounds; Organic oxygen compounds; Organic nitrogen compounds; Chemical entities"	301.212	320	5.334	"646009452466817516"	"646009337043756588"	"672"	"DECENT"
1	"C17H35NO2S"	"[M + H]+"	"C17H36NO2S+"	"Fatty acids"	0.578	"Fatty amides"	0.114	"Primary amides"	0.021	"Lipids and lipid-like molecules"	0.615	"Fatty Acyls"	0.518					"Fatty Acyls"	0.518	"Organic compounds; Organoheterocyclic compounds; Organosulfur compounds; Lipids and lipid-like molecules; Organic acids and derivatives; Carboxylic acids and derivatives; Organonitrogen compounds; Organooxygen compounds; Carboxylic acid derivatives; Monocarboxylic acids and derivatives; Carbonyl compounds; Dialkylthioethers; Fatty Acyls; Organic oxides; Azacyclic compounds; Hydrocarbon derivatives; Organopnictogen compounds; Organic oxygen compounds; Organic nitrogen compounds; Chemical entities"	318.246	333	5.549	"646009462004665336"	"646009337240889130"	"720"	"DECENT"
1	"C20H30O3"	"[M + H]+"	"C20H31O3+"	"Terpenoids"	0.990	"Diterpenoids"	0.596	"Apocarotenoids (β-)"	0.018	"Lipids and lipid-like molecules"	0.988	"Prenol lipids"	0.911	"Diterpenoids"	0.799			"Diterpenoids"	0.799	"Organic compounds; Lipids and lipid-like molecules; Ketones; Prenol lipids; Fatty acids and conjugates; Organic acids and derivatives; Carboxylic acids and derivatives; Organooxygen compounds; Branched fatty acids; Monocarboxylic acids and derivatives; Carboxylic acids; Diterpenoids; Carbonyl compounds; Medium-chain fatty acids; Cyclic ketones; Methyl-branched fatty acids; Fatty Acyls; Organic oxides; Hydrocarbon derivatives; Cyclohexenones; Organic oxygen compounds; Chemical entities"	319.226	340	5.659	"646009472763055629"	"646009337240889148"	"724"	"BAD"
1	"C20H30O3"	"[M + H]+"	"C20H31O3+"	"Terpenoids"	0.994	"Diterpenoids"	0.643	"Apocarotenoids (β-)"	0.028	"Lipids and lipid-like molecules"	0.995	"Prenol lipids"	0.952	"Diterpenoids"	0.939	"Colensane and clerodane diterpenoids"	0.678	"Colensane and clerodane diterpenoids"	0.678	"Organic compounds; Lipids and lipid-like molecules; Ketones; Prenol lipids; Fatty acids and conjugates; Organic acids and derivatives; Carboxylic acids and derivatives; Organooxygen compounds; Branched fatty acids; Unsaturated fatty acids; Monocarboxylic acids and derivatives; Carboxylic acids; Diterpenoids; Colensane and clerodane diterpenoids; Carbonyl compounds; Medium-chain fatty acids; Cyclic ketones; Methyl-branched fatty acids; Fatty Acyls; Organic oxides; Hydrocarbon derivatives; Cyclohexenones; Organic oxygen compounds; Chemical entities"	319.227	343	5.717	"646009501414347300"	"646009337438021690"	"782"	"DECENT"
1	"C20H30O3"	"[M + H]+"	"C20H31O3+"	"Terpenoids"	0.985	"Diterpenoids"	0.854	"Labdane diterpenoids"	0.059	"Lipids and lipid-like molecules"	0.976	"Prenol lipids"	0.911	"Diterpenoids"	0.935			"Diterpenoids"	0.935	"Organic compounds; Lipids and lipid-like molecules; Ketones; Prenol lipids; Fatty acids and conjugates; Organic acids and derivatives; Carboxylic acids and derivatives; Organooxygen compounds; Branched fatty acids; Monocarboxylic acids and derivatives; Carboxylic acids; Diterpenoids; Carbonyl compounds; Medium-chain fatty acids; Methyl-branched fatty acids; Fatty Acyls; Organic oxides; Hydrocarbon derivatives; Organic oxygen compounds; Chemical entities"	319.227	352	5.870	"646009499099091411"	"646009337370912762"	"759"	"DECENT"
