"formulaRank"	"molecularFormula"	"adduct"	"precursorFormula"	"NPC#pathway"	"NPC#pathway Probability"	"NPC#superclass"	"NPC#superclass Probability"	"NPC#class"	"NPC#class Probability"	"ClassyFire#superclass"	"ClassyFire#superclass probability"	"ClassyFire#class"	"ClassyFire#class Probability"	"ClassyFire#subclass"	"ClassyFire#subclass Probability"	"ClassyFire#level 5"	"ClassyFire#level 5 Probability"	"ClassyFire#most specific class"	"ClassyFire#most specific class Probability"	"ClassyFire#all classifications"	"ionMass"	"retentionTimeInSeconds"	"retentionTimeInMinutes"	"formulaId"	"alignedFeatureId"	"mappingFeatureId"	"overallFeatureQuality"
1	"C14H14Cl2N2O3"	"[M - H]-"	"C14H13Cl2N2O3-"	"Amino acids and Peptides"	0.980	"Small peptides"	0.528	"Dipeptides"	0.545	"Organic acids and derivatives"	0.998	"Carboxylic acids and derivatives"	0.998	"Amino acids, peptides, and analogues"	0.997	"Amino acids and derivatives"	0.996	"Alpha amino acids and derivatives"	0.997	"Organic compounds; Organoheterocyclic compounds; Amino acids, peptides, and analogues; Halobenzenes; Alpha amino acids and derivatives; Phenols; Lactams; Piperazines; Pyrrolidines; Organic acids and derivatives; Carboxylic acids and derivatives; Organohalogen compounds; Organonitrogen compounds; Organooxygen compounds; Amino acids and derivatives; Carboxylic acid amides; Aryl chlorides; Carboxylic acid derivatives; Chlorobenzenes; Organochlorides; Secondary carboxylic acid amides; Tertiary carboxylic acid amides; Dioxopiperazines; Carbonyl compounds; Benzene and substituted derivatives; Halophenols; Diazinanes; Benzenoids; Dichlorobenzenes; Chlorophenols; O-chlorophenols; Aryl halides; N-alkylpiperazines; 2,5-dioxopiperazines; Organic oxides; Azacyclic compounds; Hydrocarbon derivatives; Organopnictogen compounds; Organic oxygen compounds; 1-hydroxy-2-unsubstituted benzenoids; Organic nitrogen compounds; Chemical entities"	327.030	126	2.092	"645927292640796192"	"645927169101753263"	"1880"	"DECENT"
1	"C38H48O20"	"[M - H]-"	"C38H47O20-"	"Shikimates and Phenylpropanoids"	1.000	"Flavonoids"	1.000	"Flavonols"	0.998	"Phenylpropanoids and polyketides"	1.000	"Flavonoids"	1.000	"Flavonoid glycosides"	1.000	"Flavonoid O-glycosides"	0.998	"Flavonoid-3-O-glycosides"	0.999	"Organic compounds; Organoheterocyclic compounds; Carbohydrates and carbohydrate conjugates; Pyrans; Benzopyrans; Alcohols and polyols; Phenols; Chromones; Ethers; Phenylpropanoids and polyketides; Organic acids and derivatives; Primary alcohols; Organooxygen compounds; Flavonoids; Pyranones and derivatives; Flavonoid glycosides; Disaccharides; Flavonoid O-glycosides; Flavones; Acetals; Secondary alcohols; Oxanes; Glycosyl compounds; O-glycosyl compounds; Benzene and substituted derivatives; Polyols; Benzenoids; 4'-hydroxyflavonoids; Hydroxyflavonoids; 5-hydroxyflavonoids; 1-benzopyrans; 8-prenylated flavones; Flavonoid-3-O-glycosides; Flavonoid-7-O-glycosides; Vinylogous acids; Organic oxides; Oxacyclic compounds; Heteroaromatic compounds; Hydrocarbon derivatives; Organic oxygen compounds; 1-hydroxy-2-unsubstituted benzenoids; Chemical entities"	823.266	179	2.985	"645927592898455781"	"645927172775969482"	"3062"	"DECENT"
1	"C39H50O22"	"[M - H]-"	"C39H49O22-"	"Shikimates and Phenylpropanoids"	0.998	"Flavonoids"	0.998	"Flavonols"	0.713	"Phenylpropanoids and polyketides"	0.992	"Flavonoids"	0.996	"Flavonoid glycosides"	0.997	"Flavonoid O-glycosides"	0.994	"Flavonoid-3-O-glycosides"	0.915	"Organic compounds; Organoheterocyclic compounds; Carbohydrates and carbohydrate conjugates; Pyrans; Benzopyrans; Alcohols and polyols; Phenols; Chromones; Ethers; Phenylpropanoids and polyketides; Organic acids and derivatives; Carboxylic acids and derivatives; Primary alcohols; Organooxygen compounds; Flavonoids; Pyranones and derivatives; Carboxylic acid derivatives; Flavonoid glycosides; Carboxylic acid esters; Disaccharides; Flavonoid O-glycosides; Flavones; Acetals; Secondary alcohols; Carbonyl compounds; Oxanes; Glycosyl compounds; O-glycosyl compounds; Benzene and substituted derivatives; Polyols; Phenol ethers; Benzenoids; 4'-hydroxyflavonoids; Hydroxyflavonoids; 5-hydroxyflavonoids; 1-benzopyrans; Flavonoid-3-O-glycosides; Flavonoid-7-O-glycosides; Vinylogous acids; Organic oxides; Oxacyclic compounds; Heteroaromatic compounds; Hydrocarbon derivatives; Phenolic glycosides; Organic oxygen compounds; 1-hydroxy-2-unsubstituted benzenoids; Phenoxy compounds; Chemical entities"	869.272	179	2.987	"645927332625098481"	"645927172809523973"	"3072"	"DECENT"
1	"C12H28N2O2S2"	"[M - H]-"	"C12H27N2O2S2-"	"Alkaloids"	0.711	"Ornithine alkaloids"	0.595	"Polyamines"	0.954	"Organosulfur compounds"	0.970	"Sulfenyl compounds"	0.728					"Sulfenyl compounds"	0.728	"Organic compounds; Organosulfur compounds; Organic acids and derivatives; Organonitrogen compounds; Amines; Sulfenyl compounds; Organic oxides; Hydrocarbon derivatives; Organic oxygen compounds; Organic nitrogen compounds; Chemical entities"	295.155	205	3.422	"645927295027355306"	"645927168183199299"	"1541"	"BAD"
1	"C16H24O5"	"[M - H]-"	"C16H23O5-"	"Fatty acids"	0.996	"Octadecanoids"	0.637	"Prostaglandins"	0.214	"Organic oxygen compounds"	1.000	"Organooxygen compounds"	1.000	"Alcohols and polyols"	0.903	"Secondary alcohols"	0.756	"Cyclopentanols"	0.555	"Organic compounds; Lipids and lipid-like molecules; Ketones; Alcohols and polyols; Fatty acids and conjugates; Organic acids and derivatives; Carboxylic acids and derivatives; Organooxygen compounds; Carboxylic acid derivatives; Monocarboxylic acids and derivatives; Carboxylic acids; Carboxylic acid esters; Secondary alcohols; Carbonyl compounds; Cyclopentanols; Cyclic ketones; Fatty Acyls; Organic oxides; Hydrocarbon derivatives; Organic oxygen compounds; Chemical entities"	295.155	269	4.483	"645927302283501803"	"645927168187393605"	"1543"	"BAD"
1	"C42H68O15"	"[M - H]-"	"C42H67O15-"	"Terpenoids"	0.998	"Triterpenoids"	0.998	"Oleanane triterpenoids"	0.935	"Lipids and lipid-like molecules"	0.997	"Prenol lipids"	0.979	"Terpene glycosides"	0.855	"Triterpene glycosides"	0.900	"Triterpene saponins"	0.900	"Organic compounds; Organoheterocyclic compounds; Carbohydrates and carbohydrate conjugates; Lipids and lipid-like molecules; Alcohols and polyols; Ethers; Steroids and steroid derivatives; Prenol lipids; Organic acids and derivatives; Carboxylic acids and derivatives; Primary alcohols; Organooxygen compounds; Monocarboxylic acids and derivatives; Carboxylic acids; Cyclic alcohols and derivatives; Monosaccharides; Triterpenoids; Triterpene glycosides; Acetals; Secondary alcohols; Carbonyl compounds; Oxanes; Terpene glycosides; Glycosyl compounds; O-glycosyl compounds; Polyols; Triterpene saponins; Organic oxides; Oxacyclic compounds; Hydrocarbon derivatives; Organic oxygen compounds; Chemical entities"	811.448	278	4.638	"645927308688204449"	"645927172708860466"	"3044"	"DECENT"
1	"C30H46O7"	"[M - H]-"	"C30H45O7-"	"Terpenoids"	1.000	"Triterpenoids"	0.999	"Ursane and Taraxastane triterpenoids"	0.474	"Lipids and lipid-like molecules"	0.999	"Prenol lipids"	0.992	"Triterpenoids"	0.978			"Triterpenoids"	0.978	"Organic compounds; Lipids and lipid-like molecules; Alcohols and polyols; Steroids and steroid derivatives; Prenol lipids; Organic acids and derivatives; Carboxylic acids and derivatives; Organooxygen compounds; Dicarboxylic acids and derivatives; Hydroxy acids and derivatives; Carboxylic acids; Cyclic alcohols and derivatives; Hydroxysteroids; Triterpenoids; Secondary alcohols; Beta hydroxy acids and derivatives; Carbonyl compounds; Polyols; 12-hydroxysteroids; Organic oxides; Hydrocarbon derivatives; Organic oxygen compounds; Chemical entities"	517.316	293	4.891	"645927320113489017"	"645927172004215954"	"2801"	"DECENT"
1	"C29H48N4O5S"	"[M - H]-"	"C29H47N4O5S-"	"Alkaloids"	0.349	"Histidine alkaloids"	0.156	"Imidazole alkaloids"	0.156	"Organic acids and derivatives"	0.983	"Carboxylic acids and derivatives"	0.976	"Amino acids, peptides, and analogues"	0.777	"Amino acids and derivatives"	0.767	"Carbamate esters"	0.793	"Organic compounds; Organoheterocyclic compounds; Organosulfur compounds; Lipids and lipid-like molecules; Amino acids, peptides, and analogues; Imidazoles; Organic acids and derivatives; Carboxylic acids and derivatives; Organonitrogen compounds; Carbamic acids and derivatives; Organooxygen compounds; Amino acids and derivatives; Azoles; Carboxylic acid amides; Carboxylic acid derivatives; Carbamate esters; Secondary carboxylic acid amides; Carbonyl compounds; Substituted imidazoles; N-substituted imidazoles; Fatty Acyls; Organic oxides; Azacyclic compounds; Heteroaromatic compounds; Hydrocarbon derivatives; Organopnictogen compounds; Organic oxygen compounds; Organic nitrogen compounds; Chemical entities"	563.322	293	4.891	"645927314849637290"	"645927172180377064"	"2856"	"BAD"
1	"C33H54O14"	"[M - H]-"	"C33H53O14-"	"Terpenoids"	0.961	"Diterpenoids"	0.706	"Sophorolipids"	0.039	"Lipids and lipid-like molecules"	0.997	"Fatty Acyls"	0.990	"Fatty acyl glycosides"	0.955	"Sophorolipids"	0.958	"Sophorolipids"	0.958	"Organic compounds; Organoheterocyclic compounds; Carbohydrates and carbohydrate conjugates; Lipids and lipid-like molecules; Alcohols and polyols; Ethers; Prenol lipids; Fatty acids and conjugates; Organic acids and derivatives; Carboxylic acids and derivatives; Primary alcohols; Organooxygen compounds; Branched fatty acids; Unsaturated fatty acids; Hydroxy fatty acids; Monocarboxylic acids and derivatives; Carboxylic acids; Disaccharides; Diterpenoids; Acetals; Secondary alcohols; Diterpene glycosides; Fatty acyl glycosides; Carbonyl compounds; Heterocyclic fatty acids; Oxanes; Terpene glycosides; Glycosyl compounds; Alkyl glycosides; Sophorolipids; O-glycosyl compounds; Polyols; Long-chain fatty acids; Methyl-branched fatty acids; Fatty acyl glycosides of mono- and disaccharides; Fatty Acyls; Organic oxides; Oxacyclic compounds; Hydrocarbon derivatives; Organic oxygen compounds; Chemical entities"	673.343	303	5.055	"645927341596715038"	"645927172507533378"	"2964"	"DECENT"
1	"C34H56O16"	"[M - H]-"	"C34H55O16-"	"Terpenoids"	0.994	"Diterpenoids"	0.993	"Tetracyclic diterpenoids"	0.312	"Lipids and lipid-like molecules"	0.999	"Fatty Acyls"	0.988	"Fatty acyl glycosides"	0.959	"Sophorolipids"	0.929	"Sophorolipids"	0.929	"Organic compounds; Organoheterocyclic compounds; Carbohydrates and carbohydrate conjugates; Lipids and lipid-like molecules; Alcohols and polyols; Ethers; Prenol lipids; Organic acids and derivatives; Carboxylic acids and derivatives; Primary alcohols; Organooxygen compounds; Branched fatty acids; Hydroxy fatty acids; Monocarboxylic acids and derivatives; Carboxylic acids; Disaccharides; Diterpenoids; Acetals; Secondary alcohols; Diterpene glycosides; Steviol glycosides; Fatty acyl glycosides; Carbonyl compounds; Oxanes; Terpene glycosides; Glycosyl compounds; Sophorolipids; O-glycosyl compounds; Polyols; Methyl-branched fatty acids; Kaurane diterpenoids; Fatty Acyls; Organic oxides; Oxacyclic compounds; Hydrocarbon derivatives; Organic oxygen compounds; Chemical entities"	719.349	303	5.055	"645927362694065041"	"645927172591419635"	"2991"	"DECENT"
1	"C18H16O8"	"[M - H]-"	"C18H15O8-"	"Shikimates and Phenylpropanoids"	1.000	"Flavonoids"	0.999	"Flavonols"	0.997	"Phenylpropanoids and polyketides"	0.999	"Flavonoids"	1.000	"O-methylated flavonoids"	0.998	"3-O-methylated flavonoids"	0.983	"3-O-methylated flavonoids"	0.983	"Organic compounds; Organoheterocyclic compounds; Pyrans; Benzopyrans; Alkyl aryl ethers; Phenols; Anisoles; Chromones; Methoxyphenols; Ethers; Phenylpropanoids and polyketides; Organic acids and derivatives; Organooxygen compounds; Flavonoids; Pyranones and derivatives; Flavones; Benzene and substituted derivatives; Phenol ethers; Benzenoids; O-methylated flavonoids; 3-O-methylated flavonoids; 6-O-methylated flavonoids; 3'-O-methylated flavonoids; 4'-hydroxyflavonoids; Hydroxyflavonoids; 5-hydroxyflavonoids; 7-hydroxyflavonoids; 1-benzopyrans; Vinylogous acids; Organic oxides; Methoxybenzenes; Oxacyclic compounds; Heteroaromatic compounds; Hydrocarbon derivatives; Organic oxygen compounds; 1-hydroxy-2-unsubstituted benzenoids; 1-hydroxy-4-unsubstituted benzenoids; Phenoxy compounds; 3-methoxychromones; Chemical entities"	359.077	304	5.064	"645927340829157366"	"645927171085661896"	"2480"	"DECENT"
1	"C30H46O7"	"[M - H]-"	"C30H45O7-"	"Terpenoids"	1.000	"Triterpenoids"	1.000	"Ursane and Taraxastane triterpenoids"	0.414	"Lipids and lipid-like molecules"	0.999	"Prenol lipids"	0.997	"Triterpenoids"	0.987			"Triterpenoids"	0.987	"Organic compounds; Lipids and lipid-like molecules; Alcohols and polyols; Steroids and steroid derivatives; Prenol lipids; Organic acids and derivatives; Carboxylic acids and derivatives; Organooxygen compounds; Dicarboxylic acids and derivatives; Hydroxy acids and derivatives; Carboxylic acids; Cyclic alcohols and derivatives; Hydroxysteroids; Triterpenoids; Secondary alcohols; Beta hydroxy acids and derivatives; Carbonyl compounds; Polyols; Organic oxides; Hydrocarbon derivatives; Organic oxygen compounds; Chemical entities"	517.316	315	5.252	"645927319182353483"	"645927172008410266"	"2802"	"DECENT"
1	"C30H46O7"	"[M + CH2O2 - H]-"	"C31H47O9-"	"Terpenoids"	1.000	"Triterpenoids"	0.999	"Oleanane triterpenoids"	0.251	"Lipids and lipid-like molecules"	0.999	"Prenol lipids"	0.994	"Triterpenoids"	0.982			"Triterpenoids"	0.982	"Organic compounds; Lipids and lipid-like molecules; Alcohols and polyols; Steroids and steroid derivatives; Prenol lipids; Organic acids and derivatives; Carboxylic acids and derivatives; Organooxygen compounds; Dicarboxylic acids and derivatives; Hydroxy acids and derivatives; Carboxylic acids; Cyclic alcohols and derivatives; Hydroxysteroids; Triterpenoids; Secondary alcohols; Beta hydroxy acids and derivatives; Carbonyl compounds; Organic oxides; Hydrocarbon derivatives; 18-hydroxysteroids; Organic oxygen compounds; Chemical entities"	563.322	315	5.252	"645927343932942462"	"645927172163599822"	"2852"	"DECENT"
1	"C53H86O21"	"[M + CH2O2 - H]-"	"C54H87O23-"	"Terpenoids"	0.999	"Triterpenoids"	0.989	"Oleanane triterpenoids"	0.778	"Lipids and lipid-like molecules"	0.991	"Prenol lipids"	0.989	"Terpene glycosides"	0.969	"Triterpene glycosides"	0.950	"Triterpene saponins"	0.950	"Organic compounds; Organoheterocyclic compounds; Carbohydrates and carbohydrate conjugates; Lipids and lipid-like molecules; Alcohols and polyols; Ethers; Prenol lipids; Organic acids and derivatives; Carboxylic acids and derivatives; Primary alcohols; Organooxygen compounds; Carboxylic acid derivatives; Monocarboxylic acids and derivatives; Carboxylic acid esters; Disaccharides; Triterpenoids; Triterpene glycosides; Acetals; Secondary alcohols; Carbonyl compounds; Oxanes; Terpene glycosides; Glycosyl compounds; O-glycosyl compounds; Polyols; Triterpene saponins; Organic oxides; Oxacyclic compounds; Hydrocarbon derivatives; Organic oxygen compounds; Chemical entities"	1103.564	321	5.351	"645927495737396055"	"645927172935353446"	"3119"	"DECENT"
1	"C27H34B4N2O9"	"[M - H]-"	"C27H33B4N2O9-"	"Terpenoids"	0.823	"Monoterpenoids"	0.621	"Pinane monoterpenoids"	0.994	"Organoheterocyclic compounds"	0.999	"Isoindoles and derivatives"	0.532	"Isoindoles"	0.871			"Isoindoles"	0.871	"Organic compounds; Organoheterocyclic compounds; Isoindoles; Phenylmethylamines; Organic acids and derivatives; Carboxylic acids and derivatives; Organonitrogen compounds; Organooxygen compounds; Organometallic compounds; Boronic acid derivatives; Carboxylic acid derivatives; Organometalloid compounds; Secondary carboxylic acid amides; Isoindoles and derivatives; Carbonyl compounds; Benzene and substituted derivatives; Benzenoids; Organoboron compounds; Organoboroxines; Organic salts; Organic metalloid salts; Organic metal salts; Oxacyclic compounds; Hydrocarbon derivatives; Alkylboranes; Organic oxygen compounds; Organic nitrogen compounds; Chemical entities"	569.275	326	5.438	"645927321451472062"	"645927172213931556"	"2864"	"LOWEST"
1	"C12H20O4"	"[M - H]-"	"C12H19O4-"	"Fatty acids"	0.997	"Fatty Acids and Conjugates"	0.871	"Dicarboxylic acids"	0.663	"Lipids and lipid-like molecules"	0.981	"Fatty Acyls"	0.989	"Fatty acids and conjugates"	0.950	"Medium-chain fatty acids"	0.652	"Medium-chain fatty acids"	0.652	"Organic compounds; Lipids and lipid-like molecules; Fatty acids and conjugates; Organic acids and derivatives; Carboxylic acids and derivatives; Organooxygen compounds; Fatty acid esters; Branched fatty acids; Unsaturated fatty acids; Dicarboxylic acids and derivatives; Carboxylic acid derivatives; Carboxylic acids; Carboxylic acid esters; Carbonyl compounds; Medium-chain fatty acids; Methyl esters; Methyl-branched fatty acids; Enoate esters; Alpha,beta-unsaturated carboxylic esters; Fatty Acyls; Organic oxides; Hydrocarbon derivatives; Organic oxygen compounds; Chemical entities"	227.128	328	5.463	"645927324991464840"	"645927166702608100"	"1070"	"DECENT"
1	"C17H26O6"	"[M - H]-"	"C17H25O6-"	"Terpenoids"	0.983	"Sesquiterpenoids"	0.786	"Drimane sesquiterpenoids"	0.146	"Organic acids and derivatives"	1.000	"Carboxylic acids and derivatives"	1.000	"Dicarboxylic acids and derivatives"	0.601			"Dicarboxylic acids and derivatives"	0.601	"Organic compounds; Lipids and lipid-like molecules; Alcohols and polyols; Organic acids and derivatives; Carboxylic acids and derivatives; Organooxygen compounds; Dicarboxylic acids and derivatives; Carboxylic acid derivatives; Carboxylic acid esters; Carbonyl compounds; Organic oxides; Hydrocarbon derivatives; Organic oxygen compounds; Chemical entities"	325.165	330	5.499	"645927326279116204"	"645927168942369467"	"1831"	"BAD"
1	"C26H36O8"	"[M - H]-"	"C26H35O8-"	"Terpenoids"	0.988	"Diterpenoids"	0.605	"Tetracyclic diterpenoids"	0.017	"Lipids and lipid-like molecules"	0.999	"Prenol lipids"	0.889	"Diterpenoids"	0.759	"Colensane and clerodane diterpenoids"	0.547	"Colensane and clerodane diterpenoids"	0.547	"Organic compounds; Lipids and lipid-like molecules; Ketones; Prenol lipids; Organic acids and derivatives; Carboxylic acids and derivatives; Organooxygen compounds; Fatty acid esters; Dicarboxylic acids and derivatives; Carboxylic acid derivatives; Carboxylic acids; Carboxylic acid esters; Diterpenoids; Colensane and clerodane diterpenoids; Carbonyl compounds; Fatty Acyls; Organic oxides; Hydrocarbon derivatives; Organic oxygen compounds; Chemical entities"	475.233	334	5.566	"645927333950498631"	"645927171656088062"	"2659"	"DECENT"
1	"C32H42O9"	"[M - H]-"	"C32H41O9-"	"Terpenoids"	0.999	"Triterpenoids"	0.999	"Lanostane, Tirucallane and Euphane triterpenoids"	0.999	"Lipids and lipid-like molecules"	0.996	"Prenol lipids"	0.894	"Triterpenoids"	0.921			"Triterpenoids"	0.921	"Organic compounds; Lipids and lipid-like molecules; Ketones; Steroids and steroid derivatives; Prenol lipids; Organic acids and derivatives; Carboxylic acids and derivatives; Organooxygen compounds; Dicarboxylic acids and derivatives; Keto acids and derivatives; Carboxylic acid derivatives; Gamma-keto acids and derivatives; Oxosteroids; Carboxylic acids; Carboxylic acid esters; Medium-chain keto acids and derivatives; Bile acids, alcohols and derivatives; Triterpenoids; Steroid esters; Carbonyl compounds; 3-oxosteroids; 11-oxosteroids; 7-oxosteroids; 3-oxo-5-alpha-steroids; Steroid acids; Alpha-acyloxy ketones; Cyclic ketones; Alpha-acyloxy carbonyl compounds; Organic oxides; Hydrocarbon derivatives; 14-alpha-methylsteroids; Cyclohexenones; Organic oxygen compounds; Chemical entities"	569.275	335	5.580	"645927454058594495"	"645927172239097425"	"2873"	"DECENT"
1	"C33H44O11"	"[M - H]-"	"C33H43O11-"	"Terpenoids"	0.949	"Triterpenoids"	0.626	"Lanostane, Tirucallane and Euphane triterpenoids"	0.163	"Lipids and lipid-like molecules"	0.933	"Steroids and steroid derivatives"	0.902	"Hydroxysteroids"	0.839	"3-hydroxysteroids"	0.523	"3-hydroxysteroids"	0.523	"Organic compounds; Lipids and lipid-like molecules; Ketones; Alcohols and polyols; Steroids and steroid derivatives; Prenol lipids; Organic acids and derivatives; Carboxylic acids and derivatives; Organooxygen compounds; Carboxylic acid derivatives; Oxosteroids; Carboxylic acids; Carboxylic acid esters; Cyclic alcohols and derivatives; Hydroxysteroids; Secondary alcohols; Carbonyl compounds; Polyols; Benzenoids; 3-hydroxysteroids; Organic oxides; Hydrocarbon derivatives; Organic oxygen compounds; Chemical entities"	615.280	335	5.580	"645927376690458035"	"645927172390092670"	"2929"	"DECENT"
1	"C20H18O7"	"[M - H]-"	"C20H17O7-"	"Polyketides"	1.000	"Aromatic polyketides"	1.000	"Depsides and depsidones"	1.000	"Phenylpropanoids and polyketides"	0.998	"Depsides and depsidones"	1.000					"Depsides and depsidones"	1.000	"Organic compounds; Organoheterocyclic compounds; Styrenes; Lactones; Phenols; Benzoic acids and derivatives; Ethers; Phenylpropanoids and polyketides; Organic acids and derivatives; Carboxylic acids and derivatives; Organooxygen compounds; Dicarboxylic acids and derivatives; Salicylic acid and derivatives; Carboxylic acid derivatives; Carboxylic acids; Carboxylic acid esters; Hydroxybenzoic acid derivatives; Depsides and depsidones; Benzene and substituted derivatives; Benzenoids; Diarylethers; Dioxepines; 1,4-dioxepines; Vinylogous acids; Organic oxides; Oxacyclic compounds; Hydrocarbon derivatives; Organic oxygen compounds; 1-hydroxy-2-unsubstituted benzenoids; Chemical entities"	369.097	349	5.820	"645927364778634253"	"645927170456515383"	"2285"	"DECENT"
1	"C19H18O9"	"[M - H]-"	"C19H17O9-"	"Polyketides"	0.999	"Aromatic polyketides"	1.000	"Depsides and depsidones"	1.000	"Phenylpropanoids and polyketides"	0.734	"Depsides and depsidones"	0.939					"Depsides and depsidones"	0.939	"Organic compounds; Aldehydes; Alkyl aryl ethers; Phenols; Anisoles; Benzoic acids and derivatives; Ethers; Phenylpropanoids and polyketides; Organic acids and derivatives; Carboxylic acids and derivatives; Benzoyl derivatives; Organooxygen compounds; Dicarboxylic acids and derivatives; Salicylic acid and derivatives; Toluenes; Carboxylic acid derivatives; Carboxylic acids; Carboxylic acid esters; Hydroxybenzoic acid derivatives; Cresols; Meta cresols; Benzaldehydes; Benzoic acid esters; Depsides and depsidones; Carbonyl compounds; Benzene and substituted derivatives; Phenol esters; Phenol ethers; Methoxybenzoic acids and derivatives; O-methoxybenzoic acids and derivatives; M-methoxybenzoic acids and derivatives; Benzenoids; Diarylethers; Benzoic acids; Dioxepines; 1,4-dioxepines; Aryl-aldehydes; Vinylogous acids; Organic oxides; Methoxybenzenes; Hydrocarbon derivatives; Organic oxygen compounds; 1-hydroxy-2-unsubstituted benzenoids; Phenoxy compounds; Chemical entities"	389.087	353	5.885	"645927387595649138"	"645927171656088065"	"2660"	"DECENT"
