"structurePerIdRank"	"formulaRank"	"ConfidenceScoreExact"	"ConfidenceScoreApproximate"	"CSI:FingerIDScore"	"ZodiacScore"	"SiriusScore"	"molecularFormula"	"adduct"	"precursorFormula"	"InChIkey2D"	"InChI"	"name"	"smiles"	"xlogp"	"pubchemids"	"links"	"dbflags"	"ionMass"	"retentionTimeInSeconds"	"retentionTimeInMinutes"	"formulaId"	"alignedFeatureId"	"mappingFeatureId"	"overallFeatureQuality"
1	18	-Infinity	-Infinity	-356.428		65.672	"C12H27N8O4P"	"[M - H]-"	"C12H26N8O4P-"	"YJHVHKGHSNCMBK"	"InChI=1S/C12H27N8O4P/c1-13-9(21)17-5-25(6-18-10(22)14-2,7-19-11(23)15-3)8-20-12(24)16-4/h5-8H2,1-4H3,(H7-,13,14,15,16,17,18,19,20,21,22,23,24)/p+1"	"Tetrakis[(methylcarbamoylamino)methyl]phosphanium"	"CNC(=O)NC[P+](CNC(=O)NC)(CNC(=O)NC)CNC(=O)NC"	-3.100	"23463253"	"PUBCHEM:(23463253)"	"2"	377.181	65	1.089	"645927273925810691"	"645927170213245405"	"2212"	"DECENT"
1	1	0.604	0.604	-144.835	0.372	40.748	"C14H14Cl2N2O3"	"[M - H]-"	"C14H13Cl2N2O3-"	"AEFDYPFFZOCXNS"	"InChI=1S/C14H14Cl2N2O3/c1-3-10-14(21)18(2)11(13(20)17-10)6-7-4-8(15)12(19)9(16)5-7/h3-5,11,19H,6H2,1-2H3,(H,17,20)"	"cyclo(nme-l-3,5-dichlorotyrosine-dhb)"	"CC=C1C(=O)N(C(C(=O)N1)CC2=CC(=C(C(=C2)Cl)O)Cl)C"	2.600	"75411927;163117033;97423510"	"COCONUT:(CNP0437150);SUPERNATURAL:(SN0003221);PUBCHEM:(75411927 163117033 97423510)"	"3145730"	327.030	126	2.092	"645927292640796192"	"645927169101753263"	"1880"	"DECENT"
1	12	0.059	0.059	-118.360		44.930	"C5H6N6O"	"[M - H]-"	"C5H5N6O-"	"CNMGOSPCXFTKMT"	"InChI=1S/C5H6N6O/c1-12-4-2-3(10-11-9-2)7-5(6)8-4/h1H3,(H3,6,7,8,9,10,11)"	"7-methoxy-2H-triazolo[4,5-d]pyrimidin-5-amine"	"COC1=NC(=NC2=NNN=C21)N"	-0.400	"6412837"	"PUBCHEMANNOTATIONSAFETYANDTOXIC:(null);PUBCHEM:(6412837);DSSTox:(DTXSID40423416)"	"137506062338"	165.055	148	2.467	"645927289788669326"	"645927163527517936"	"518"	"DECENT"
1	1	0.665	0.597	-5.639	1.000	82.387	"C38H48O20"	"[M - H]-"	"C38H47O20-"	"WCUYANMOZSMFCP"	"InChI=1S/C38H48O20/c1-13(2)4-9-17-19(53-36-30(50)27(47)24(44)20(11-39)54-36)10-18(42)22-26(46)34(32(56-33(17)22)15-5-7-16(41)8-6-15)57-38-35(29(49)23(43)14(3)52-38)58-37-31(51)28(48)25(45)21(12-40)55-37/h4-8,10,14,20-21,23-25,27-31,35-45,47-51H,9,11-12H2,1-3H3"	"Ikarisoside C"	"CC1C(C(C(C(O1)OC2=C(OC3=C(C2=O)C(=CC(=C3CC=C(C)C)OC4C(C(C(C(O4)CO)O)O)O)O)C5=CC=C(C=C5)O)OC6C(C(C(C(O6)CO)O)O)O)O)O"	-0.300	"5316934;22524195;162944697;162944698;13964057;11765972;44258791"	"COCONUT:(CNP0215164);LIPIDMAPS:(LMPK12111719);SUPERNATURAL:(SN0406848);MESH:(13964057 44258791);PUBCHEM:(5316934 22524195 162944697 162944698 13964057 11765972 44258791);LOTUS:(Q105302102 Q105302101 Q105302107 Q104394068 Q105302106);PUBMED:(null);KNAPSACK:(WCUYANMOZSMFCP-UHFFFAOYSA-N)"	"2419064918"	823.266	179	2.985	"645927592898455781"	"645927172775969482"	"3062"	"DECENT"
1	2	0.116	0.148	-133.313	0.299	14.164	"C38H48O20"	"[M + CH2O2 - H]-"	"C39H49O22-"	"AYOBZGYLCOEBRG"	"InChI=1S/C38H48O20/c1-13(2)4-9-17-19(53-37-31(51)28(48)24(44)20(11-39)54-37)10-18(42)22-26(46)34(32(56-33(17)22)15-5-7-16(41)8-6-15)57-38-35(29(49)25(45)21(12-40)55-38)58-36-30(50)27(47)23(43)14(3)52-36/h4-8,10,14,20-21,23-25,27-31,35-45,47-51H,9,11-12H2,1-3H3"	"3-{[4,5-dihydroxy-6-(hydroxymethyl)-3-[(3,4,5-trihydroxy-6-methyloxan-2-yl)oxy]oxan-2-yl]oxy}-5-hydroxy-2-(4-hydroxyphenyl)-8-(3-methylbut-2-en-1-yl)-7-{[3,4,5-trihydroxy-6-(hydroxymethyl)oxan-2-yl]oxy}-4H-chromen-4-one"	"CC1C(C(C(C(O1)OC2C(C(C(OC2OC3=C(OC4=C(C3=O)C(=CC(=C4CC=C(C)C)OC5C(C(C(C(O5)CO)O)O)O)O)C6=CC=C(C=C6)O)CO)O)O)O)O)O"	-0.300	"5318412;22524289;73981621"	"COCONUT:(CNP0097645);SUPERNATURAL:(SN0018844);PUBCHEM:(5318412 22524289 73981621);LOTUS:(Q105100336)"	"271581186"	869.272	179	2.987	"645927332625098482"	"645927172809523973"	"3072"	"DECENT"
1	1	0.023	0.023	-221.094	0.436	13.873	"C12H28N2O2S2"	"[M - H]-"	"C12H27N2O2S2-"	"QAXOQGIZRWSHSO"	"InChI=1S/C12H28N2O2S2/c13-11(7-15)9-17-5-3-1-2-4-6-18-10-12(14)8-16/h11-12,15-16H,1-10,13-14H2"	"2,13-Diamino-4,11-dithia-1,14-tetradecanediol"	"C(CCCSCC(CO)N)CCSCC(CO)N"	-0.200	"3052360"	"PUBCHEMANNOTATIONSAFETYANDTOXIC:(null);PUBCHEM:(3052360);DSSTox:(DTXSID70988402)"	"137506062338"	295.155	205	3.422	"645927295027355306"	"645927168183199299"	"1541"	"BAD"
1	1	0.235	0.235	-152.942	0.965	36.233	"C16H24O5"	"[M - H]-"	"C16H23O5-"	"RJMFJUMDQASBDB"	"InChI=1S/C16H24O5/c1-2-3-4-5-11(17)6-7-12-13(8-9-16(20)21)15(19)10-14(12)18/h6-7,11,14,17-18H,2-5,8-10H2,1H3,(H,20,21)"	"3-[3-Hydroxy-2-(3-hydroxyoct-1-enyl)-5-oxocyclopenten-1-yl]propanoic acid"	"CCCCCC(C=CC1=C(C(=O)CC1O)CCC(=O)O)O"	0.900	"21420552;73791793"	"PUBCHEM:(21420552 73791793)"	"2"	295.155	269	4.483	"645927302283501803"	"645927168187393605"	"1543"	"BAD"
1	1	0.152	0.152	-138.334	0.970	60.579	"C42H68O15"	"[M - H]-"	"C42H67O15-"	"YMLZQDKTSOSGGN"	"InChI=1S/C42H68O15/c1-37(2)14-15-42(36(51)52)21(16-37)20-8-9-25-39(5)12-11-27(38(3,4)24(39)10-13-40(25,6)41(20,7)17-26(42)45)55-35-33(31(49)29(47)23(19-44)54-35)56-57-34-32(50)30(48)28(46)22(18-43)53-34/h8,21-35,43-50H,9-19H2,1-7H3,(H,51,52)"	"[16alpha,28-Dihydroxy-28-oxooleana-12-ene-3beta-yl]2-O-(beta-D-glucopyranosyloxy)-beta-D-glucopyranoside"	"CC1(CCC2(C(C1)C3=CCC4C5(CCC(C(C5CCC4(C3(CC2O)C)C)(C)C)OC6C(C(C(C(O6)CO)O)O)OOC7C(C(C(C(O7)CO)O)O)O)C)C(=O)O)C"	3.700	"101243986"	"SUPERNATURAL:(SN0454414);PUBCHEM:(101243986)"	"1048578"	811.448	278	4.638	"645927308688204449"	"645927172708860466"	"3044"	"DECENT"
1	1	0.345	0.501	-13.757	1.000	57.098	"C30H46O7"	"[M - H]-"	"C30H45O7-"	"FYGSMJAMPMZYFS"	"InChI=1S/C30H46O7/c1-16-9-12-30(24(35)36)14-13-26(3)17(21(30)29(16,6)37)7-8-19-25(2)15-18(31)22(32)28(5,23(33)34)20(25)10-11-27(19,26)4/h7,16,18-22,31-32,37H,8-15H2,1-6H3,(H,33,34)(H,35,36)"	"2,3,12-trihydroxy-4,6a,6b,11,12,14b-hexamethyl-1,2,3,4,4a,5,6,6a,6b,7,8,8a,9,10,11,12,12a,14,14a,14b-icosahydropicene-4,8a-dicarboxylic acid"	"CC1CCC2(CCC3(C(=CCC4C3(CCC5C4(CC(C(C5(C)C(=O)O)O)O)C)C)C2C1(C)O)C)C(=O)O"	4.200	"154814127;21606530;101365640;69569684;56613112;11226139;11295336;286498"	"PUBCHEMANNOTATIONBIO:(null);COCONUT:(CNP0139289);HMDB:(HMDB0035699);TeroMol:(TKC145570 TKC065041 TKC065046);CHEBI:(167968);SUPERNATURAL:(SN0098736);FooDB:(FDB014418);PUBCHEM:(154814127 21606530 101365640 69569684 56613112 11226139 11295336 286498);DSSTox:(DTXSID80301608);LOTUS:(Q105004472 Q82045742 Q105004471);PUBCHEMANNOTATIONDRUG:(null);PUBMED:(null)"	"138306125930"	517.316	293	4.891	"645927320113489017"	"645927172004215954"	"2801"	"DECENT"
1	2	0.070	0.070	-619.998	0.159	9.487	"C28H46N4O3S"	"[M + CH2O2 - H]-"	"C29H47N4O5S-"	"YREPRZUMZASVSP"	"InChI=1S/C28H46N4O3S/c1-4-6-7-8-9-10-11-12-13-14-15-16-17-18-19-20-21-35-28-26-25(31-32(28)3)27(30-23-29-26)36-22-24(33)34-5-2/h12-13,23H,4-11,14-22H2,1-3H3"	"ethyl 2-[2-methyl-3-[(Z)-octadec-9-enoxy]pyrazolo[4,3-d]pyrimidin-7-yl]sulfanylacetate"	"CCCCCCCCC=CCCCCCCCCOC1=C2C(=NN1C)C(=NC=N2)SCC(=O)OCC"	9.300	"6447791;3063364;13607378"	"PUBCHEMANNOTATIONSAFETYANDTOXIC:(null);PUBCHEM:(6447791 3063364 13607378)"	"67108866"	563.322	293	4.891	"645927314849637291"	"645927172180377064"	"2856"	"BAD"
1	1	0.943	0.943	-50.612	0.972	133.658	"C33H54O14"	"[M - H]-"	"C33H53O14-"	"LAMRTXHVEXWMOH"	"InChI=1S/C33H54O14/c1-7-33(5,13-9-12-18(2)10-8-11-19(3)14-21(36)15-20(4)30(42)43-6)47-32-29(27(40)25(38)23(17-35)45-32)46-31-28(41)26(39)24(37)22(16-34)44-31/h7,11-12,15,21-29,31-32,34-41H,1,8-10,13-14,16-17H2,2-6H3"	"methyl 14-{[4,5-dihydroxy-6-(hydroxymethyl)-3-{[3,4,5-trihydroxy-6-(hydroxymethyl)oxan-2-yl]oxy}oxan-2-yl]oxy}-4-hydroxy-2,6,10,14-tetramethylhexadeca-2,6,10,15-tetraenoate"	"CC(=CCCC(C)(C=C)OC1C(C(C(C(O1)CO)O)O)OC2C(C(C(C(O2)CO)O)O)O)CCC=C(C)CC(C=C(C)C(=O)OC)O"	1.200	"154812437;163083983;163083984;102323536"	"COCONUT:(CNP0393451);TeroMol:(TKC002288);SUPERNATURAL:(SN0200327);PUBCHEM:(154812437 163083983 163083984 102323536);LOTUS:(Q105148737)"	"279969794"	673.343	303	5.055	"645927341596715038"	"645927172507533378"	"2964"	"DECENT"
1	2	0.909	0.909	-84.789	0.017	151.682	"C33H54O14"	"[M + CH2O2 - H]-"	"C34H55O16-"	"LAMRTXHVEXWMOH"	"InChI=1S/C33H54O14/c1-7-33(5,13-9-12-18(2)10-8-11-19(3)14-21(36)15-20(4)30(42)43-6)47-32-29(27(40)25(38)23(17-35)45-32)46-31-28(41)26(39)24(37)22(16-34)44-31/h7,11-12,15,21-29,31-32,34-41H,1,8-10,13-14,16-17H2,2-6H3"	"methyl 14-{[4,5-dihydroxy-6-(hydroxymethyl)-3-{[3,4,5-trihydroxy-6-(hydroxymethyl)oxan-2-yl]oxy}oxan-2-yl]oxy}-4-hydroxy-2,6,10,14-tetramethylhexadeca-2,6,10,15-tetraenoate"	"CC(=CCCC(C)(C=C)OC1C(C(C(C(O1)CO)O)O)OC2C(C(C(C(O2)CO)O)O)O)CCC=C(C)CC(C=C(C)C(=O)OC)O"	1.200	"154812437;163083983;163083984;102323536"	"COCONUT:(CNP0393451);TeroMol:(TKC002288);SUPERNATURAL:(SN0200327);PUBCHEM:(154812437 163083983 163083984 102323536);LOTUS:(Q105148737)"	"279969794"	719.349	303	5.055	"645927362694065042"	"645927172591419635"	"2991"	"DECENT"
1	1	0.388	0.564	-4.024	1.000	150.578	"C18H16O8"	"[M - H]-"	"C18H15O8-"	"XUWTZJRCCPNNJR"	"InChI=1S/C18H16O8/c1-23-11-6-8(4-5-9(11)19)16-18(25-3)15(22)13-12(26-16)7-10(20)17(24-2)14(13)21/h4-7,19-21H,1-3H3"	"Jaceidin"	"COC1=C(C=CC(=C1)C2=C(C(=O)C3=C(O2)C=C(C(=C3O)OC)O)OC)O"	2.800	"5464461"	"PUBCHEMANNOTATIONBIO:(null);HMDB:(HMDB0033819);LIPIDMAPS:(LMPK12112999);SUPERNATURAL:(SN0440757);MESH:(5464461);FooDB:(FDB011984);PUBCHEM:(5464461);GNPS:(CCMSLIB00000848426);COCONUT:(CNP0206594);NORMAN:(NS00116351);CHEBI:(175610);DSSTox:(DTXSID30144148);LOTUS:(Q6110552);PUBCHEMANNOTATIONDRUG:(null);PUBMED:(null);KNAPSACK:(XUWTZJRCCPNNJR-UHFFFAOYSA-N)"	"140445487230"	359.077	304	5.064	"645927340829157366"	"645927171085661896"	"2480"	"DECENT"
1	1	0.320	0.422	-27.633	1.000	71.170	"C30H46O7"	"[M - H]-"	"C30H45O7-"	"BBJQJXRZAZWPBL"	"InChI=1S/C30H46O7/c1-25(2)11-13-30(24(36)37)14-12-27(4)16(20(30)22(25)33)7-8-18-26(3)15-17(31)21(32)29(6,23(34)35)19(26)9-10-28(18,27)5/h7,17-22,31-33H,8-15H2,1-6H3,(H,34,35)(H,36,37)"	"Bartogenic Acid"	"CC1(CCC2(CCC3(C(=CCC4C3(CCC5C4(CC(C(C5(C)C(=O)O)O)O)C)C)C2C1O)C)C(=O)O)C"	4.400	"118657506;21593944;14805211;155978575;69569292;69569295;69569378;69570821;162946588;162946589;45272347"	"COCONUT:(CNP0217146);TeroMol:(TKC064183 TKC145277 TKC145278 TKC145280 TKC064180 TKC145279);SUPERNATURAL:(SN0020993);MESH:(21593944 45272347);PUBCHEM:(118657506 21593944 14805211 155978575 69569292 69569295 69569378 69570821 162946588 162946589 45272347);LOTUS:(Q104922788 Q104922790 Q104400028);PUBMED:(null);KNAPSACK:(BBJQJXRZAZWPBL-UHFFFAOYSA-N)"	"279969878"	517.316	315	5.252	"645927319182353483"	"645927172008410266"	"2802"	"DECENT"
1	1	0.355	0.431	-57.530	1.000	41.186	"C30H46O7"	"[M + CH2O2 - H]-"	"C31H47O9-"	"PLERLWUIYWAWRU"	"InChI=1S/C30H46O7/c1-25(2)11-12-30(24(36)37)17(13-25)16-7-8-19-26(3)14-18(31)22(33)29(6,23(34)35)20(26)9-10-27(19,4)28(16,5)15-21(30)32/h7,17-22,31-33H,8-15H2,1-6H3,(H,34,35)(H,36,37)"	"2,3,8-trihydroxy-4,6a,6b,11,11,14b-hexamethyl-1,2,3,4,4a,5,6,6a,6b,7,8,8a,9,10,11,12,12a,14,14a,14b-icosahydropicene-4,8a-dicarboxylic acid"	"CC1(CCC2(C(C1)C3=CCC4C(C3(CC2O)C)(CCC5C4(CC(C(C5(C)C(=O)O)O)O)C)C)C(=O)O)C"	5.200	"23132222;69569085;21123674;100938719;158610"	"COCONUT:(CNP0296843);TeroMol:(TKC064129 TKC088833);SUPERNATURAL:(SN0288400);PUBCHEM:(23132222 69569085 21123674 100938719 158610);DSSTox:(DTXSID401004425);LOTUS:(Q105210866)"	"137718923266"	563.322	315	5.252	"645927343932942462"	"645927172163599822"	"2852"	"DECENT"
1	1	0.190	0.200	-46.277	0.977	63.862	"C53H86O21"	"[M + CH2O2 - H]-"	"C54H87O23-"	"ULSOTXJNUTYKRK"	"InChI=1S/C53H86O21/c1-23-32(57)35(60)38(63)43(68-23)73-42-41(72-44-39(64)36(61)33(58)27(20-54)69-44)26(56)22-67-46(42)71-31-12-13-50(6)29(49(31,4)5)11-14-52(8)30(50)10-9-24-25-19-48(2,3)15-17-53(25,18-16-51(24,52)7)47(66)74-45-40(65)37(62)34(59)28(21-55)70-45/h9,23,25-46,54-65H,10-22H2,1-8H3"	"Nudicaucin C"	"CC1C(C(C(C(O1)OC2C(C(COC2OC3CCC4(C(C3(C)C)CCC5(C4CC=C6C5(CCC7(C6CC(CC7)(C)C)C(=O)OC8C(C(C(C(O8)CO)O)O)O)C)C)C)O)OC9C(C(C(C(O9)CO)O)O)O)O)O)O"	1.500	"154812508;21550449;21635821;9941479;162968962;162968963;25225509;73157175;10510310;11968688"	"COCONUT:(CNP0240495);TeroMol:(TKC060460 TKC143736 TKC143737);SUPERNATURAL:(SN0373775);MESH:(21635821);PUBCHEM:(154812508 21550449 21635821 9941479 162968962 162968963 25225509 73157175 10510310 11968688);DSSTox:(DTXSID401101699);LOTUS:(Q105275323 Q104400365 Q105275322);PUBMED:(null);KNAPSACK:(ULSOTXJNUTYKRK-UHFFFAOYSA-N)"	"137718923350"	1103.564	321	5.351	"645927495737396055"	"645927172935353446"	"3119"	"DECENT"
1	3	0.158	0.158	-306.560	0.108	9.572	"C28H38N6O7"	"[M - H]-"	"C28H37N6O7-"	"PJJOVZZGTNQCHF"	"InChI=1S/C28H38N6O7/c1-17(2)12-21-27(38)32-22(13-19-8-6-5-7-9-19)26(37)29-10-11-34(24(35)16-40-4)15-20-14-23(33-41-20)28(39)30-18(3)25(36)31-21/h5-9,14,17-18,21-22H,10-13,15-16H2,1-4H3,(H,29,37)(H,30,39)(H,31,36)(H,32,38)"	"(4R,7R,10R)-10-benzyl-15-(2-methoxyacetyl)-4-methyl-7-(2-methylpropyl)-18-oxa-3,6,9,12,15,19-hexazabicyclo[15.2.1]icosa-1(19),17(20)-diene-2,5,8,11-tetrone"	"CC1C(=O)NC(C(=O)NC(C(=O)NCCN(CC2=CC(=NO2)C(=O)N1)C(=O)COC)CC3=CC=CC=C3)CC(C)C"	1.100	"137340831"	"PUBCHEM:(137340831)"	"2"	569.275	326	5.438	"645927321451472064"	"645927172213931556"	"2864"	"LOWEST"
1	1	0.346	0.346	-74.032	1.000	86.564	"C12H20O4"	"[M - H]-"	"C12H19O4-"	"UYWRIHKZMXRQPD"	"InChI=1S/C12H20O4/c1-4-5-6-7-8-10(12(15)16-3)9(2)11(13)14/h10H,2,4-8H2,1,3H3,(H,13,14)"	"3-(methoxycarbonyl)-2-methylidenenonanoic acid"	"CCCCCCC(C(=C)C(=O)O)C(=O)OC"	3.300	"124388863;124388864;13644738"	"COCONUT:(CNP0132150);SUPERNATURAL:(SN0383839);PUBCHEM:(124388863 124388864 13644738);PUBMED:(null)"	"3145794"	227.128	328	5.463	"645927324991464840"	"645927166702608100"	"1070"	"DECENT"
1	1	0.099	0.099	-292.572	1.000	32.349	"C17H26O6"	"[M - H]-"	"C17H25O6-"	"IVEJMWCGEFICJC"	"InChI=1S/C17H26O6/c1-9(2)6-14(20)23-17-15(10(3)4)13(22-11(5)19)7-12(8-18)16(17)21/h7,9-10,13,15,17-18H,6,8H2,1-5H3"	"5-(acetyloxy)-3-(hydroxymethyl)-2-oxo-6-(propan-2-yl)cyclohex-3-en-1-yl 3-methylbutanoate"	"CC(C)CC(=O)OC1C(C(C=C(C1=O)CO)OC(=O)C)C(C)C"	2.500	"51693504;51693505;51693507;51693508;38355354;38355350;38355358;38355362;45359640"	"COCONUT:(CNP0348364);TeroMol:(TKC197034 TKC197036 TKC197033 TKC197038 TKC197039 TKC197032 TKC197037 TKC197035);CHEBI:(182203);SUPERNATURAL:(SN0156130);PUBCHEM:(51693504 51693505 51693507 51693508 38355354 38355350 38355358 38355362 45359640);GNPS:(CCMSLIB00000845500)"	"11538466"	325.165	330	5.499	"645927326279116204"	"645927168942369467"	"1831"	"BAD"
1	1	0.125	0.125	-339.670	0.954	33.485	"C26H36O8"	"[M - H]-"	"C26H35O8-"	"QMQLXYKVKJKQOZ"	"InChI=1S/C26H36O8/c1-9-15(4)25(30)34-24-22(32-18(7)28)10-16(5)21-11-20(14(2)3)12-23(33-19(8)29)26(21,24)13-31-17(6)27/h9-10,20-24H,2,11-13H2,1,3-8H3"	"2,8-bis(acetyloxy)-8a-[(acetyloxy)methyl]-4-methyl-6-(prop-1-en-2-yl)-1,2,4a,5,6,7,8,8a-octahydronaphthalen-1-yl 2-methylbut-2-enoate"	"CC=C(C)C(=O)OC1C(C=C(C2C1(C(CC(C2)C(=C)C)OC(=O)C)COC(=O)C)C)OC(=O)C"	3.900	"162924384;162924385;162924386"	"COCONUT:(CNP0194039);TeroMol:(TKC033975 TKC033971);SUPERNATURAL:(SN0309543);PUBCHEM:(162924384 162924385 162924386)"	"11534338"	475.233	334	5.566	"645927333950498631"	"645927171656088062"	"2659"	"DECENT"
1	1	0.622	0.843	-50.540	1.000	87.939	"C32H42O9"	"[M - H]-"	"C32H41O9-"	"BWCNWXLKMWWVBT"	"InChI=1S/C32H42O9/c1-15(11-18(34)12-16(2)28(39)40)19-13-23(37)32(8)24-20(35)14-21-29(4,5)22(36)9-10-30(21,6)25(24)26(38)27(31(19,32)7)41-17(3)33/h15-16,19,21,27H,9-14H2,1-8H3,(H,39,40)"	"Ganoderic Acid F"	"CC(CC(=O)CC(C)C(=O)O)C1CC(=O)C2(C1(C(C(=O)C3=C2C(=O)CC4C3(CCC(=O)C4(C)C)C)OC(=O)C)C)C"	2.300	"154828473;154831883;124928604;74028538;163048929;163048930;23247895;5317492;124428189;124428190;125037922;125037923;125037924;146160321;91885249;10325706"	"PUBCHEMANNOTATIONBIO:(null);HMDB:(HMDB0035988);MiMeDB:(MMDBc0028769);TeroMol:(TKC064986 TKC148577 TKC148572 TKC148574 TKC081082);BloodExposome:(23247895);SUPERNATURAL:(SN0037089);MESH:(23247895);FooDB:(FDB014794);PUBCHEM:(154828473 154831883 124928604 74028538 163048929 163048930 23247895 5317492 124428189 124428190 125037922 125037923 125037924 146160321 91885249 10325706);COCONUT:(CNP0331882);CHEBI:(142258);DSSTox:(DTXSID501316734);LOTUS:(Q104947109 Q104947111 Q104947112 Q104947110);PUBCHEMANNOTATIONDRUG:(null);PUBMED:(null);KNAPSACK:(BWCNWXLKMWWVBT-UHFFFAOYSA-N)"	"139384062078"	569.275	335	5.580	"645927454058594495"	"645927172239097425"	"2873"	"DECENT"
1	2	0.045	0.045	-276.903	0.486	43.782	"C32H44O10"	"[M - H2O + CH2O2 - H]-"	"C33H43O11-"	"ARYBSMLIWNBCCL"	"InChI=1S/C32H44O10/c1-8-16(3)26(34)41-24-18(5)30(7,23-12-20-10-11-36-28(20)40-23)22-13-21-14-31(15-37-31)32(22,25(24)38-19(6)33)29(39-21)42-27(35)17(4)9-2/h8-9,18,20-25,28-29H,10-15H2,1-7H3"	"2'-(acetyloxy)-5'-{hexahydrofuro[2,3-b]furan-2-yl}-4',5'-dimethyl-3'-[(2-methylbut-2-enoyl)oxy]-12'-oxaspiro[oxirane-2,10'-tricyclo[6.2.2.0¹,⁶]dodecan]-11'-yl 2-methylbut-2-enoate"	"CC=C(C)C(=O)OC1C(C(C2CC3CC4(C2(C1OC(=O)C)C(O3)OC(=O)C(=CC)C)CO4)(C)C5CC6CCOC6O5)C"	4.300	"162919124;162919125"	"COCONUT:(CNP0188517);TeroMol:(TKC014866);SUPERNATURAL:(SN0013751);PUBCHEM:(162919124 162919125)"	"11534338"	615.280	335	5.580	"645927376690458036"	"645927172390092670"	"2929"	"DECENT"
1	1	0.984	0.984	-17.011	1.000	162.578	"C20H18O7"	"[M - H]-"	"C20H17O7-"	"DFNFONZYWQXTIJ"	"InChI=1S/C20H18O7/c1-5-8(2)14-15(19(23)24)16(22)10(4)17-18(14)26-12-7-11(21)6-9(3)13(12)20(25)27-17/h5-7,21-22H,1-4H3,(H,23,24)"	"4-(but-2-en-2-yl)-6,14-dihydroxy-7,12-dimethyl-10-oxo-2,9-dioxatricyclo[9.4.0.0³,⁸]pentadeca-1(15),3,5,7,11,13-hexaene-5-carboxylic acid"	"CC=C(C)C1=C(C(=C(C2=C1OC3=C(C(=CC(=C3)O)C)C(=O)O2)C)O)C(=O)O"	4.700	"156602961;100637095;139291823"	"COCONUT:(CNP0270158);SUPERNATURAL:(SN0064388);PUBCHEM:(156602961 100637095 139291823);GNPS:(CCMSLIB00000845074);PUBMED:(null)"	"3149890"	369.097	349	5.820	"645927364778634253"	"645927170456515383"	"2285"	"DECENT"
1	1	0.120	0.126	-47.392	1.000	152.767	"C19H18O9"	"[M - H]-"	"C19H17O9-"	"HEDMFNAWESICHB"	"InChI=1S/C19H18O9/c1-7-5-11(27-4)10(6-20)16(23)12(7)19(26)28-17-8(2)13(18(24)25)14(21)9(3)15(17)22/h5-6,21-23H,1-4H3,(H,24,25)"	"Cryptothamnolic Acid"	"CC1=CC(=C(C(=C1C(=O)OC2=C(C(=C(C(=C2C)C(=O)O)O)C)O)O)C=O)OC"	3.400	"11143620"	"COCONUT:(CNP0221510);SUPERNATURAL:(SN0123148);PUBCHEM:(11143620);LOTUS:(Q77502056)"	"271581186"	389.087	353	5.885	"645927387595649138"	"645927171656088065"	"2660"	"DECENT"
