"formulaRank"	"molecularFormula"	"adduct"	"precursorFormula"	"NPC#pathway"	"NPC#pathway Probability"	"NPC#superclass"	"NPC#superclass Probability"	"NPC#class"	"NPC#class Probability"	"ClassyFire#superclass"	"ClassyFire#superclass probability"	"ClassyFire#class"	"ClassyFire#class Probability"	"ClassyFire#subclass"	"ClassyFire#subclass Probability"	"ClassyFire#level 5"	"ClassyFire#level 5 Probability"	"ClassyFire#most specific class"	"ClassyFire#most specific class Probability"	"ClassyFire#all classifications"	"ionMass"	"retentionTimeInSeconds"	"retentionTimeInMinutes"	"formulaId"	"alignedFeatureId"	"mappingFeatureId"	"overallFeatureQuality"
1	"C43H48O24"	"[M + H]+"	"C43H49O24+"	"Shikimates and Phenylpropanoids"	1.000	"Flavonoids"	0.998	"Flavones"	0.987	"Phenylpropanoids and polyketides"	1.000	"Flavonoids"	0.987	"Flavonoid glycosides"	0.987	"Flavonoid O-glycosides"	0.587	"Flavonoid O-glycosides"	0.587	"Organic compounds; Organoheterocyclic compounds; Carbohydrates and carbohydrate conjugates; Lipids and lipid-like molecules; Styrenes; Coumaric acids and derivatives; Pyrans; Benzopyrans; Alkyl aryl ethers; Alcohols and polyols; Phenols; Anisoles; Chromones; Methoxyphenols; Ethers; Phenylpropanoids and polyketides; Organic acids and derivatives; Carboxylic acids and derivatives; Primary alcohols; Organooxygen compounds; Fatty acid esters; Flavonoids; Cinnamic acids and derivatives; Pyranones and derivatives; Carboxylic acid derivatives; Flavonoid glycosides; Monocarboxylic acids and derivatives; Carboxylic acid esters; Hydroxycinnamic acids and derivatives; Disaccharides; Flavonoid O-glycosides; Flavones; Acetals; Secondary alcohols; Flavonoid C-glycosides; Carbonyl compounds; Oxanes; Glycosyl compounds; C-glycosyl compounds; O-glycosyl compounds; Benzene and substituted derivatives; Polyols; Phenol ethers; Benzenoids; O-methylated flavonoids; 4'-hydroxyflavonoids; Hydroxyflavonoids; 5-hydroxyflavonoids; 7-hydroxyflavonoids; 1-benzopyrans; Cinnamic acid esters; Enoate esters; Alpha,beta-unsaturated carboxylic esters; Vinylogous acids; Fatty Acyls; Organic oxides; Methoxybenzenes; Oxacyclic compounds; Heteroaromatic compounds; Hydrocarbon derivatives; Phenolic glycosides; Organic oxygen compounds; 1-hydroxy-2-unsubstituted benzenoids; 1-hydroxy-4-unsubstituted benzenoids; Phenoxy compounds; Chemical entities"	949.260	117	1.956	"645960895762107754"	"645959911316996872"	"2244"	"DECENT"
1	"C14H16O6"	"[M + H]+"	"C14H17O6+"	"Shikimates and Phenylpropanoids"	0.717	"Macrolides"	0.791	"Zearalenones"	0.932	"Organoheterocyclic compounds"	0.989	"Benzopyrans"	0.816	"2-benzopyrans"	0.833			"2-benzopyrans"	0.833	"Organic compounds; Organoheterocyclic compounds; Lactones; Benzopyrans; Alcohols and polyols; Phenols; Phenylpropanoids and polyketides; Organic acids and derivatives; Carboxylic acids and derivatives; Organooxygen compounds; Carboxylic acid derivatives; Monocarboxylic acids and derivatives; Carboxylic acid esters; Hydroxybenzoic acid derivatives; Secondary alcohols; Polyols; Benzenoids; 2-benzopyrans; Vinylogous acids; Organic oxides; Oxacyclic compounds; Hydrocarbon derivatives; Organic oxygen compounds; 1-hydroxy-2-unsubstituted benzenoids; 1-hydroxy-4-unsubstituted benzenoids; Chemical entities"	281.102	155	2.580	"645960100601750859"	"645959906451595845"	"847"	"DECENT"
1	"C13H19NO2"	"[M + H]+"	"C13H20NO2+"	"Alkaloids"	0.715	"Tyrosine alkaloids"	0.637	"Phenylethylamines"	0.838	"Organic acids and derivatives"	0.805	"Carboxylic acids and derivatives"	0.736	"Amino acids, peptides, and analogues"	0.549	"Amino acids and derivatives"	0.546	"Amino acids and derivatives"	0.546	"Organic compounds; Amino acids, peptides, and analogues; Alcohols and polyols; Phenethylamines; Amphetamines and derivatives; Organic acids and derivatives; Carboxylic acids and derivatives; Organonitrogen compounds; Organooxygen compounds; Amino acids and derivatives; Monoalkylamines; Carboxylic acid derivatives; Carbonyl compounds; Benzene and substituted derivatives; Benzenoids; Amines; Aralkylamines; Fatty Acyls; Organic oxides; Hydrocarbon derivatives; Organopnictogen compounds; Organic oxygen compounds; Organic nitrogen compounds; Chemical entities"	222.149	155	2.584	"645959989570130480"	"645959905398824227"	"590"	"DECENT"
1	"C29H40O10"	"[M + H]+"	"C29H41O10+"	"Terpenoids"	1.000	"Steroids"	1.000	"Cardenolides"	0.998	"Lipids and lipid-like molecules"	0.991	"Steroids and steroid derivatives"	0.999	"Steroid lactones"	0.999	"Cardenolides and derivatives"	0.996	"Cardenolide glycosides and derivatives"	0.978	"Organic compounds; Organoheterocyclic compounds; Carbohydrates and carbohydrate conjugates; Lipids and lipid-like molecules; Lactones; Aldehydes; Alcohols and polyols; Ethers; Steroids and steroid derivatives; Organic acids and derivatives; Carboxylic acids and derivatives; Organooxygen compounds; Steroidal glycosides; Carboxylic acid derivatives; Steroid lactones; Monocarboxylic acids and derivatives; Oxosteroids; Carboxylic acid esters; Cyclic alcohols and derivatives; Hydroxysteroids; 1,4-dioxanes; Hexoses; Monosaccharides; Cardenolides and derivatives; Cardenolide glycosides and derivatives; Acetals; Secondary alcohols; Tertiary alcohols; Carbonyl compounds; Furanones; Dihydrofurans; Oxanes; Glycosyl compounds; O-glycosyl compounds; Butenolides; Polyols; 19-oxosteroids; Enoate esters; Alpha,beta-unsaturated carboxylic esters; Organic oxides; Oxacyclic compounds; Hydrocarbon derivatives; 14-hydroxysteroids; Organic oxygen compounds; Chemical entities"	549.269	166	2.764	"645960095149155461"	"645959910289390229"	"1926"	"DECENT"
1	"C14H16O6"	"[M + H]+"	"C14H17O6+"	"Shikimates and Phenylpropanoids"	0.569	"Macrolides"	0.820	"Zearalenones"	0.944	"Organoheterocyclic compounds"	0.983	"Benzopyrans"	0.752	"2-benzopyrans"	0.760			"2-benzopyrans"	0.760	"Organic compounds; Organoheterocyclic compounds; Lactones; Benzopyrans; Alcohols and polyols; Phenols; Phenylpropanoids and polyketides; Organic acids and derivatives; Carboxylic acids and derivatives; Organooxygen compounds; Carboxylic acid derivatives; Monocarboxylic acids and derivatives; Carboxylic acid esters; Hydroxybenzoic acid derivatives; Secondary alcohols; Polyols; Benzenoids; 2-benzopyrans; Vinylogous acids; Organic oxides; Oxacyclic compounds; Hydrocarbon derivatives; Organic oxygen compounds; 1-hydroxy-2-unsubstituted benzenoids; 1-hydroxy-4-unsubstituted benzenoids; Chemical entities"	281.102	166	2.771	"645960061510835577"	"645959906510316136"	"855"	"DECENT"
1	"C25H38BN5O6"	"[M + H]+"	"C25H39BN5O6+"	"Amino acids and Peptides"	0.944	"Oligopeptides"	0.837	"Tripeptides"	0.055	"Organic acids and derivatives"	0.997	"Carboxylic acids and derivatives"	0.954	"Amino acids, peptides, and analogues"	0.779	"Amino acids and derivatives"	0.760	"N-acyl-alpha amino acids and derivatives"	0.597	"Organic compounds; Organoheterocyclic compounds; Lipids and lipid-like molecules; Amino acids, peptides, and analogues; Alpha amino acids and derivatives; Organic acids and derivatives; Carboxylic acids and derivatives; Organonitrogen compounds; Organooxygen compounds; Fatty amides; Amino acids and derivatives; Boronic acids; Organometallic compounds; Carboxylic acid amides; Boronic acid derivatives; Carboxylic acid derivatives; N-acyl amines; N-acyl-alpha amino acids and derivatives; Organometalloid compounds; Secondary carboxylic acid amides; Carbonyl compounds; Benzene and substituted derivatives; Benzenoids; Organoboron compounds; Organic salts; Fatty Acyls; Organic oxides; Organic metalloid salts; Organic metal salts; Hydrocarbon derivatives; Organopnictogen compounds; Alkylboranes; Monoalkylboranes; Organic oxygen compounds; Organic nitrogen compounds; Chemical entities"	515.304	170	2.833	"645960008121538130"	"645959909995788307"	"1814"	"BAD"
1	"C26H42O10"	"[M + H3N + H]+"	"C26H46NO10+"	"Terpenoids"	0.862	"Diterpenoids"	0.734	"Kaurane and Phyllocladane diterpenoids"	0.299	"Lipids and lipid-like molecules"	0.962	"Prenol lipids"	0.761	"Diterpenoids"	0.689			"Diterpenoids"	0.689	"Organic compounds; Organoheterocyclic compounds; Carbohydrates and carbohydrate conjugates; Lipids and lipid-like molecules; Alcohols and polyols; Ethers; Prenol lipids; Fatty acids and conjugates; Organic acids and derivatives; Carboxylic acids and derivatives; Primary alcohols; Organooxygen compounds; Branched fatty acids; Hydroxy fatty acids; Monocarboxylic acids and derivatives; Carboxylic acids; Cyclic alcohols and derivatives; Hexoses; Monosaccharides; Diterpenoids; Secondary alcohols; Carbonyl compounds; Oxanes; Polyols; Methyl-branched fatty acids; Fatty Acyls; Organic oxides; Oxacyclic compounds; Hydrocarbon derivatives; Organic oxygen compounds; Chemical entities"	532.311	170	2.833	"645960071220649907"	"645959910180338069"	"1881"	"DECENT"
1	"C27H43NO6"	"[M + H]+"	"C27H44NO6+"	"Alkaloids"	0.414	"Linear polyketides"	0.612	"Open-chain polyketides"	0.696	"Lipids and lipid-like molecules"	0.634							"Lipids and lipid-like molecules"	0.634	"Organic compounds; Organoheterocyclic compounds; Lipids and lipid-like molecules; Ketones; Alcohols and polyols; Organic acids and derivatives; Carboxylic acids and derivatives; Organonitrogen compounds; Organooxygen compounds; Carboxylic acid amides; Carboxylic acid derivatives; Monocarboxylic acids and derivatives; Carboxylic acids; Secondary alcohols; Carbonyl compounds; Organic oxides; Azacyclic compounds; Hydrocarbon derivatives; Organopnictogen compounds; Organic oxygen compounds; Organic nitrogen compounds; Chemical entities"	478.316	209	3.482	"645960067722600157"	"645959909718963675"	"1718"	"DECENT"
1	"C27H40O6"	"[M + H]+"	"C27H41O6+"	"Terpenoids"	0.579	"Triterpenoids"	0.461	"Lanostane, Tirucallane and Euphane triterpenoids"	0.467	"Lipids and lipid-like molecules"	0.927	"Steroids and steroid derivatives"	0.634	"Oxosteroids"	0.411	"11-oxosteroids"	0.501	"11-oxosteroids"	0.501	"Organic compounds; Organoheterocyclic compounds; Lipids and lipid-like molecules; Ketones; Alcohols and polyols; Ethers; Steroids and steroid derivatives; Prenol lipids; Organic acids and derivatives; Carboxylic acids and derivatives; Organooxygen compounds; Monocarboxylic acids and derivatives; Secondary alcohols; Carbonyl compounds; 11-oxosteroids; Organic oxides; Oxacyclic compounds; Hydrocarbon derivatives; Organic oxygen compounds; Chemical entities"	461.289	209	3.484	"645960063310192101"	"645959909597328681"	"1686"	"DECENT"
1	"C18H32O5"	"[M + H]+"	"C18H33O5+"	"Fatty acids"	1.000	"Octadecanoids"	0.929	"Other Octadecanoids"	0.941	"Lipids and lipid-like molecules"	0.997	"Fatty Acyls"	0.995	"Lineolic acids and derivatives"	0.562			"Lineolic acids and derivatives"	0.562	"Organic compounds; Lipids and lipid-like molecules; Alcohols and polyols; Fatty acids and conjugates; Organic acids and derivatives; Carboxylic acids and derivatives; Organooxygen compounds; Unsaturated fatty acids; Hydroxy fatty acids; Lineolic acids and derivatives; Monocarboxylic acids and derivatives; Carboxylic acids; Secondary alcohols; Carbonyl compounds; Long-chain fatty acids; Fatty Acyls; Organic oxides; Hydrocarbon derivatives; Organic oxygen compounds; Chemical entities"	329.232	222	3.695	"645960041424312922"	"645959907491784599"	"1098"	"DECENT"
1	"C18H22"	"[M + H]+"	"C18H23+"	"Terpenoids"	0.994	"Sesquiterpenoids"	0.524	"Serrulatane and Biflorane diterpenoids"	0.103	"Lipids and lipid-like molecules"	0.860	"Prenol lipids"	0.785	"Sesquiterpenoids"	0.527	"Guaianes"	0.788	"Guaianes"	0.788	"Organic compounds; Lipids and lipid-like molecules; Prenol lipids; Azulenes; Sesquiterpenoids; Hydrocarbons; Olefins; Cyclic olefins; Guaianes; Polycyclic hydrocarbons; Unsaturated hydrocarbons; Aromatic hydrocarbons; Branched unsaturated hydrocarbons; Chemical entities"	239.179	222	3.699	"645960034205915517"	"645959905272995061"	"585"	"BAD"
1	"C14H21NO4"	"[M + H]+"	"C14H22NO4+"	"Amino acids and Peptides"	0.688	"Small peptides"	0.155	"Aminoacids"	0.126	"Organic acids and derivatives"	1.000	"Carboxylic acids and derivatives"	1.000	"Amino acids, peptides, and analogues"	0.968	"Amino acids and derivatives"	0.967	"Proline and derivatives"	0.530	"Organic compounds; Organoheterocyclic compounds; Amino acids, peptides, and analogues; Alpha amino acids and derivatives; Pyrrolidines; Organic acids and derivatives; Carboxylic acids and derivatives; Organonitrogen compounds; Organooxygen compounds; Amino acids and derivatives; Carboxylic acid derivatives; Monocarboxylic acids and derivatives; Pyrrolidones; Carboxylic acids; Carboxylic acid imides; N-substituted carboxylic acid imides; Carbonyl compounds; Pyrrolidine carboxylic acids; Pyrrolidine-2-ones; Dicarboximides; Organic oxides; Azacyclic compounds; Hydrocarbon derivatives; Proline and derivatives; Organopnictogen compounds; Organic oxygen compounds; Organic nitrogen compounds; Chemical entities"	268.154	242	4.029	"645960070528589722"	"645959906531287682"	"860"	"DECENT"
1	"C53H87NO23"	"[M + H]+"	"C53H88NO23+"	"Alkaloids"	0.477	"Pseudoalkaloids (transamidation)"	0.741	"Steroidal alkaloids"	0.855	"Lipids and lipid-like molecules"	0.975	"Steroids and steroid derivatives"	0.928	"Steroidal glycosides"	0.715	"Steroidal saponins"	0.749	"Steroidal saponins"	0.749	"Organic compounds; Organoheterocyclic compounds; Carbohydrates and carbohydrate conjugates; Lipids and lipid-like molecules; Alcohols and polyols; Oligosaccharides; Ethers; Steroids and steroid derivatives; Prenol lipids; Organonitrogen compounds; Primary alcohols; Organooxygen compounds; Steroidal glycosides; Cyclic alcohols and derivatives; Triterpenoids; Acetals; Secondary alcohols; Oxanes; Terpene glycosides; Glycosyl compounds; O-glycosyl compounds; Polyols; Azasteroids and derivatives; Steroidal saponins; Amines; Tetrahydrofurans; Steroidal alkaloids; Oxacyclic compounds; Hydrocarbon derivatives; Organopnictogen compounds; Organic oxygen compounds; Organic nitrogen compounds; Chemical entities"	1106.573	281	4.677	"645960102514353582"	"645959911354745696"	"2255"	"DECENT"
1	"C13H24BNO5"	"[M + H]+"	"C13H25BNO5+"	"Amino acids and Peptides"	0.230	"Linear polyketides"	0.120	"Open-chain polyketides"	0.105	"Lipids and lipid-like molecules"	0.809	"Fatty Acyls"	0.840	"Fatty acids and conjugates"	0.780			"Fatty acids and conjugates"	0.780	"Organic compounds; Lipids and lipid-like molecules; Fatty acids and conjugates; Organic acids and derivatives; Carboxylic acids and derivatives; Organonitrogen compounds; Organooxygen compounds; Fatty amides; Organometallic compounds; Carboxylic acid amides; Boronic acid derivatives; Carboxylic acid derivatives; Carboxylic acids; Organometalloid compounds; Secondary carboxylic acid amides; Carbonyl compounds; Organoboron compounds; Organic salts; Fatty Acyls; Organic oxides; Organic metalloid salts; Organic metal salts; Hydrocarbon derivatives; Alkylboranes; Monoalkylboranes; Organic oxygen compounds; Organic nitrogen compounds; Chemical entities"	285.189	296	4.928	"645960099528008965"	"645959906363515309"	"820"	"DECENT"
1	"C20H33NO6"	"[M + H]+"	"C20H34NO6+"	"Amino acids and Peptides"	0.758	"Small peptides"	0.856	"Aminoacids"	0.704	"Organic acids and derivatives"	1.000	"Carboxylic acids and derivatives"	0.999	"Amino acids, peptides, and analogues"	0.996	"Amino acids and derivatives"	0.996	"Alpha amino acids"	0.807	"Organic compounds; Lipids and lipid-like molecules; Amino acids, peptides, and analogues; Alpha amino acids and derivatives; Fatty acids and conjugates; Organic acids and derivatives; Carboxylic acids and derivatives; Organonitrogen compounds; Organooxygen compounds; Dicarboxylic acids and derivatives; Amino acids and derivatives; Monoalkylamines; Amino fatty acids; Carboxylic acids; Carboxylic acid esters; Carbonyl compounds; Alpha amino acids; Amines; Primary amines; Fatty Acyls; Organic oxides; Hydrocarbon derivatives; Amino acids; Glutamic acid and derivatives; Organopnictogen compounds; Organic oxygen compounds; Organic nitrogen compounds; Chemical entities"	384.238	299	4.980	"645960104703780356"	"645959908825575259"	"1441"	"DECENT"
1	"C41H62O12"	"[M + H]+"	"C41H63O12+"	"Terpenoids"	0.982	"Triterpenoids"	0.943	"Lupane triterpenoids"	0.279	"Lipids and lipid-like molecules"	0.979	"Prenol lipids"	0.917	"Triterpenoids"	0.800			"Triterpenoids"	0.800	"Organic compounds; Organoheterocyclic compounds; Carbohydrates and carbohydrate conjugates; Lipids and lipid-like molecules; Alcohols and polyols; Ethers; Steroids and steroid derivatives; Prenol lipids; Organic acids and derivatives; Carboxylic acids and derivatives; Organooxygen compounds; Carboxylic acid derivatives; Carboxylic acid esters; Disaccharides; Triterpenoids; Acetals; Secondary alcohols; Carbonyl compounds; Oxanes; Glycosyl compounds; O-glycosyl compounds; Polyols; Organic oxides; Oxacyclic compounds; Hydrocarbon derivatives; Organic oxygen compounds; Chemical entities"	747.430	328	5.465	"645960187755197383"	"645959911065338040"	"2172"	"DECENT"
1	"C35H46O12"	"[M + H]+"	"C35H47O12+"	"Terpenoids"	0.445	"Triterpenoids"	0.614	"Lanostane, Tirucallane and Euphane triterpenoids"	0.261	"Lipids and lipid-like molecules"	0.744	"Steroids and steroid derivatives"	0.559					"Steroids and steroid derivatives"	0.559	"Organic compounds; Organoheterocyclic compounds; Lipids and lipid-like molecules; Ketones; Steroids and steroid derivatives; Organic acids and derivatives; Carboxylic acids and derivatives; Organooxygen compounds; Carboxylic acid derivatives; Carboxylic acid esters; Carbonyl compounds; Organic oxides; Oxacyclic compounds; Hydrocarbon derivatives; Organic oxygen compounds; Chemical entities"	659.305	332	5.534	"645960341493222711"	"645959910893371194"	"2106"	"DECENT"
1	"C32H49F2N5O6"	"[M + K]+"	"C32H49F2KN5O6+"	"Alkaloids"	0.360	"Oligopeptides"	0.436	"Tropane alkaloids"	0.095	"Organic acids and derivatives"	0.898	"Carboxylic acids and derivatives"	0.872	"Amino acids, peptides, and analogues"	0.647	"Amino acids and derivatives"	0.637	"Amino acids and derivatives"	0.637	"Organic compounds; Organoheterocyclic compounds; Lipids and lipid-like molecules; Amino acids, peptides, and analogues; Halobenzenes; Triazoles; Alcohols and polyols; Organic acids and derivatives; Carboxylic acids and derivatives; Organohalogen compounds; Organonitrogen compounds; Organooxygen compounds; Amino acids and derivatives; Azoles; Carboxylic acid amides; Alkyl fluorides; Carboxylic acid derivatives; Organofluorides; Secondary carboxylic acid amides; Carbonyl compounds; Benzene and substituted derivatives; Benzenoids; Alkyl halides; Fatty Acyls; Organic oxides; Azacyclic compounds; Oxacyclic compounds; Heteroaromatic compounds; Hydrocarbon derivatives; Organopnictogen compounds; Organic oxygen compounds; Organic nitrogen compounds; Chemical entities"	676.332	332	5.536	"645960140489583881"	"645959910977257436"	"2135"	"DECENT"
1	"C20H29NO5"	"[M + H]+"	"C20H30NO5+"	"Polyketides"	0.469	"Linear polyketides"	0.569	"Open-chain polyketides"	0.491	"Organic acids and derivatives"	0.976	"Carboxylic acids and derivatives"	0.953	"Amino acids, peptides, and analogues"	0.534	"Amino acids and derivatives"	0.535	"Amino acids and derivatives"	0.535	"Organic compounds; Organoheterocyclic compounds; Amino acids, peptides, and analogues; Organic acids and derivatives; Carboxylic acids and derivatives; Organonitrogen compounds; Organooxygen compounds; Amino acids and derivatives; Carboxylic acid derivatives; Monocarboxylic acids and derivatives; Carboxylic acid esters; Carbonyl compounds; Organic oxides; Azacyclic compounds; Oxacyclic compounds; Hydrocarbon derivatives; Organopnictogen compounds; Organic oxygen compounds; Organic nitrogen compounds; Chemical entities"	364.211	333	5.543	"645960152233635639"	"645959908292897758"	"1294"	"BAD"
1	"C20H29NO5"	"[M + H]+"	"C20H30NO5+"	"Alkaloids"	0.748	"Linear polyketides"	0.373	"Stemona alkaloids"	0.294	"Organic acids and derivatives"	0.968	"Carboxylic acids and derivatives"	0.944	"Carboxylic acid derivatives"	0.947	"Carboxylic acid esters"	0.913	"Carboxylic acid esters"	0.913	"Organic compounds; Organoheterocyclic compounds; Organic acids and derivatives; Carboxylic acids and derivatives; Organonitrogen compounds; Organooxygen compounds; Carboxylic acid derivatives; Monocarboxylic acids and derivatives; Carboxylic acid esters; Carbonyl compounds; Organic oxides; Azacyclic compounds; Oxacyclic compounds; Hydrocarbon derivatives; Organopnictogen compounds; Organic oxygen compounds; Organic nitrogen compounds; Chemical entities"	364.211	337	5.622	"645960174123708875"	"645959908288703436"	"1287"	"DECENT"
1	"C30H44O5"	"[M + H]+"	"C30H45O5+"	"Terpenoids"	1.000	"Triterpenoids"	0.997	"Lupane triterpenoids"	0.490	"Lipids and lipid-like molecules"	0.994	"Prenol lipids"	0.973	"Triterpenoids"	0.915			"Triterpenoids"	0.915	"Organic compounds; Lipids and lipid-like molecules; Alcohols and polyols; Steroids and steroid derivatives; Prenol lipids; Organic acids and derivatives; Carboxylic acids and derivatives; Organooxygen compounds; Dicarboxylic acids and derivatives; Carboxylic acid derivatives; Oxosteroids; Carboxylic acids; Carboxylic acid esters; Cyclic alcohols and derivatives; Hydroxysteroids; Triterpenoids; Secondary alcohols; Carbonyl compounds; Organic oxides; Hydrocarbon derivatives; Organic oxygen compounds; Chemical entities"	485.326	345	5.752	"645960170202034548"	"645959909756712482"	"1733"	"BAD"
1	"C15H29N3O7"	"[M + H]+"	"C15H30N3O7+"	"Amino acids and Peptides"	0.687	"Small peptides"	0.288	"Tripeptides"	0.181	"Organic acids and derivatives"	0.981	"Carboxylic acids and derivatives"	0.928	"Amino acids, peptides, and analogues"	0.760	"Amino acids and derivatives"	0.759	"Alpha amino acids and derivatives"	0.656	"Organic compounds; Lipids and lipid-like molecules; Amino acids, peptides, and analogues; Alpha amino acids and derivatives; Organic acids and derivatives; Carboxylic acids and derivatives; Organonitrogen compounds; Organooxygen compounds; Amino acids and derivatives; Carboxylic acid derivatives; Carboxylic acids; Carbonyl compounds; Fatty Acyls; Organic oxides; Hydrocarbon derivatives; Organopnictogen compounds; Organic oxygen compounds; Organic nitrogen compounds; Chemical entities"	364.210	347	5.785	"645960160198619170"	"645959908292897766"	"1295"	"DECENT"
1	"C16H25N7O3"	"[M + H]+"	"C16H26N7O3+"	"Alkaloids"	0.630	"Pseudoalkaloids (transamidation)"	0.881	"Purine alkaloids"	0.883	"Organoheterocyclic compounds"	0.998	"Imidazopyrimidines"	0.952	"Purines and purine derivatives"	0.957	"6-aminopurines"	0.920	"6-alkylaminopurines"	0.713	"Organic compounds; Organoheterocyclic compounds; Pyrimidines and pyrimidine derivatives; Imidazoles; Alcohols and polyols; Purines and purine derivatives; Organonitrogen compounds; Primary alcohols; Organooxygen compounds; Azoles; Aminopyrimidines and derivatives; Diazines; Imidazopyrimidines; Substituted imidazoles; N-substituted imidazoles; Amines; Primary amines; 6-aminopurines; 6-alkylaminopurines; Imidolactams; Azacyclic compounds; Heteroaromatic compounds; Hydrocarbon derivatives; Organopnictogen compounds; Organic oxygen compounds; Organic nitrogen compounds; Chemical entities"	364.210	349	5.817	"645960155761045396"	"645959908292897770"	"1297"	"BAD"
1	"C15H29N3O7"	"[M + H]+"	"C15H30N3O7+"	"Carbohydrates"	0.382	"Aminosugars and aminoglycosides"	0.651	"Aminoglycosides"	0.458	"Organic acids and derivatives"	0.890	"Carboxylic acids and derivatives"	0.761	"Amino acids, peptides, and analogues"	0.582	"Amino acids and derivatives"	0.580	"Amino acids and derivatives"	0.580	"Organic compounds; Amino acids, peptides, and analogues; Alcohols and polyols; Organic acids and derivatives; Carboxylic acids and derivatives; Organonitrogen compounds; Organooxygen compounds; Amino acids and derivatives; Carboxylic acids; Carbonyl compounds; Amines; Organic oxides; Hydrocarbon derivatives; Organopnictogen compounds; Organic oxygen compounds; Organic nitrogen compounds; Chemical entities"	364.210	350	5.832	"645960177835668033"	"645959908263537593"	"1283"	"BAD"
1	"C21H28O5"	"[M + H]+"	"C21H29O5+"	"Polyketides"	0.979	"Cyclic polyketides"	0.994	"Phthalide derivatives"	0.998	"Organoheterocyclic compounds"	0.950	"Isocoumarans"	0.995	"Isobenzofuranones"	0.995	"Phthalides"	0.994	"Phthalides"	0.994	"Organic compounds; Organoheterocyclic compounds; Lipids and lipid-like molecules; Lactones; Alkyl aryl ethers; Phenols; Anisoles; Ethers; Fatty acids and conjugates; Organic acids and derivatives; Carboxylic acids and derivatives; Organooxygen compounds; Branched fatty acids; Unsaturated fatty acids; Hydroxy fatty acids; Dicarboxylic acids and derivatives; Carboxylic acid derivatives; Monocarboxylic acids and derivatives; Carboxylic acids; Carboxylic acid esters; Carbonyl compounds; Phthalides; Heterocyclic fatty acids; Phenol ethers; Benzenoids; Medium-chain fatty acids; Isobenzofuranones; Methyl-branched fatty acids; Vinylogous acids; Fatty Acyls; Organic oxides; Oxacyclic compounds; Hydrocarbon derivatives; Isocoumarans; Organic oxygen compounds; Chemical entities"	361.200	350	5.832	"645960204708574816"	"645959908292897781"	"1292"	"DECENT"
1	"C30H44O5"	"[M + H]+"	"C30H45O5+"	"Terpenoids"	1.000	"Triterpenoids"	0.998	"Abeolupane triterpenoids"	0.545	"Lipids and lipid-like molecules"	0.996	"Prenol lipids"	0.973	"Triterpenoids"	0.918			"Triterpenoids"	0.918	"Organic compounds; Lipids and lipid-like molecules; Alcohols and polyols; Steroids and steroid derivatives; Prenol lipids; Organic acids and derivatives; Carboxylic acids and derivatives; Organooxygen compounds; Dicarboxylic acids and derivatives; Oxosteroids; Carboxylic acids; Cyclic alcohols and derivatives; Triterpenoids; Secondary alcohols; Carbonyl compounds; Organic oxides; Hydrocarbon derivatives; 18-hydroxysteroids; Organic oxygen compounds; Chemical entities"	485.325	352	5.868	"645960291874603669"	"645959909802849947"	"1750"	"DECENT"
1	"C30H44O5"	"[M + H3N + H]+"	"C30H48NO5+"	"Terpenoids"	1.000	"Triterpenoids"	0.996	"Abeolupane triterpenoids"	0.431	"Lipids and lipid-like molecules"	0.994	"Prenol lipids"	0.971	"Triterpenoids"	0.942			"Triterpenoids"	0.942	"Organic compounds; Lipids and lipid-like molecules; Alcohols and polyols; Steroids and steroid derivatives; Prenol lipids; Organic acids and derivatives; Carboxylic acids and derivatives; Organooxygen compounds; Carboxylic acids; Cyclic alcohols and derivatives; Hydroxysteroids; Triterpenoids; Secondary alcohols; Carbonyl compounds; Organic oxides; Hydrocarbon derivatives; Organic oxygen compounds; Chemical entities"	502.352	352	5.871	"645960179827962507"	"645959909890930501"	"1779"	"DECENT"
1	"C15H22O2"	"[M + H]+"	"C15H23O2+"	"Terpenoids"	0.991	"Sesquiterpenoids"	0.975	"Zizaane sesquiterpenoids"	0.134	"Lipids and lipid-like molecules"	0.826	"Prenol lipids"	0.844	"Sesquiterpenoids"	0.673			"Sesquiterpenoids"	0.673	"Organic compounds; Lipids and lipid-like molecules; Prenol lipids; Organic acids and derivatives; Carboxylic acids and derivatives; Organooxygen compounds; Monocarboxylic acids and derivatives; Sesquiterpenoids; Carbonyl compounds; Organic oxides; Hydrocarbon derivatives; Organic oxygen compounds; Chemical entities"	235.169	353	5.886	"645960188094936053"	"645959905323326726"	"589"	"DECENT"
