"structurePerIdRank"	"formulaRank"	"ConfidenceScoreExact"	"ConfidenceScoreApproximate"	"CSI:FingerIDScore"	"ZodiacScore"	"SiriusScore"	"molecularFormula"	"adduct"	"precursorFormula"	"InChIkey2D"	"InChI"	"name"	"smiles"	"xlogp"	"pubchemids"	"links"	"dbflags"	"ionMass"	"retentionTimeInSeconds"	"retentionTimeInMinutes"	"formulaId"	"alignedFeatureId"	"mappingFeatureId"	"overallFeatureQuality"
1	17	0.026	0.026	-241.448		69.941	"C13H24F2O4S"	"[M + H3N + H]+"	"C13H28F2NO4S+"	"FRTVVMHOUYTUNA"	"InChI=1S/C13H24F2O4S/c1-10(2,3)12(6-7-12)20(17,18)11(4,5)9-19-13(14,15)8-16/h16H,6-9H2,1-5H3"	"2-[2-(1-Tert-butylcyclopropyl)sulfonyl-2-methylpropoxy]-2,2-difluoroethanol"	"CC(C)(C)C1(CC1)S(=O)(=O)C(C)(C)COC(CO)(F)F"	2.300	"157292809"	"PUBCHEM:(157292809)"	"2"	332.170	47	0.779	"645960026912020634"	"645959907709888593"	"1127"	"DECENT"
1	1	0.513	0.513	-103.169	0.997	172.197	"C43H48O24"	"[M + H]+"	"C43H49O24+"	"KRVRZKNQRFNIQC"	"InChI=1S/C43H48O24/c1-59-22-10-16(2-8-20(22)48)3-9-27(50)60-15-26-31(53)33(55)36(58)41(64-26)66-39-34(56)29(51)25(14-45)63-43(39)67-40-35(57)30(52)24(13-44)62-42(40)65-38-32(54)28-21(49)11-19(47)12-23(28)61-37(38)17-4-6-18(46)7-5-17/h2-12,24-26,29-31,33-36,39-49,51-53,55-58H,13-15H2,1H3"	"[6-({2-[(2-{[5,7-dihydroxy-2-(4-hydroxyphenyl)-4-oxo-4H-chromen-3-yl]oxy}-4,5-dihydroxy-6-(hydroxymethyl)oxan-3-yl)oxy]-4,5-dihydroxy-6-(hydroxymethyl)oxan-3-yl}oxy)-3,4,5-trihydroxyoxan-2-yl]methyl 3-(4-hydroxy-3-methoxyphenyl)prop-2-enoate"	"COC1=C(C=CC(=C1)C=CC(=O)OCC2C(C(C(C(O2)OC3C(C(C(OC3OC4C(C(C(OC4OC5=C(OC6=CC(=CC(=C6C5=O)O)O)C7=CC=C(C=C7)O)CO)O)O)CO)O)O)O)O)O)O"	-0.700	"163005469;163005470;102288329"	"COCONUT:(CNP0279761);SUPERNATURAL:(SN0193730);PUBCHEM:(163005469 163005470 102288329)"	"3145730"	949.260	117	1.956	"645960895762107754"	"645959911316996872"	"2244"	"DECENT"
1	16	0.002	0.002	-167.960		133.800	"C13H22O4Si2"	"[M - H2O + H3N + H]+"	"C13H24NO3Si2+"	"GJRJOIWISWNDHK"	"InChI=1S/C13H22O4Si2/c1-14-19(15-2,16-3)13-8-6-12(7-9-13)10-11-17-18(4)5/h6-11,18H,1-5H3"	"[4-(2-Dimethylsilyloxyethenyl)phenyl]-trimethoxysilane"	"CO[Si](C1=CC=C(C=C1)C=CO[SiH](C)C)(OC)OC"	3.326	"154189953"	"PUBCHEM:(154189953)"	"2"	298.128	155	2.578	"645960039780145705"	"645959906745197445"	"911"	"DECENT"
1	1	0.243	0.243	-119.728	1.000	273.112	"C14H16O6"	"[M + H]+"	"C14H17O6+"	"OESLECARYLNMSC"	"InChI=1S/C14H16O6/c1-7-2-9(15)5-11(17)14-8(4-13(19)20-7)3-10(16)6-12(14)18/h3,6-7,9,15-16,18H,2,4-5H2,1H3"	"Xestodecalactone B"	"CC1CC(CC(=O)C2=C(CC(=O)O1)C=C(C=C2O)O)O"	1.200	"21776595;9943580;16121993;5324984;134831546;139585303;11033245"	"COCONUT:(CNP0171040);SUPERNATURAL:(SN0263456);MESH:(9943580 11033245);PUBCHEM:(21776595 9943580 16121993 5324984 134831546 139585303 11033245);DSSTox:(DTXSID201038874);LOTUS:(Q105190505 Q105190504 Q105190508);PUBMED:(null);KNAPSACK:(OESLECARYLNMSC-UHFFFAOYSA-N)"	"137710534742"	281.102	155	2.580	"645960100601750859"	"645959906451595845"	"847"	"DECENT"
1	1	0.067	0.067	-181.202	1.000	92.791	"C13H19NO2"	"[M + H]+"	"C13H20NO2+"	"BYPIURIATSUHDW"	"InChI=1S/C13H19NO2/c1-9(2)8-11-4-6-12(7-5-11)10(3)13(15)14-16/h4-7,9-10,16H,8H2,1-3H3,(H,14,15)"	"(2R)-N-hydroxy-2-[4-(2-methylpropyl)phenyl]propanamide"	"CC(C)CC1=CC=C(C=C1)C(C)C(=O)NO"	2.983	"10130693;11458696;68704"	"PUBCHEMANNOTATIONBIO:(null);NORMAN:(NS00057733 NS00099428);HMDB:(HMDB0253336);PUBCHEMANNOTATIONSAFETYANDTOXIC:(null);BloodExposome:(68704);METACYC:(CPD-25073);CHEBI:(76160);MESH:(68704);PUBCHEM:(10130693 11458696 68704);DSSTox:(DTXSID30866353);PUBCHEMANNOTATIONDRUG:(null);PUBMED:(null)"	"137560852590"	222.149	155	2.584	"645959989570130480"	"645959905398824227"	"590"	"DECENT"
1	1	0.727	0.927	-67.962	0.985	201.698	"C29H40O10"	"[M + H]+"	"C29H41O10+"	"LYSHVSOMKBORDM"	"InChI=1S/C29H40O10/c1-14-23(32)24(33)29(35)25(37-14)38-20-10-16-3-4-19-18(27(16,13-30)11-21(20)39-29)5-7-26(2)17(6-8-28(19,26)34)15-9-22(31)36-12-15/h9,13-14,16-21,23-25,32-35H,3-8,10-12H2,1-2H3"	"8,9,10,22-tetrahydroxy-7,18-dimethyl-19-(5-oxo-2,5-dihydrofuran-3-yl)-4,6,11-trioxahexacyclo[12.11.0.0³,¹².0⁵,¹⁰.0¹⁵,²³.0¹⁸,²²]pentacosane-14-carbaldehyde"	"CC1C(C(C2(C(O1)OC3CC4CCC5C(C4(CC3O2)C=O)CCC6(C5(CCC6C7=CC(=O)OC7)O)C)O)O)O"	0.000	"101710282;162935381;56840852;30101;46830222"	"COCONUT:(CNP0205461);TeroMol:(TKC112393);PUBCHEMANNOTATIONSAFETYANDTOXIC:(null);SUPERNATURAL:(SN0219025);HSDB:(20304-49-8);PUBCHEM:(101710282 162935381 56840852 30101 46830222);DSSTox:(DTXSID40174193);LOTUS:(Q105159531 Q104252179);PUBMED:(null)"	"137786032706"	549.269	166	2.764	"645960095149155461"	"645959910289390229"	"1926"	"DECENT"
1	1	0.418	0.418	-118.042	1.000	290.062	"C14H16O6"	"[M + H]+"	"C14H17O6+"	"OESLECARYLNMSC"	"InChI=1S/C14H16O6/c1-7-2-9(15)5-11(17)14-8(4-13(19)20-7)3-10(16)6-12(14)18/h3,6-7,9,15-16,18H,2,4-5H2,1H3"	"Xestodecalactone B"	"CC1CC(CC(=O)C2=C(CC(=O)O1)C=C(C=C2O)O)O"	1.200	"21776595;9943580;16121993;5324984;134831546;139585303;11033245"	"COCONUT:(CNP0171040);SUPERNATURAL:(SN0263456);MESH:(9943580 11033245);PUBCHEM:(21776595 9943580 16121993 5324984 134831546 139585303 11033245);DSSTox:(DTXSID201038874);LOTUS:(Q105190505 Q105190504 Q105190508);PUBMED:(null);KNAPSACK:(OESLECARYLNMSC-UHFFFAOYSA-N)"	"137710534742"	281.102	166	2.771	"645960061510835577"	"645959906510316136"	"855"	"DECENT"
1	12	0.011	0.011	-130.259		89.714	"C13H20O3Si2"	"[M + H3N + H]+"	"C13H24NO3Si2+"	"YDMPITBOSUUHCR"	"InChI=1S/C13H20O3Si2/c1-6-18(15-12(2)14,16-17(3,4)5)13-10-8-7-9-11-13/h6-11H,1H2,2-5H3"	"(Ethenyl-phenyl-trimethylsilyloxysilyl) acetate"	"CC(=O)O[Si](C=C)(C1=CC=CC=C1)O[Si](C)(C)C"	4.217	"162347034"	"PUBCHEM:(162347034)"	"2"	298.128	166	2.771	"645960019009951667"	"645959906745197461"	"917"	"DECENT"
1	3	0.051	0.051	-533.370	0.026	7.163	"C28H42N4O3S"	"[M + H]+"	"C28H43N4O3S+"	"NIZDKPYPZUWWHC"	"InChI=1S/C28H42N4O3S/c1-6-25(33)30-22(15-26-31-21-13-12-20(17(2)3)14-24(21)36-26)28(35)32-23(16-29-27(34)18(4)5)19-10-8-7-9-11-19/h12-14,17-19,22-23H,6-11,15-16H2,1-5H3,(H,29,34)(H,30,33)(H,32,35)"	"N-[(2S)-2-cyclohexyl-2-[[(2S)-2-(propanoylamino)-3-(6-propan-2-yl-1,3-benzothiazol-2-yl)propanoyl]amino]ethyl]-2-methylpropanamide"	"CCC(=O)NC(CC1=NC2=C(S1)C=C(C=C2)C(C)C)C(=O)NC(CNC(=O)C(C)C)C3CCCCC3"	5.800	"155923700"	"PUBCHEMANNOTATIONBIO:(null);PUBCHEM:(155923700)"	"16777218"	515.304	170	2.833	"645960008121538132"	"645959909995788307"	"1814"	"BAD"
1	1	0.664	0.664	-102.275	0.621	217.818	"C26H42O10"	"[M + H3N + H]+"	"C26H46NO10+"	"CKUNWXACQFRRKB"	"InChI=1S/C26H42O10/c1-23(9-10-34-20-19(31)18(30)17(29)13(12-27)35-20)8-5-14-24(2)6-4-7-25(3,22(32)33)15(24)11-16(28)26(14)21(23)36-26/h13-21,27-31H,4-12H2,1-3H3,(H,32,33)"	"9-hydroxy-1,4a,7-trimethyl-7-(2-{[3,4,5-trihydroxy-6-(hydroxymethyl)oxan-2-yl]oxy}ethyl)-dodecahydro-1H-phenanthro[8,8a-b]oxirene-1-carboxylic acid"	"CC1(CCC2C3(CCCC(C3CC(C24C1O4)O)(C)C(=O)O)C)CCOC5C(C(C(C(O5)CO)O)O)O"	0.800	"44715370"	"COCONUT:(CNP0086766);SUPERNATURAL:(SN0048450);PUBCHEM:(44715370)"	"3145730"	532.311	170	2.833	"645960071220649907"	"645959910180338069"	"1881"	"DECENT"
1	2	0.061	0.209	-241.093	0.445	266.837	"C27H46O9"	"[M - H6O3 + H3N + H]+"	"C27H44NO6+"	"CJKAHSOGVKAYJX"	"InChI=1S/C27H46O9/c1-17(14-24(30)34-12-10-8-6-5-7-9-11-23(29)33-4)13-21-26(32)25(31)20(16-35-21)15-22-27(36-22)18(2)19(3)28/h14,18-22,25-28,31-32H,5-13,15-16H2,1-4H3"	"methyl 9-{[4-(3,4-dihydroxy-5-{[3-(3-hydroxybutan-2-yl)oxiran-2-yl]methyl}oxan-2-yl)-3-methylbut-2-enoyl]oxy}nonanoate"	"CC(C1C(O1)CC2COC(C(C2O)O)CC(=CC(=O)OCCCCCCCCC(=O)OC)C)C(C)O"	3.400	"21596560;162924610;162924611;73176991;12875115;132071001;44287331"	"COCONUT:(CNP0194254);SUPERNATURAL:(SN0047323);PUBCHEM:(21596560 162924610 162924611 73176991 12875115 132071001 44287331);LOTUS:(Q104961257);PUBMED:(null)"	"271581250"	478.316	209	3.482	"645960067722600158"	"645959909718963675"	"1718"	"DECENT"
1	1	0.315	0.315	-193.583	0.865	296.665	"C27H40O6"	"[M + H]+"	"C27H41O6+"	"YXVYBSGFMJBSQD"	"InChI=1S/C27H40O6/c1-15(2)18-13-19(28)24-23(25(18,4)11-10-22(32)33)20(29)14-27(6)17(9-12-26(24,27)5)16(3)7-8-21(30)31/h16-19,28H,1,7-14H2,2-6H3,(H,30,31)(H,32,33)"	"Fornicatin B"	"CC(CCC(=O)O)C1CCC2(C1(CC(=O)C3=C2C(CC(C3(C)CCC(=O)O)C(=C)C)O)C)C"	4.100	"86302609;162867727;10095797;11213342;72753368"	"COCONUT:(CNP0131471);TeroMol:(TKC053641);SUPERNATURAL:(SN0463203);PUBCHEM:(86302609 162867727 10095797 11213342 72753368);LOTUS:(Q77568709);PUBMED:(null)"	"279969858"	461.289	209	3.484	"645960063310192101"	"645959909597328681"	"1686"	"DECENT"
1	1	0.484	0.484	-80.184	1.000	181.220	"C18H32O5"	"[M + H]+"	"C18H33O5+"	"ADHVWICOFLYDST"	"InChI=1S/C18H32O5/c1-2-3-7-10-15(19)13-14-17(21)16(20)11-8-5-4-6-9-12-18(22)23/h3,7,13-17,19-21H,2,4-6,8-12H2,1H3,(H,22,23)"	"9,10,13-trihydroxyoctadeca-11,15-dienoic acid"	"CCC=CCC(C=CC(C(CCCCCCCC(=O)O)O)O)O"	2.600	"74135901;9973796;23872026;93062006;93062009;93062012;93062016;26249435;26249437;26249439"	"COCONUT:(CNP0087243);CHEBI:(183718);SUPERNATURAL:(SN0002544);PUBCHEM:(74135901 9973796 23872026 93062006 93062009 93062012 93062016 26249435 26249437 26249439);DSSTox:(DTXSID001203873)"	"137442099234"	329.232	222	3.695	"645960041424312922"	"645959907491784599"	"1098"	"DECENT"
1	1	0.089	0.092	-96.764	0.524	63.453	"C18H22"	"[M + H]+"	"C18H23+"	"NUEUMFZLNOCRCQ"	"InChI=1S/C18H22/c1-13(2)15-5-9-17(10-6-15)18-11-7-16(8-12-18)14(3)4/h5-14H,1-4H3"	"4,4'-Diisopropylbiphenyl"	"CC(C)C1=CC=C(C=C1)C2=CC=C(C=C2)C(C)C"	5.821	"519615"	"NORMAN:(NS00009624);PUBCHEM:(519615);DSSTox:(DTXSID40891217);PUBMED:(null)"	"137439215682"	239.179	222	3.699	"645960034205915517"	"645959905272995061"	"585"	"BAD"
1	17	0.061	0.061	-278.396		61.397	"C21H38O4Si"	"[M - H6O3 + H3N + H]+"	"C21H36NOSi+"	"BOKZZVDUBAMYKD"	"InChI=1S/C21H38O4Si/c1-4-5-6-8-18(22)12-10-17-11-13-20(23)19(17)9-7-15-26(2,3)16-14-21(24)25/h10,12,17-19,22H,4-9,11,13-16H2,1-3H3,(H,24,25)"	"11-Deoxy-4,4-dimethyl-4-silaprostaglandin E1"	"CCCCCC(C=CC1CCC(=O)C1CCC[Si](C)(C)CCC(=O)O)O"	5.400	"6443988"	"MESH:(6443988);PUBCHEM:(6443988);PUBMED:(null)"	"70"	346.259	223	3.710	"645960047925484354"	"645959907957352886"	"1190"	"DECENT"
1	1	0.667	0.667	-151.327	1.000	152.933	"C14H21NO4"	"[M + H]+"	"C14H22NO4+"	"GRHGSHZGVBVDJV"	"InChI=1S/C14H21NO4/c1-4-5-6-7-8-11-9(2)12(16)15(13(11)17)10(3)14(18)19/h10H,4-8H2,1-3H3,(H,18,19)"	"2-(3-hexyl-4-methyl-2,5-dioxo-2,5-dihydro-1H-pyrrol-1-yl)propanoic acid"	"CCCCCCC1=C(C(=O)N(C1=O)C(C)C(=O)O)C"	2.800	"124875275;124875277;128964478"	"COCONUT:(CNP0086935);SUPERNATURAL:(SN0113297);PUBCHEM:(124875275 124875277 128964478)"	"3145730"	268.154	242	4.029	"645960070528589722"	"645959906531287682"	"860"	"DECENT"
1	2	0.741	0.741	-185.320	0.310	101.476	"C53H84O23"	"[M + H3N + H]+"	"C53H88NO23+"	"BZGASZPFGGQYNG"	"InChI=1S/C53H84O23/c1-22-31(56)34(59)38(63)44(71-22)75-41-26(19-54)72-42(40(65)36(41)61)70-21-27-33(58)35(60)39(64)45(73-27)76-47(68)53-16-14-49(4,46(66)67)18-24(53)23-8-9-29-50(5)12-11-30(74-43-37(62)32(57)25(55)20-69-43)48(2,3)28(50)10-13-52(29,7)51(23,6)15-17-53/h8,22,24-45,54-65H,9-21H2,1-7H3,(H,66,67)"	"4a-({[6-({[3,4-dihydroxy-6-(hydroxymethyl)-5-[(3,4,5-trihydroxy-6-methyloxan-2-yl)oxy]oxan-2-yl]oxy}methyl)-3,4,5-trihydroxyoxan-2-yl]oxy}carbonyl)-2,6a,6b,9,9,12a-hexamethyl-10-[(3,4,5-trihydroxyoxan-2-yl)oxy]-1,2,3,4,4a,5,6,6a,6b,7,8,8a,9,10,11,12,12a,12b,13,14b-icosahydropicene-2-carboxylic acid"	"CC1C(C(C(C(O1)OC2C(OC(C(C2O)O)OCC3C(C(C(C(O3)OC(=O)C45CCC(CC4C6=CCC7C8(CCC(C(C8CCC7(C6(CC5)C)C)(C)C)OC9C(C(C(CO9)O)O)O)C)(C)C(=O)O)O)O)O)CO)O)O)O"	-1.300	"21629863;163027233;10373944;73814578"	"COCONUT:(CNP0305112);TeroMol:(TKC055781 TKC141314 TKC055760);SUPERNATURAL:(SN0039506);PUBCHEM:(21629863 163027233 10373944 73814578);LOTUS:(Q104950444 Q104950446)"	"279969794"	1106.573	281	4.677	"645960102514353583"	"645959911354745696"	"2255"	"DECENT"
1	1	0.059	0.059	-261.402	0.915	53.408	"C13H24BNO5"	"[M + H]+"	"C13H25BNO5+"	"HXCUKELLKUXEDS"	"InChI=1S/C13H24BNO5/c1-9(2)6-12(16)15-7-10(4-3-5-14(19)20)11(8-15)13(17)18/h9-11,19-20H,3-8H2,1-2H3,(H,17,18)"	"4-(3-Boronopropyl)-1-(3-methylbutanoyl)pyrrolidine-3-carboxylic acid"	"B(CCCC1CN(CC1C(=O)O)C(=O)CC(C)C)(O)O"	1.172	"145304705"	"PUBCHEM:(145304705)"	"2"	285.189	296	4.928	"645960099528008965"	"645959906363515309"	"820"	"DECENT"
1	1	0.173	0.173	-180.020	1.000	261.463	"C20H33NO6"	"[M + H]+"	"C20H34NO6+"	"ZPSGXILYFKHFAI"	"InChI=1S/C20H33NO6/c1-14(2)25-16(22)8-11-20(21,12-9-17(23)26-15(3)4)13-10-18(24)27-19(5,6)7/h1,3,8-13,21H2,2,4-7H3"	"1-O-tert-butyl 7-O-prop-1-en-2-yl 4-amino-4-(3-oxo-3-prop-1-en-2-yloxypropyl)heptanedioate"	"CC(=C)OC(=O)CCC(CCC(=O)OC(=C)C)(CCC(=O)OC(C)(C)C)N"	2.400	"88896293"	"PUBCHEM:(88896293)"	"2"	384.238	299	4.980	"645960104703780356"	"645959908825575259"	"1441"	"DECENT"
1	1	0.319	0.319	-335.569	0.999	176.503	"C41H62O12"	"[M + H]+"	"C41H63O12+"	"QTRIRAUZWBJZCA"	"InChI=1S/C41H62O12/c1-20-26(43)28(45)29(46)32(50-20)52-30-27(44)22(42)19-49-33(30)51-25-12-13-36(4)23(35(25,2)3)11-14-38(6)24(36)10-9-21-31-40(8,48)39(7)16-18-41(31,34(47)53-39)17-15-37(21,38)5/h9-10,20,22-30,32-33,42-46,48H,11-19H2,1-8H3"	"(4S,5R,8R,10S,13S,14R,19S,20S)-10-[(2R,3R,4S,5S)-4,5-dihydroxy-3-[(2S,3R,4R,5R,6S)-3,4,5-trihydroxy-6-methyloxan-2-yl]oxyoxan-2-yl]oxy-19-hydroxy-4,5,9,9,13,19,20-heptamethyl-21-oxahexacyclo[18.2.2.01,18.04,17.05,14.08,13]tetracosa-15,17-dien-22-one"	"CC1C(C(C(C(O1)OC2C(C(COC2OC3CCC4(C(C3(C)C)CCC5(C4C=CC6=C7C(C8(CCC7(CCC65C)C(=O)O8)C)(C)O)C)C)O)O)O)O)O"	2.400	"154812506;49802137"	"TeroMol:(TKC065025);PUBCHEM:(154812506 49802137)"	"8388610"	747.430	328	5.465	"645960187755197383"	"645959911065338040"	"2172"	"DECENT"
1	1	0.050	0.050	-244.611	0.994	240.344	"C35H46O12"	"[M + H]+"	"C35H47O12+"	"ARDBHPXCDMNFIY"	"InChI=1S/C35H46O12/c1-12-10-19-34(8,35(9,42)31(41)47-19)24-21(12)33(7)23(26(24)40)20-22(13(2)29(33)44-15(4)37)32(6)17(25(39)28(20)43-14(3)36)11-18-27(46-18)30(32)45-16(5)38/h10,12-13,17-18,20-24,26-30,40,42H,11H2,1-9H3"		"CC1C=C2C(C3C1C4(C(C3O)C5C(C(C4OC(=O)C)C)C6(C(CC7C(C6OC(=O)C)O7)C(=O)C5OC(=O)C)C)C)(C(C(=O)O2)(C)O)C"	2.500	"117724237"	"PUBCHEM:(117724237)"	"2"	659.305	332	5.534	"645960341493222711"	"645959910893371194"	"2106"	"DECENT"
1	1	-Infinity	-Infinity	-513.770	0.028	19.157	"C32H49F2N5O6"	"[M + K]+"	"C32H49F2KN5O6+"	"ZUBYZUAWOJPWQU"	"InChI=1S/C32H49F2N5O6/c1-3-4-15-24(28(41)37-25(20-22-11-7-5-8-12-22)27(40)32(33,34)30(43)35-2)36-29(42)26(21-23-13-9-6-10-14-23)38-31(44)39-16-18-45-19-17-39/h6,9-10,13-14,22,24-27,40H,3-5,7-8,11-12,15-21H2,1-2H3,(H,35,43)(H,36,42)(H,37,41)(H,38,44)"	"N-[(2s)-1-[[(2s)-1-[[(2s,3r)-1-Cyclohexyl-4,4-Difluoro-3-Hydroxy-5-(Methylamino)-5-Oxo-Pentan-2-Yl]amino]-1-Oxo-Hexan-2-Yl]amino]-1-Oxo-3-Phenyl-Propan-2-Yl]morpholine-4-Carboxamide"	"CCCCC(C(=O)NC(CC1CCCCC1)C(C(C(=O)NC)(F)F)O)NC(=O)C(CC2=CC=CC=C2)NC(=O)N3CCOCC3"	4.200	"10077847"	"PUBCHEMANNOTATIONBIO:(null);PUBCHEM:(10077847);PUBMED:(null)"	"16777282"	676.332	332	5.536	"645960140489583881"	"645959910977257436"	"2135"	"DECENT"
1	1	0.189	0.189	-381.793	1.000	146.161	"C20H29NO5"	"[M + H]+"	"C20H30NO5+"	"VINWJYXOFBHHFU"	"InChI=1S/C20H29NO5/c1-12(22)21-8-6-5-7-14(19(25)26-4)18-15-9-13(23)11-20(2,3)16(15)10-17(18)24/h9,14,16,18H,5-8,10-11H2,1-4H3,(H,21,22)"	"Cyclophilin Inhibitor, 3d"	"CC(=O)NCCCCC(C1C(=O)CC2C1=CC(=O)CC2(C)C)C(=O)OC"	0.800	"57339994"	"PUBCHEMANNOTATIONBIO:(null);PUBCHEM:(57339994)"	"16777218"	364.211	333	5.543	"645960152233635639"	"645959908292897758"	"1294"	"BAD"
1	1	0.125	0.125	-419.860	0.002	179.539	"C20H29NO5"	"[M + H]+"	"C20H30NO5+"	"VINWJYXOFBHHFU"	"InChI=1S/C20H29NO5/c1-12(22)21-8-6-5-7-14(19(25)26-4)18-15-9-13(23)11-20(2,3)16(15)10-17(18)24/h9,14,16,18H,5-8,10-11H2,1-4H3,(H,21,22)"	"Cyclophilin Inhibitor, 3d"	"CC(=O)NCCCCC(C1C(=O)CC2C1=CC(=O)CC2(C)C)C(=O)OC"	0.800	"57339994"	"PUBCHEMANNOTATIONBIO:(null);PUBCHEM:(57339994)"	"16777218"	364.211	337	5.622	"645960174123708875"	"645959908288703436"	"1287"	"DECENT"
1	1	0.410	0.410	-100.177	1.000	189.360	"C30H44O5"	"[M + H]+"	"C30H45O5+"	"IFNLAQOFYPJPMQ"	"InChI=1S/C30H44O5/c1-25(2)20-9-12-29(6)21(27(20,4)11-10-22(25)31)8-7-18-19-17-26(3,23(32)33)13-15-30(19,24(34)35)16-14-28(18,29)5/h7,19-21H,8-17H2,1-6H3,(H,32,33)(H,34,35)"	"(2R,4aR,6aS,6bR,12aR)-2,6a,6b,9,9,12a-hexamethyl-10-oxo-3,4,5,6,6a,7,8,8a,11,12,13,14b-dodecahydro-1H-picene-2,4a-dicarboxylic acid"	"CC1(C2CCC3(C(C2(CCC1=O)C)CC=C4C3(CCC5(C4CC(CC5)(C)C(=O)O)C(=O)O)C)C)C"	5.500	"101951534;71724481"	"TeroMol:(TKC120970);PUBCHEM:(101951534 71724481)"	"8388610"	485.326	345	5.752	"645960170202034548"	"645959909756712482"	"1733"	"BAD"
1	1	0.023	0.023	-420.656	0.992	44.594	"C15H29N3O7"	"[M + H]+"	"C15H30N3O7+"	"DTEWXVFKXYHYNL"	"InChI=1S/C15H29N3O7/c1-3-5-7-18(17-23)15(22)16-11-13(21)12(20)10(9-19)25-14(11)24-8-6-4-2/h10-14,19-21H,3-9H2,1-2H3,(H,16,22)"	"alpha-D-Butyl 2-deoxy-2-(3-butyl-3-nitrosoureido)glucopyranoside"	"CCCCN(C(=O)NC1C(C(C(OC1OCCCC)CO)O)O)N=O"	0.837	"3042310"	"PUBCHEMANNOTATIONSAFETYANDTOXIC:(null);PUBCHEM:(3042310);DSSTox:(DTXSID30974866);PUBMED:(null)"	"137506062402"	364.210	347	5.785	"645960160198619170"	"645959908292897766"	"1295"	"DECENT"
1	5	0.055	0.055	-294.840	0.019	29.213	"C19H27N5O"	"[M + Na]+"	"C19H27N5NaO+"	"KNHRZLCAJJLOMM"	"InChI=1S/C19H27N5O/c1-22-19(24-10-4-5-11-24)16(14-21-22)18(25)20-13-15-7-6-12-23-9-3-2-8-17(15)23/h4-5,10-11,14-15,17H,2-3,6-9,12-13H2,1H3,(H,20,25)"	"1-methyl-N-[(octahydro-1H-quinolizin-1-yl)methyl]-5-(1H-pyrrol-1-yl)-1H-pyrazole-4-carboxamide"	"CN1C(=C(C=N1)C(=O)NCC2CCCN3C2CCCC3)N4C=CC=C4"	1.900	"100623339;100906182;100906184;91637882;99992853"	"COCONUT:(CNP0405620);SUPERNATURAL:(SN0190244);PUBCHEM:(100623339 100906182 100906184 91637882 99992853)"	"3145730"	364.210	349	5.817	"645960155761045399"	"645959908292897770"	"1297"	"BAD"
1	1	0.031	0.031	-360.819	0.002	28.125	"C15H29N3O7"	"[M + H]+"	"C15H30N3O7+"	"DTEWXVFKXYHYNL"	"InChI=1S/C15H29N3O7/c1-3-5-7-18(17-23)15(22)16-11-13(21)12(20)10(9-19)25-14(11)24-8-6-4-2/h10-14,19-21H,3-9H2,1-2H3,(H,16,22)"	"alpha-D-Butyl 2-deoxy-2-(3-butyl-3-nitrosoureido)glucopyranoside"	"CCCCN(C(=O)NC1C(C(C(OC1OCCCC)CO)O)O)N=O"	0.837	"3042310"	"PUBCHEMANNOTATIONSAFETYANDTOXIC:(null);PUBCHEM:(3042310);DSSTox:(DTXSID30974866);PUBMED:(null)"	"137506062402"	364.210	350	5.832	"645960177835668033"	"645959908263537593"	"1283"	"BAD"
1	1	0.953	0.953	-54.729	1.000	106.799	"C21H28O5"	"[M + H]+"	"C21H29O5+"	"HRYHMFTVUSXJPA"	"InChI=1S/C21H28O5/c1-12(7-6-8-13(2)15(4)22)9-10-16-19(23)18-17(11-26-21(18)24)14(3)20(16)25-5/h9,13,23H,6-8,10-11H2,1-5H3"	"F01-1358B"	"CC1=C2COC(=O)C2=C(C(=C1OC)CC=C(C)CCCC(C)C(=O)C)O"	4.800	"163063411;163063412;25159382"	"COCONUT:(CNP0353759);SUPERNATURAL:(SN0133811);MESH:(25159382);PUBCHEM:(163063411 163063412 25159382);LOTUS:(Q75067733 Q104168339);PUBMED:(null)"	"271581254"	361.200	350	5.832	"645960204708574816"	"645959908292897781"	"1292"	"DECENT"
1	1	0.215	0.215	-93.252	0.999	280.511	"C30H44O5"	"[M + H]+"	"C30H45O5+"	"IFNLAQOFYPJPMQ"	"InChI=1S/C30H44O5/c1-25(2)20-9-12-29(6)21(27(20,4)11-10-22(25)31)8-7-18-19-17-26(3,23(32)33)13-15-30(19,24(34)35)16-14-28(18,29)5/h7,19-21H,8-17H2,1-6H3,(H,32,33)(H,34,35)"	"(2R,4aR,6aS,6bR,12aR)-2,6a,6b,9,9,12a-hexamethyl-10-oxo-3,4,5,6,6a,7,8,8a,11,12,13,14b-dodecahydro-1H-picene-2,4a-dicarboxylic acid"	"CC1(C2CCC3(C(C2(CCC1=O)C)CC=C4C3(CCC5(C4CC(CC5)(C)C(=O)O)C(=O)O)C)C)C"	5.500	"101951534;71724481"	"TeroMol:(TKC120970);PUBCHEM:(101951534 71724481)"	"8388610"	485.325	352	5.868	"645960291874603669"	"645959909802849947"	"1750"	"DECENT"
1	1	0.338	0.338	-109.768	0.937	125.844	"C30H44O5"	"[M + H3N + H]+"	"C30H48NO5+"	"IFNLAQOFYPJPMQ"	"InChI=1S/C30H44O5/c1-25(2)20-9-12-29(6)21(27(20,4)11-10-22(25)31)8-7-18-19-17-26(3,23(32)33)13-15-30(19,24(34)35)16-14-28(18,29)5/h7,19-21H,8-17H2,1-6H3,(H,32,33)(H,34,35)"	"(2R,4aR,6aS,6bR,12aR)-2,6a,6b,9,9,12a-hexamethyl-10-oxo-3,4,5,6,6a,7,8,8a,11,12,13,14b-dodecahydro-1H-picene-2,4a-dicarboxylic acid"	"CC1(C2CCC3(C(C2(CCC1=O)C)CC=C4C3(CCC5(C4CC(CC5)(C)C(=O)O)C(=O)O)C)C)C"	5.500	"101951534;71724481"	"TeroMol:(TKC120970);PUBCHEM:(101951534 71724481)"	"8388610"	502.352	352	5.871	"645960179827962507"	"645959909890930501"	"1779"	"DECENT"
1	1	0.276	0.320	-81.930	1.000	282.623	"C15H22O2"	"[M + H]+"	"C15H23O2+"	"FUHPCDQQVWLRRY"	"InChI=1S/C15H22O2/c1-9-4-6-12(8-11(3)15(16)17)14-10(2)5-7-13(9)14/h5,8-9,12-14H,4,6-7H2,1-3H3,(H,16,17)"	"3-(3,7-dimethyl-3a,4,5,6,7,7a-hexahydro-1H-inden-4-yl)-2-methylprop-2-enoic acid"	"CC1CCC(C2C1CC=C2C)C=C(C)C(=O)O"	3.400	"162951451;162951452"	"COCONUT:(CNP0222261);TeroMol:(TKC178344);SUPERNATURAL:(SN0095736);PUBCHEM:(162951451 162951452);LOTUS:(Q105001714)"	"279969794"	235.169	353	5.886	"645960188094936053"	"645959905323326726"	"589"	"DECENT"
