"formulaRank"	"molecularFormula"	"adduct"	"precursorFormula"	"NPC#pathway"	"NPC#pathway Probability"	"NPC#superclass"	"NPC#superclass Probability"	"NPC#class"	"NPC#class Probability"	"ClassyFire#superclass"	"ClassyFire#superclass probability"	"ClassyFire#class"	"ClassyFire#class Probability"	"ClassyFire#subclass"	"ClassyFire#subclass Probability"	"ClassyFire#level 5"	"ClassyFire#level 5 Probability"	"ClassyFire#most specific class"	"ClassyFire#most specific class Probability"	"ClassyFire#all classifications"	"ionMass"	"retentionTimeInSeconds"	"retentionTimeInMinutes"	"formulaId"	"alignedFeatureId"	"mappingFeatureId"	"overallFeatureQuality"
2	"C18H23F3N4O6S"	"[M - H]-"	"C18H22F3N4O6S-"	"Alkaloids"	0.450	"Nucleosides"	0.032	"Pyrimidine nucleosides"	0.093	"Organic acids and derivatives"	0.999	"Carboxylic acids and derivatives"	0.936	"Amino acids, peptides, and analogues"	0.518	"Amino acids and derivatives"	0.510	"Amino acids and derivatives"	0.510	"Organic compounds; Organoheterocyclic compounds; Organosulfur compounds; Amino acids, peptides, and analogues; Benzenesulfonamides; Pyrimidines and pyrimidine derivatives; Alkyl aryl ethers; Ethers; Organic acids and derivatives; Carboxylic acids and derivatives; Organohalogen compounds; Organosulfonic acids and derivatives; Organonitrogen compounds; Organooxygen compounds; Amino acids and derivatives; Organic carbonic acids and derivatives; Carboxylic acid amides; Sulfonylureas; Alkyl fluorides; Carboxylic acid derivatives; Sulfonyls; Diazines; Organofluorides; Carbonyl compounds; Benzene and substituted derivatives; Benzenoids; Alkyl halides; Aminosulfonyl compounds; Organic oxides; Azacyclic compounds; Heteroaromatic compounds; Hydrocarbon derivatives; Benzenesulfonyl compounds; Organic sulfonic acids and derivatives; Organopnictogen compounds; Organic oxygen compounds; Organic nitrogen compounds; Chemical entities"	479.124	42	0.695	"645939426261872437"	"645939324986199723"	"2596"	"LOWEST"
1	"C15H26O10"	"[M - H]-"	"C15H25O10-"	"Fatty acids"	0.955	"Fatty acyl glycosides"	0.991	"Fatty acyl glycosides of mono- and disaccharides"	0.772	"Lipids and lipid-like molecules"	0.997	"Saccharolipids"	0.919					"Saccharolipids"	0.919	"Organic compounds; Organoheterocyclic compounds; Carbohydrates and carbohydrate conjugates; Lipids and lipid-like molecules; Alcohols and polyols; Ethers; Organic acids and derivatives; Carboxylic acids and derivatives; Primary alcohols; Organooxygen compounds; Fatty acid esters; Carboxylic acid derivatives; Monocarboxylic acids and derivatives; Carboxylic acids; Carboxylic acid esters; Monosaccharides; Acetals; Secondary alcohols; Tertiary alcohols; Fatty acyl glycosides; Carbonyl compounds; Oxanes; Glycosyl compounds; Alkyl glycosides; O-glycosyl compounds; Polyols; Fatty acyl glycosides of mono- and disaccharides; Fatty Acyls; Saccharolipids; Organic oxides; Oxacyclic compounds; Hydrocarbon derivatives; Organic oxygen compounds; Chemical entities"	365.144	42	0.699	"645939431341174816"	"645939323576911231"	"2131"	"DECENT"
1	"C24H34O13"	"[M - H]-"	"C24H33O13-"	"Terpenoids"	0.499	"Phenylpropanoids (C6-C3)"	0.331	"Cinnamic acids and derivatives"	0.321	"Organic oxygen compounds"	1.000	"Organooxygen compounds"	1.000	"Carbohydrates and carbohydrate conjugates"	0.986	"Glycosyl compounds"	0.928	"Phenolic glycosides"	0.929	"Organic compounds; Organoheterocyclic compounds; Carbohydrates and carbohydrate conjugates; Alcohols and polyols; Phenols; Ethers; Organic acids and derivatives; Carboxylic acids and derivatives; Organooxygen compounds; Monocarboxylic acids and derivatives; Carboxylic acids; Disaccharides; Acetals; Secondary alcohols; Carbonyl compounds; Oxanes; Glycosyl compounds; O-glycosyl compounds; Benzene and substituted derivatives; Polyols; Phenol ethers; Benzenoids; Organic oxides; Oxacyclic compounds; Hydrocarbon derivatives; Phenolic glycosides; Organic oxygen compounds; 1-hydroxy-2-unsubstituted benzenoids; Phenoxy compounds; Chemical entities"	529.192	79	1.312	"645939446633608202"	"645939325418213806"	"2751"	"DECENT"
1	"C10H14O3"	"[M - H]-"	"C10H13O3-"	"Terpenoids"	0.992	"Monoterpenoids"	0.591	"Camphane monoterpenoids"	0.035	"Lipids and lipid-like molecules"	0.869	"Prenol lipids"	0.878	"Monoterpenoids"	0.813	"Bicyclic monoterpenoids"	0.687	"Bicyclic monoterpenoids"	0.687	"Organic compounds; Lipids and lipid-like molecules; Ketones; Prenol lipids; Organic acids and derivatives; Carboxylic acids and derivatives; Organooxygen compounds; Monocarboxylic acids and derivatives; Carboxylic acids; Monoterpenoids; Bicyclic monoterpenoids; Carbonyl compounds; Organic oxides; Hydrocarbon derivatives; Organic oxygen compounds; Chemical entities"	181.086	91	1.522	"645939476950039333"	"645939318795398645"	"720"	"DECENT"
1	"C26H32O12"	"[M - H]-"	"C26H31O12-"	"Shikimates and Phenylpropanoids"	1.000	"Lignans"	1.000	"Dibenzylbutyrolactone lignans"	0.994	"Lignans, neolignans and related compounds"	0.999	"Lignan glycosides"	0.998					"Lignan glycosides"	0.998	"Organic compounds; Organoheterocyclic compounds; Carbohydrates and carbohydrate conjugates; Lipids and lipid-like molecules; Lactones; Alkyl aryl ethers; Alcohols and polyols; Phenols; Anisoles; Methoxyphenols; Ethers; Organic acids and derivatives; Carboxylic acids and derivatives; Primary alcohols; Organooxygen compounds; Carboxylic acid derivatives; Monocarboxylic acids and derivatives; Carboxylic acid esters; Gamma butyrolactones; Lignans, neolignans and related compounds; Lignan lactones; Lignan glycosides; Monosaccharides; Tetrahydrofuran lignans; Dibenzylbutyrolactone lignans; Acetals; Secondary alcohols; Tertiary alcohols; Fatty acyl glycosides; Carbonyl compounds; Oxolanes; Oxanes; Glycosyl compounds; Alkyl glycosides; O-glycosyl compounds; Benzene and substituted derivatives; Polyols; Phenol ethers; Benzenoids; Tetrahydrofurans; 9,9'-epoxylignans; Furanoid lignans; Fatty acyl glycosides of mono- and disaccharides; Fatty Acyls; Organic oxides; Methoxybenzenes; Oxacyclic compounds; Hydrocarbon derivatives; Phenolic glycosides; Organic oxygen compounds; 1-hydroxy-2-unsubstituted benzenoids; Phenoxy compounds; Chemical entities"	535.181	136	2.267	"645939691337706357"	"645939325493711422"	"2777"	"DECENT"
2	"C26H32O12"	"[M + CH2O2 - H]-"	"C27H33O14-"	"Shikimates and Phenylpropanoids"	1.000	"Lignans"	1.000	"Dibenzylbutyrolactone lignans"	0.995	"Lignans, neolignans and related compounds"	0.999	"Lignan glycosides"	0.999					"Lignan glycosides"	0.999	"Organic compounds; Organoheterocyclic compounds; Carbohydrates and carbohydrate conjugates; Lipids and lipid-like molecules; Lactones; Alkyl aryl ethers; Alcohols and polyols; Phenols; Anisoles; Methoxyphenols; Ethers; Organic acids and derivatives; Carboxylic acids and derivatives; Primary alcohols; Organooxygen compounds; Carboxylic acid derivatives; Monocarboxylic acids and derivatives; Carboxylic acid esters; Gamma butyrolactones; Lignans, neolignans and related compounds; Lignan lactones; Lignan glycosides; Monosaccharides; Tetrahydrofuran lignans; Dibenzylbutyrolactone lignans; Acetals; Secondary alcohols; Tertiary alcohols; Fatty acyl glycosides; Carbonyl compounds; Oxolanes; Oxanes; Glycosyl compounds; Alkyl glycosides; O-glycosyl compounds; Benzene and substituted derivatives; Polyols; Phenol ethers; Benzenoids; Tetrahydrofurans; 9,9'-epoxylignans; Furanoid lignans; Fatty acyl glycosides of mono- and disaccharides; Fatty Acyls; Organic oxides; Methoxybenzenes; Oxacyclic compounds; Hydrocarbon derivatives; Phenolic glycosides; Organic oxygen compounds; 1-hydroxy-2-unsubstituted benzenoids; Phenoxy compounds; Chemical entities"	581.187	136	2.267	"645939490455698733"	"645939325674066887"	"2841"	"DECENT"
1	"C21H22O10"	"[M - H]-"	"C21H21O10-"	"Shikimates and Phenylpropanoids"	1.000	"Flavonoids"	0.999	"Flavanones"	0.997	"Phenylpropanoids and polyketides"	0.997	"Flavonoids"	0.999	"Flavonoid glycosides"	0.996	"Flavonoid O-glycosides"	0.991	"Flavonoid-7-O-glycosides"	0.577	"Organic compounds; Organoheterocyclic compounds; Carbohydrates and carbohydrate conjugates; Ketones; Benzopyrans; Alkyl aryl ethers; Alcohols and polyols; Phenols; Chromones; Ethers; Phenylpropanoids and polyketides; Primary alcohols; Organooxygen compounds; Flavonoids; Flavans; Flavonoid glycosides; Hexoses; Monosaccharides; Flavonoid O-glycosides; Flavanones; Acetals; Secondary alcohols; Carbonyl compounds; Oxanes; Glycosyl compounds; O-glycosyl compounds; Benzene and substituted derivatives; Polyols; Benzenoids; 4'-hydroxyflavonoids; Hydroxyflavonoids; 1-benzopyrans; Flavonoid-7-O-glycosides; Aryl ketones; Aryl alkyl ketones; Organic oxides; Oxacyclic compounds; Hydrocarbon derivatives; Phenolic glycosides; Organic oxygen compounds; 1-hydroxy-2-unsubstituted benzenoids; 1-hydroxy-4-unsubstituted benzenoids; Chemical entities"	433.113	177	2.947	"645939477751151444"	"645939325095251818"	"2634"	"DECENT"
1	"C11H10N4O4S"	"[M - H]-"	"C11H9N4O4S-"	"Alkaloids"	0.636	"Histidine alkaloids"	0.217	"Imidazole alkaloids"	0.218	"Organoheterocyclic compounds"	0.999	"Thiophenes"	0.743					"Thiophenes"	0.743	"Organic compounds; Organoheterocyclic compounds; Organosulfur compounds; Thiophenes; Organonitrogen compounds; Organooxygen compounds; Organic oxides; Azacyclic compounds; Heteroaromatic compounds; Hydrocarbon derivatives; Organopnictogen compounds; Organic oxygen compounds; Organic nitrogen compounds; Chemical entities"	293.035	178	2.974	"645939479789583249"	"645939321936935459"	"1497"	"BAD"
1	"C14H15ClO6"	"[M - H]-"	"C14H14ClO6-"	"Polyketides"	0.873	"Coumarins"	0.750	"Isocoumarins"	0.917	"Phenylpropanoids and polyketides"	0.671	"Isocoumarins and derivatives"	0.787					"Isocoumarins and derivatives"	0.787	"Organic compounds; Organoheterocyclic compounds; Lactones; Pyrans; Ketones; Benzopyrans; Alcohols and polyols; Phenols; Ethers; Phenylpropanoids and polyketides; Organic acids and derivatives; Organohalogen compounds; Organooxygen compounds; Pyranones and derivatives; Alkyl chlorides; Organochlorides; Secondary alcohols; Isocoumarins and derivatives; Benzenoids; Halohydrins; Chlorohydrins; Alkyl halides; 2-benzopyrans; Vinylogous acids; Organic oxides; Oxacyclic compounds; Heteroaromatic compounds; Hydrocarbon derivatives; Organic oxygen compounds; 1-hydroxy-2-unsubstituted benzenoids; 1-hydroxy-4-unsubstituted benzenoids; Chemical entities"	313.048	185	3.079	"645939501507690457"	"645939322729660224"	"1812"	"DECENT"
1	"C54H86O26"	"[M - H]-"	"C54H85O26-"	"Terpenoids"	0.998	"Triterpenoids"	0.997	"Oleanane triterpenoids"	0.925	"Lipids and lipid-like molecules"	0.996	"Prenol lipids"	0.993	"Terpene glycosides"	0.971	"Triterpene glycosides"	0.950	"Triterpene saponins"	0.950	"Organic compounds; Organoheterocyclic compounds; Carbohydrates and carbohydrate conjugates; Lipids and lipid-like molecules; Pyrans; Alcohols and polyols; Oligosaccharides; Sugar acids and derivatives; Ethers; Prenol lipids; Organic acids and derivatives; Carboxylic acids and derivatives; Primary alcohols; Organooxygen compounds; Dicarboxylic acids and derivatives; Glucuronides; Hydroxy acids and derivatives; Carboxylic acid derivatives; Carboxylic acids; Carboxylic acid esters; Cyclic alcohols and derivatives; Triterpenoids; Triterpene glycosides; Acetals; Secondary alcohols; Beta hydroxy acids and derivatives; Fatty acyl glycosides; Carbonyl compounds; Oxanes; Terpene glycosides; Glucuronic acid derivatives; Glycosyl compounds; O-glycosyl compounds; Polyols; Triterpene saponins; O-glucuronides; Fatty Acyls; Organic oxides; Oxacyclic compounds; Hydrocarbon derivatives; Organic oxygen compounds; Chemical entities"	1149.532	187	3.120	"645939639022148239"	"645939326303213856"	"3053"	"DECENT"
1	"C14H15ClO6"	"[M - H]-"	"C14H14ClO6-"	"Polyketides"	0.999	"Macrolides"	0.996	"Zearalenones"	0.999	"Phenylpropanoids and polyketides"	0.701	"Macrolides and analogues"	0.566					"Macrolides and analogues"	0.566	"Organic compounds; Organoheterocyclic compounds; Lactones; Ketones; Phenols; Macrolides and analogues; Ethers; Phenylpropanoids and polyketides; Organic acids and derivatives; Carboxylic acids and derivatives; Organohalogen compounds; Organooxygen compounds; Aryl chlorides; Carboxylic acid derivatives; Monocarboxylic acids and derivatives; Carboxylic acid esters; Organochlorides; Carbonyl compounds; Benzenoids; Aryl halides; Cyclic ketones; Vinylogous acids; Organic oxides; Oxacyclic compounds; Hydrocarbon derivatives; Organic oxygen compounds; 1-hydroxy-2-unsubstituted benzenoids; Chemical entities"	313.048	192	3.207	"645939488140442795"	"645939322704494357"	"1797"	"DECENT"
1	"C14H15ClO6"	"[M - H]-"	"C14H14ClO6-"	"Polyketides"	0.998	"Macrolides"	0.986	"Zearalenones"	0.991	"Benzenoids"	0.971	"Phenols"	0.580	"1-hydroxy-2-unsubstituted benzenoids"	0.527			"1-hydroxy-2-unsubstituted benzenoids"	0.527	"Organic compounds; Organoheterocyclic compounds; Lactones; Ketones; Phenols; Ethers; Phenylpropanoids and polyketides; Organic acids and derivatives; Carboxylic acids and derivatives; Organohalogen compounds; Organooxygen compounds; Aryl chlorides; Carboxylic acid derivatives; Monocarboxylic acids and derivatives; Dialkyl ethers; Carboxylic acid esters; Organochlorides; Carbonyl compounds; Benzenoids; Aryl halides; Cyclic ketones; Vinylogous acids; Organic oxides; Oxacyclic compounds; Hydrocarbon derivatives; Organic oxygen compounds; 1-hydroxy-2-unsubstituted benzenoids; Chemical entities"	313.048	221	3.676	"645939488887028948"	"645939322733854536"	"1813"	"DECENT"
1	"C43H68O17"	"[M - H]-"	"C43H67O17-"	"Terpenoids"	0.998	"Triterpenoids"	0.996	"Oleanane triterpenoids"	0.889	"Lipids and lipid-like molecules"	0.994	"Prenol lipids"	0.977	"Triterpenoids"	0.990			"Triterpenoids"	0.990	"Organic compounds; Organoheterocyclic compounds; Carbohydrates and carbohydrate conjugates; Lipids and lipid-like molecules; Alcohols and polyols; Ethers; Steroids and steroid derivatives; Prenol lipids; Organic acids and derivatives; Carboxylic acids and derivatives; Primary alcohols; Organooxygen compounds; Dicarboxylic acids and derivatives; Monocarboxylic acids and derivatives; Carboxylic acids; Disaccharides; Triterpenoids; Acetals; Secondary alcohols; Carbonyl compounds; Oxanes; Glycosyl compounds; O-glycosyl compounds; Polyols; Organic oxides; Oxacyclic compounds; Hydrocarbon derivatives; Organic oxygen compounds; Chemical entities"	855.438	299	4.981	"645939608579887952"	"645939326219327556"	"3018"	"DECENT"
1	"C16H30N2O5"	"[M - H]-"	"C16H29N2O5-"	"Fatty acids"	0.972	"Fatty amides"	0.993	"N-acyl amines"	0.942	"Organic acids and derivatives"	1.000	"Carboxylic acids and derivatives"	1.000	"Amino acids, peptides, and analogues"	1.000	"Amino acids and derivatives"	1.000	"N-acyl-alpha amino acids"	0.996	"Organic compounds; Lipids and lipid-like molecules; Amino acids, peptides, and analogues; Alpha amino acids and derivatives; Alcohols and polyols; Fatty acids and conjugates; Organic acids and derivatives; Carboxylic acids and derivatives; Organonitrogen compounds; Organooxygen compounds; Fatty amides; Amino acids and derivatives; Carboxylic acid amides; Carboxylic acid derivatives; N-acyl amines; Monocarboxylic acids and derivatives; N-acyl-alpha amino acids and derivatives; Carboxylic acids; Secondary alcohols; Primary carboxylic acid amides; Secondary carboxylic acid amides; Carbonyl compounds; N-acyl-alpha amino acids; Fatty Acyls; Organic oxides; Hydrocarbon derivatives; Asparagine and derivatives; Organopnictogen compounds; Organic oxygen compounds; Organic nitrogen compounds; Chemical entities"	329.208	301	5.008	"645939503634202753"	"645939323035845011"	"1934"	"DECENT"
1	"C42H66O15"	"[M - H]-"	"C42H65O15-"	"Terpenoids"	1.000	"Triterpenoids"	1.000	"Oleanane triterpenoids"	0.985	"Lipids and lipid-like molecules"	0.995	"Prenol lipids"	0.995	"Triterpenoids"	0.998			"Triterpenoids"	0.998	"Organic compounds; Organoheterocyclic compounds; Carbohydrates and carbohydrate conjugates; Lipids and lipid-like molecules; Alcohols and polyols; Ethers; Steroids and steroid derivatives; Prenol lipids; Organic acids and derivatives; Carboxylic acids and derivatives; Primary alcohols; Organooxygen compounds; Dicarboxylic acids and derivatives; Carboxylic acid derivatives; Carboxylic acids; Carboxylic acid esters; Disaccharides; Triterpenoids; Acetals; Secondary alcohols; Carbonyl compounds; Oxanes; Glycosyl compounds; O-glycosyl compounds; Polyols; Methyl esters; Organic oxides; Oxacyclic compounds; Hydrocarbon derivatives; Organic oxygen compounds; Chemical entities"	809.430	302	5.029	"645939558789302382"	"645939326164801483"	"2998"	"DECENT"
1	"C42H66O15"	"[M + CH2O2 - H]-"	"C43H67O17-"	"Terpenoids"	0.999	"Triterpenoids"	0.995	"Oleanane triterpenoids"	0.836	"Lipids and lipid-like molecules"	0.995	"Prenol lipids"	0.972	"Triterpenoids"	0.985			"Triterpenoids"	0.985	"Organic compounds; Organoheterocyclic compounds; Carbohydrates and carbohydrate conjugates; Lipids and lipid-like molecules; Alcohols and polyols; Ethers; Steroids and steroid derivatives; Prenol lipids; Organic acids and derivatives; Carboxylic acids and derivatives; Primary alcohols; Organooxygen compounds; Monocarboxylic acids and derivatives; Carboxylic acids; Disaccharides; Triterpenoids; Acetals; Secondary alcohols; Carbonyl compounds; Oxanes; Glycosyl compounds; O-glycosyl compounds; Polyols; Organic oxides; Oxacyclic compounds; Hydrocarbon derivatives; Organic oxygen compounds; Chemical entities"	855.438	302	5.031	"645939602124853576"	"645939326206744622"	"3014"	"DECENT"
1	"C35H56O8"	"[M - H]-"	"C35H55O8-"	"Terpenoids"	0.997	"Triterpenoids"	0.990	"Oleanane triterpenoids"	0.713	"Lipids and lipid-like molecules"	0.998	"Prenol lipids"	0.964	"Triterpenoids"	0.974			"Triterpenoids"	0.974	"Organic compounds; Organoheterocyclic compounds; Carbohydrates and carbohydrate conjugates; Lipids and lipid-like molecules; Alcohols and polyols; Ethers; Steroids and steroid derivatives; Prenol lipids; Organic acids and derivatives; Carboxylic acids and derivatives; Primary alcohols; Organooxygen compounds; Monocarboxylic acids and derivatives; Carboxylic acids; Cyclic alcohols and derivatives; Hydroxysteroids; Monosaccharides; Triterpenoids; Acetals; Secondary alcohols; Carbonyl compounds; Oxanes; Glycosyl compounds; O-glycosyl compounds; Polyols; Organic oxides; Oxacyclic compounds; Hydrocarbon derivatives; Organic oxygen compounds; Chemical entities"	603.390	314	5.237	"645939509028077998"	"645939325757953140"	"2863"	"DECENT"
2	"C35H56O8"	"[M + CH2O2 - H]-"	"C36H57O10-"	"Terpenoids"	0.998	"Triterpenoids"	0.996	"Oleanane triterpenoids"	0.794	"Lipids and lipid-like molecules"	0.998	"Prenol lipids"	0.973	"Triterpenoids"	0.991			"Triterpenoids"	0.991	"Organic compounds; Organoheterocyclic compounds; Carbohydrates and carbohydrate conjugates; Lipids and lipid-like molecules; Alcohols and polyols; Ethers; Steroids and steroid derivatives; Prenol lipids; Organic acids and derivatives; Carboxylic acids and derivatives; Primary alcohols; Organooxygen compounds; Monocarboxylic acids and derivatives; Carboxylic acids; Cyclic alcohols and derivatives; Monosaccharides; Triterpenoids; Acetals; Secondary alcohols; Carbonyl compounds; Oxanes; Glycosyl compounds; O-glycosyl compounds; Polyols; Organic oxides; Oxacyclic compounds; Hydrocarbon derivatives; Organic oxygen compounds; Chemical entities"	649.395	314	5.237	"645939515755741952"	"645939325908948344"	"2917"	"DECENT"
1	"C34H40O16"	"[M - H]-"	"C34H39O16-"	"Shikimates and Phenylpropanoids"	1.000	"Flavonoids"	0.997	"Flavonols"	0.955	"Phenylpropanoids and polyketides"	0.997	"Flavonoids"	0.998	"Flavonoid glycosides"	0.996	"Flavonoid O-glycosides"	0.986	"Flavonoid-3-O-glycosides"	0.955	"Organic compounds; Organoheterocyclic compounds; Carbohydrates and carbohydrate conjugates; Pyrans; Benzopyrans; Alcohols and polyols; Phenols; Chromones; Ethers; Phenylpropanoids and polyketides; Organic acids and derivatives; Carboxylic acids and derivatives; Organooxygen compounds; Flavonoids; Pyranones and derivatives; Carboxylic acid derivatives; Flavonoid glycosides; Monocarboxylic acids and derivatives; Carboxylic acid esters; Disaccharides; Flavonoid O-glycosides; Flavones; Acetals; Secondary alcohols; Carbonyl compounds; Oxanes; Glycosyl compounds; O-glycosyl compounds; Benzene and substituted derivatives; Polyols; Benzenoids; 4'-hydroxyflavonoids; Hydroxyflavonoids; 5-hydroxyflavonoids; 7-hydroxyflavonoids; 1-benzopyrans; 8-prenylated flavones; Flavonoid-3-O-glycosides; Flavonoid-7-O-glycosides; Vinylogous acids; Organic oxides; Oxacyclic compounds; Heteroaromatic compounds; Hydrocarbon derivatives; Phenolic glycosides; Organic oxygen compounds; 1-hydroxy-2-unsubstituted benzenoids; Chemical entities"	703.224	318	5.300	"645939536114894281"	"645939326022194744"	"2946"	"DECENT"
1	"C18H16O9"	"[M - H]-"	"C18H15O9-"	"Polyketides"	0.998	"Aromatic polyketides"	1.000	"Depsides and depsidones"	1.000	"Phenylpropanoids and polyketides"	0.870	"Depsides and depsidones"	0.982					"Depsides and depsidones"	0.982	"Organic compounds; Organoheterocyclic compounds; Lactones; Phenols; Benzoic acids and derivatives; Ethers; Phenylpropanoids and polyketides; Organic acids and derivatives; Carboxylic acids and derivatives; Organooxygen compounds; Dicarboxylic acids and derivatives; Salicylic acid and derivatives; Carboxylic acid derivatives; Carboxylic acids; Carboxylic acid esters; Hydroxybenzoic acid derivatives; Cresols; Depsides and depsidones; Benzene and substituted derivatives; Phenol ethers; Benzenoids; Diarylethers; Dioxepines; 1,4-dioxepines; Vinylogous acids; Organic oxides; Oxacyclic compounds; Hydrocarbon derivatives; Organic oxygen compounds; 1-hydroxy-2-unsubstituted benzenoids; Chemical entities"	375.072	331	5.511	"645939566292912557"	"645939325787313328"	"2880"	"DECENT"
1	"C23H24O7"	"[M - H]-"	"C23H23O7-"	"Shikimates and Phenylpropanoids"	0.488	"Lignans"	0.077	"Sorbicilinoids"	0.052	"Benzenoids"	0.910	"Phenols"	0.701	"1-hydroxy-2-unsubstituted benzenoids"	0.598			"1-hydroxy-2-unsubstituted benzenoids"	0.598	"Organic compounds; Organoheterocyclic compounds; Ketones; Phenols; Ethers; Organic acids and derivatives; Carboxylic acids and derivatives; Organooxygen compounds; Dicarboxylic acids and derivatives; Carboxylic acid derivatives; Dialkyl ethers; Carboxylic acid esters; Tertiary alcohols; Carbonyl compounds; Benzene and substituted derivatives; Benzenoids; Methyl esters; Organic oxides; Oxacyclic compounds; Hydrocarbon derivatives; Organic oxygen compounds; 1-hydroxy-2-unsubstituted benzenoids; Chemical entities"	411.144	331	5.524	"645939520247841646"	"645939324227029532"	"2368"	"BAD"
1	"C46H74O15"	"[M - H]-"	"C46H73O15-"	"Terpenoids"	0.996	"Triterpenoids"	0.987	"Oleanane triterpenoids"	0.730	"Lipids and lipid-like molecules"	0.986	"Prenol lipids"	0.975	"Terpene glycosides"	0.945	"Triterpene glycosides"	0.960	"Triterpene saponins"	0.960	"Organic compounds; Organoheterocyclic compounds; Carbohydrates and carbohydrate conjugates; Lipids and lipid-like molecules; Alcohols and polyols; Oligosaccharides; Ethers; Steroids and steroid derivatives; Prenol lipids; Primary alcohols; Organooxygen compounds; Dialkyl ethers; Cyclic alcohols and derivatives; Disaccharides; Triterpenoids; Triterpene glycosides; Acetals; Secondary alcohols; Oxepanes; Carbonyl compounds; Oxanes; Terpene glycosides; Glycosyl compounds; O-glycosyl compounds; Polyols; Triterpene saponins; Organic oxides; Oxacyclic compounds; Hydrocarbon derivatives; Organic oxygen compounds; Chemical entities"	865.495	344	5.740	"645939531446633773"	"645939326185773055"	"3004"	"BAD"
2	"C23H20N6O2"	"[M - H]-"	"C23H19N6O2-"	"Alkaloids"	0.686	"Histidine alkaloids"	0.069	"Imidazole alkaloids"	0.069	"Organoheterocyclic compounds"	0.999	"Azoles"	0.979	"Tetrazoles"	0.853	"Phenyltetrazoles and derivatives"	0.586	"Phenyltetrazoles and derivatives"	0.586	"Organic compounds; Organoheterocyclic compounds; Triazoles; Tetrazoles; Alkyl aryl ethers; Ethers; Organonitrogen compounds; Phenyltetrazoles and derivatives; Organooxygen compounds; Azoles; Benzene and substituted derivatives; Substituted imidazoles; N-substituted imidazoles; Phenol ethers; Benzenoids; Azacyclic compounds; Heteroaromatic compounds; Hydrocarbon derivatives; Organopnictogen compounds; Organic oxygen compounds; Organic nitrogen compounds; Phenoxy compounds; Chemical entities"	411.160	348	5.798	"645939530515498229"	"645939324235418159"	"2372"	"LOWEST"
1	"C27H32O8"	"[M + CH2O2 - H]-"	"C28H33O10-"	"Shikimates and Phenylpropanoids"	0.828	"Coumarins"	0.766	"Isocoumarins"	0.974	"Organic oxygen compounds"	1.000	"Organooxygen compounds"	1.000	"Ethers"	0.700	"Diarylethers"	0.711	"Diarylethers"	0.711	"Organic compounds; Organoheterocyclic compounds; Lactones; Pyrans; Ketones; Benzopyrans; Phenols; Resorcinols; Benzoic acids and derivatives; Ethers; Phenylpropanoids and polyketides; Organic acids and derivatives; Carboxylic acids and derivatives; Benzoyl derivatives; Organooxygen compounds; Pyranones and derivatives; Salicylic acid and derivatives; Monocarboxylic acids and derivatives; Carboxylic acids; Hydroxybenzoic acid derivatives; Benzenediols; Isocoumarins and derivatives; Benzene and substituted derivatives; Phenol ethers; Benzenoids; Diarylethers; Salicylic acids; Benzoic acids; 2-benzopyrans; Vinylogous acids; Organic oxides; Oxacyclic compounds; Heteroaromatic compounds; Hydrocarbon derivatives; Organic oxygen compounds; 1-hydroxy-2-unsubstituted benzenoids; 1-hydroxy-4-unsubstituted benzenoids; Phenoxy compounds; Chemical entities"	529.207	350	5.834	"645939728151116272"	"645939325422408123"	"2752"	"DECENT"
1	"C27H32O8"	"[M - H]-"	"C27H31O8-"	"Shikimates and Phenylpropanoids"	0.684	"Coumarins"	0.722	"Isocoumarins"	0.955	"Organic oxygen compounds"	1.000	"Organooxygen compounds"	1.000	"Ethers"	0.960	"Diarylethers"	0.959	"Diarylethers"	0.959	"Organic compounds; Organoheterocyclic compounds; Lactones; Pyrans; Ketones; Benzopyrans; Phenols; Resorcinols; Benzoic acids and derivatives; Ethers; Phenylpropanoids and polyketides; Organic acids and derivatives; Carboxylic acids and derivatives; Organooxygen compounds; Dicarboxylic acids and derivatives; Pyranones and derivatives; Salicylic acid and derivatives; Carboxylic acid derivatives; Carboxylic acids; Carboxylic acid esters; Hydroxybenzoic acid derivatives; Benzenediols; Carbonyl compounds; Isocoumarins and derivatives; Benzene and substituted derivatives; Phenol ethers; Benzenoids; Diarylethers; Salicylic acids; Benzoic acids; 2-benzopyrans; Vinylogous acids; Vinylogous esters; Organic oxides; Oxacyclic compounds; Heteroaromatic compounds; Hydrocarbon derivatives; Organic oxygen compounds; 1-hydroxy-2-unsubstituted benzenoids; 1-hydroxy-4-unsubstituted benzenoids; Chemical entities"	483.201	350	5.834	"645939548471314260"	"645939325481128493"	"2775"	"DECENT"
1	"C18H16O9"	"[M - H]-"	"C18H15O9-"	"Polyketides"	1.000	"Aromatic polyketides"	1.000	"Depsides and depsidones"	1.000	"Phenylpropanoids and polyketides"	0.947	"Depsides and depsidones"	0.996					"Depsides and depsidones"	0.996	"Organic compounds; Organoheterocyclic compounds; Lactones; Alkyl aryl ethers; Phenols; Anisoles; Benzoic acids and derivatives; Ethers; Phenylpropanoids and polyketides; Organic acids and derivatives; Carboxylic acids and derivatives; Organooxygen compounds; Dicarboxylic acids and derivatives; Salicylic acid and derivatives; Carboxylic acid derivatives; Carboxylic acids; Carboxylic acid esters; Hydroxybenzoic acid derivatives; Depsides and depsidones; Benzene and substituted derivatives; Phenol ethers; Methoxybenzoic acids and derivatives; Benzenoids; Diarylethers; Dioxepines; 1,4-dioxepines; Vinylogous acids; Organic oxides; Oxacyclic compounds; Hydrocarbon derivatives; Organic oxygen compounds; 1-hydroxy-2-unsubstituted benzenoids; Chemical entities"	375.072	351	5.852	"645939578829687898"	"645939325783119018"	"2874"	"DECENT"
1	"C18H16O9"	"[M - H]-"	"C18H15O9-"	"Polyketides"	0.999	"Aromatic polyketides"	1.000	"Depsides and depsidones"	1.000	"Phenylpropanoids and polyketides"	0.923	"Depsides and depsidones"	0.994					"Depsides and depsidones"	0.994	"Organic compounds; Organoheterocyclic compounds; Lactones; Phenols; Benzoic acids and derivatives; Ethers; Phenylpropanoids and polyketides; Organic acids and derivatives; Carboxylic acids and derivatives; Organooxygen compounds; Dicarboxylic acids and derivatives; Salicylic acid and derivatives; Carboxylic acid derivatives; Carboxylic acids; Carboxylic acid esters; Hydroxybenzoic acid derivatives; Cresols; Depsides and depsidones; Benzene and substituted derivatives; Phenol ethers; Benzenoids; Diarylethers; Dioxepines; 1,4-dioxepines; Vinylogous acids; Organic oxides; Oxacyclic compounds; Hydrocarbon derivatives; Organic oxygen compounds; 1-hydroxy-2-unsubstituted benzenoids; Chemical entities"	375.072	358	5.968	"645939576191470453"	"645939325799896246"	"2881"	"DECENT"
2	"C11H20N6"	"[M - H]-"	"C11H19N6-"	"Alkaloids"	0.994	"Histidine alkaloids"	0.400	"Imidazole alkaloids"	0.400	"Organoheterocyclic compounds"	1.000	"Triazines"	0.921	"Aminotriazines"	0.926	"1,3,5-triazine-2,4-diamines"	0.554	"1,3,5-triazine-2,4-diamines"	0.554	"Organic compounds; Organoheterocyclic compounds; Triazines; Organonitrogen compounds; Azoles; Aminotriazines; Amines; N-aliphatic s-triazines; 1,3,5-triazines; Azacyclic compounds; Heteroaromatic compounds; Hydrocarbon derivatives; Organopnictogen compounds; Organic nitrogen compounds; 1,3,5-triazine-2,4-diamines; Chemical entities"	235.170	364	6.063	"645939555861678163"	"645939320796083240"	"1124"	"BAD"
