"formulaRank"	"molecularFormula"	"adduct"	"precursorFormula"	"NPC#pathway"	"NPC#pathway Probability"	"NPC#superclass"	"NPC#superclass Probability"	"NPC#class"	"NPC#class Probability"	"ClassyFire#superclass"	"ClassyFire#superclass probability"	"ClassyFire#class"	"ClassyFire#class Probability"	"ClassyFire#subclass"	"ClassyFire#subclass Probability"	"ClassyFire#level 5"	"ClassyFire#level 5 Probability"	"ClassyFire#most specific class"	"ClassyFire#most specific class Probability"	"ClassyFire#all classifications"	"ionMass"	"retentionTimeInSeconds"	"retentionTimeInMinutes"	"formulaId"	"alignedFeatureId"	"mappingFeatureId"	"overallFeatureQuality"
17	"C11H19FO9"	"[M + H3N + H]+"	"C11H23FNO9+"	"Carbohydrates"	0.923	"Saccharides"	0.893	"Disaccharides"	0.705	"Lipids and lipid-like molecules"	0.632	"Fatty Acyls"	0.680	"Fatty acyl glycosides"	0.528	"Fatty acyl glycosides of mono- and disaccharides"	0.527	"Fatty acyl glycosides of mono- and disaccharides"	0.527	"Organic compounds; Organoheterocyclic compounds; Carbohydrates and carbohydrate conjugates; Lipids and lipid-like molecules; Alcohols and polyols; Ethers; Carboxylic acids and derivatives; Organohalogen compounds; Primary alcohols; Organooxygen compounds; Monocarboxylic acids and derivatives; Carboxylic acids; Hexoses; Monosaccharides; Acetals; Secondary alcohols; Fatty acyl glycosides; Carbonyl compounds; Oxanes; Glycosyl compounds; O-glycosyl compounds; Polyols; Alkyl halides; Fatty acyl glycosides of mono- and disaccharides; Fatty Acyls; Organic oxides; Oxacyclic compounds; Hydrocarbon derivatives; Organic oxygen compounds; Chemical entities"	332.134	28	0.469	"645957276956677963"	"645957165342043430"	"962"	"DECENT"
19	"C13H26N5O5P"	"[M + H]+"	"C13H27N5O5P+"	"Carbohydrates"	0.830	"Nucleosides"	0.875	"Purine nucleotides"	0.907	"Organoheterocyclic compounds"	0.990	"Imidazopyrimidines"	0.999	"Purines and purine derivatives"	0.998	"6-aminopurines"	0.991	"6-aminopurines"	0.991	"Organic compounds; Organoheterocyclic compounds; Pyrimidines and pyrimidine derivatives; Imidazoles; Purines and purine derivatives; Organic acids and derivatives; Organonitrogen compounds; Organooxygen compounds; Organic phosphoric acids and derivatives; Phosphate esters; Azoles; Monoalkylamines; Aminopyrimidines and derivatives; Diazines; Imidazopyrimidines; Substituted imidazoles; N-substituted imidazoles; Amines; Primary amines; 6-aminopurines; Alkyl phosphates; Imidolactams; Organic oxides; Azacyclic compounds; Heteroaromatic compounds; Hydrocarbon derivatives; Organopnictogen compounds; Organic oxygen compounds; Organic nitrogen compounds; Chemical entities"	364.175	122	2.026	"645957239325380228"	"645957165715336949"	"1049"	"DECENT"
1	"C19H25NO6"	"[M + H]+"	"C19H26NO6+"	"Alkaloids"	0.974	"Tyrosine alkaloids"	0.661	"Pyrrolidine alkaloids"	0.128	"Organoheterocyclic compounds"	0.808	"Pyrrolidines"	0.569	"Phenylpyrrolidines"	0.519			"Phenylpyrrolidines"	0.519	"Organic compounds; Organoheterocyclic compounds; Alkyl aryl ethers; Phenols; Anisoles; Lactams; Methoxyphenols; Pyrrolidines; Ethers; Organic acids and derivatives; Carboxylic acids and derivatives; Organonitrogen compounds; Organooxygen compounds; Carboxylic acid derivatives; Carbonyl compounds; Benzene and substituted derivatives; Phenylpyrrolidines; Phenol ethers; Benzenoids; Amines; Pyrrolidine-2-ones; Aralkylamines; Organic oxides; Methoxybenzenes; Azacyclic compounds; Hydrocarbon derivatives; Organopnictogen compounds; Organic oxygen compounds; Organic nitrogen compounds; Phenoxy compounds; Chemical entities"	364.175	129	2.142	"645957235097521492"	"645957165740502819"	"1063"	"DECENT"
1	"C18H32O5"	"[M + H]+"	"C18H33O5+"	"Fatty acids"	0.997	"Octadecanoids"	0.774	"Other Octadecanoids"	0.610	"Lipids and lipid-like molecules"	0.982	"Fatty Acyls"	0.974	"Fatty acids and conjugates"	0.906	"Long-chain fatty acids"	0.830	"Long-chain fatty acids"	0.830	"Organic compounds; Lipids and lipid-like molecules; Alcohols and polyols; Fatty acids and conjugates; Organic acids and derivatives; Carboxylic acids and derivatives; Organooxygen compounds; Unsaturated fatty acids; Hydroxy fatty acids; Monocarboxylic acids and derivatives; Carboxylic acids; Secondary alcohols; Carbonyl compounds; Long-chain fatty acids; Fatty Acyls; Organic oxides; Hydrocarbon derivatives; Organic oxygen compounds; Chemical entities"	329.232	232	3.872	"645957252545827277"	"645957165220408463"	"932"	"DECENT"
4	"C19H37N3"	"[M + K]+"	"C19H37KN3+"	"Alkaloids"	0.852	"Pseudoalkaloids (transamidation)"	0.335	"Quinolizidine alkaloids"	0.090	"Organoheterocyclic compounds"	0.730	"Piperidines"	0.540					"Piperidines"	0.540	"Organic compounds; Organoheterocyclic compounds; Piperidines; Organonitrogen compounds; Dialkylamines; Amines; Secondary amines; Azacyclic compounds; Hydrocarbon derivatives; Organopnictogen compounds; Organic nitrogen compounds; Chemical entities"	346.259	232	3.872	"645957243020562197"	"645957165425929592"	"977"	"LOWEST"
1	"C15H22O2"	"[M + H]+"	"C15H23O2+"	"Terpenoids"	0.990	"Sesquiterpenoids"	0.979	"Zizaane sesquiterpenoids"	0.115	"Lipids and lipid-like molecules"	0.817	"Prenol lipids"	0.824	"Sesquiterpenoids"	0.705			"Sesquiterpenoids"	0.705	"Organic compounds; Lipids and lipid-like molecules; Prenol lipids; Organic acids and derivatives; Carboxylic acids and derivatives; Organooxygen compounds; Monocarboxylic acids and derivatives; Carboxylic acids; Sesquiterpenoids; Carbonyl compounds; Organic oxides; Hydrocarbon derivatives; Organic oxygen compounds; Chemical entities"	235.169	233	3.883	"645957245956575204"	"645957163538490722"	"563"	"BAD"
3	"C30H40O7"	"[M + H3N + H]+"	"C30H44NO7+"	"Terpenoids"	0.959	"Diterpenoids"	0.237	"Ergostane steroids"	0.191	"Lipids and lipid-like molecules"	0.906	"Prenol lipids"	0.586					"Prenol lipids"	0.586	"Organic compounds; Lipids and lipid-like molecules; Ketones; Alcohols and polyols; Prenol lipids; Organic acids and derivatives; Carboxylic acids and derivatives; Organooxygen compounds; Carboxylic acid derivatives; Carboxylic acid esters; Cyclic alcohols and derivatives; Secondary alcohols; Tertiary alcohols; Carbonyl compounds; Organic oxides; Hydrocarbon derivatives; Organic oxygen compounds; Chemical entities"	530.311	248	4.141	"645957257327334129"	"645957167611165206"	"1529"	"DECENT"
1	"C30H40O7"	"[M + H]+"	"C30H41O7+"	"Terpenoids"	0.980	"Triterpenoids"	0.991	"Lanostane, Tirucallane and Euphane triterpenoids"	0.978	"Lipids and lipid-like molecules"	0.966	"Prenol lipids"	0.729	"Triterpenoids"	0.817			"Triterpenoids"	0.817	"Organic compounds; Lipids and lipid-like molecules; Ketones; Alcohols and polyols; Steroids and steroid derivatives; Prenol lipids; Organic acids and derivatives; Carboxylic acids and derivatives; Organooxygen compounds; Unsaturated fatty acids; Carboxylic acid derivatives; Monocarboxylic acids and derivatives; Oxosteroids; Carboxylic acids; Carboxylic acid esters; Hydroxysteroids; Triterpenoids; Secondary alcohols; Carbonyl compounds; 3-oxosteroids; 11-oxosteroids; 7-oxosteroids; 3-oxo-5-alpha-steroids; Steroid acids; Cyclic ketones; Organic oxides; Hydrocarbon derivatives; 14-alpha-methylsteroids; Cyclohexenones; Organic oxygen compounds; Chemical entities"	513.284	249	4.143	"645957327930057424"	"645957167439198467"	"1487"	"DECENT"
4	"C30H42O8"	"[M - H2O + H]+"	"C30H41O7+"	"Terpenoids"	0.956	"Triterpenoids"	0.986	"Lanostane, Tirucallane and Euphane triterpenoids"	0.929	"Lipids and lipid-like molecules"	0.949	"Prenol lipids"	0.798	"Triterpenoids"	0.735			"Triterpenoids"	0.735	"Organic compounds; Lipids and lipid-like molecules; Ketones; Alcohols and polyols; Steroids and steroid derivatives; Prenol lipids; Organic acids and derivatives; Carboxylic acids and derivatives; Organooxygen compounds; Oxosteroids; Carboxylic acids; Cyclic alcohols and derivatives; Hydroxysteroids; Triterpenoids; Secondary alcohols; Carbonyl compounds; 3-oxosteroids; 11-oxosteroids; Cyclic ketones; Organic oxides; Hydrocarbon derivatives; 14-alpha-methylsteroids; Cyclohexenones; Organic oxygen compounds; Chemical entities"	513.284	255	4.244	"645957265460090055"	"645957167443392797"	"1495"	"DECENT"
1	"C14H18O5"	"[M + H]+"	"C14H19O5+"	"Polyketides"	0.745	"Cyclic polyketides"	0.568	"Phthalide derivatives"	0.311	"Benzenoids"	0.830	"Phenol ethers"	0.862	"Anisoles"	0.863			"Anisoles"	0.863	"Organic compounds; Organoheterocyclic compounds; Alkyl aryl ethers; Anisoles; Ethers; Organic acids and derivatives; Carboxylic acids and derivatives; Organooxygen compounds; Monocarboxylic acids and derivatives; Carbonyl compounds; Phenol ethers; Benzenoids; Organic oxides; Oxacyclic compounds; Hydrocarbon derivatives; Organic oxygen compounds; Chemical entities"	267.122	297	4.948	"645957329817494326"	"645957164461238408"	"737"	"DECENT"
1	"C13H14O4"	"[M + H]+"	"C13H15O4+"	"Terpenoids"	0.508	"Sesquiterpenoids"	0.490	"Phthalide derivatives"	0.116	"Organic acids and derivatives"	0.833	"Carboxylic acids and derivatives"	0.753	"Carboxylic acid derivatives"	0.582	"Carboxylic acid esters"	0.546	"Carboxylic acid esters"	0.546	"Organic compounds; Organoheterocyclic compounds; Lactones; Organic acids and derivatives; Carboxylic acids and derivatives; Organooxygen compounds; Carboxylic acid derivatives; Monocarboxylic acids and derivatives; Carboxylic acid esters; Carbonyl compounds; Organic oxides; Oxacyclic compounds; Hydrocarbon derivatives; Organic oxygen compounds; Chemical entities"	235.096	297	4.951	"645957291062123099"	"645957163458798927"	"559"	"DECENT"
1	"C17H22O3"	"[M + H]+"	"C17H23O3+"	"Terpenoids"	0.843	"Sesquiterpenoids"	0.437	"Bisabolane sesquiterpenoids"	0.639	"Benzenoids"	0.759	"Benzene and substituted derivatives"	0.612					"Benzene and substituted derivatives"	0.612	"Organic compounds; Lipids and lipid-like molecules; Alcohols and polyols; Organooxygen compounds; Carbonyl compounds; Benzene and substituted derivatives; Benzenoids; Organic oxides; Hydrocarbon derivatives; Organic oxygen compounds; Chemical entities"	275.164	314	5.240	"645957293201218300"	"645957164226357104"	"676"	"LOWEST"
1	"C48H78O18"	"[M + H]+"	"C48H79O18+"	"Terpenoids"	1.000	"Triterpenoids"	1.000	"Oleanane triterpenoids"	0.960	"Lipids and lipid-like molecules"	0.999	"Prenol lipids"	0.999	"Terpene glycosides"	0.991	"Triterpene glycosides"	0.987	"Triterpene saponins"	0.987	"Organic compounds; Organoheterocyclic compounds; Carbohydrates and carbohydrate conjugates; Lipids and lipid-like molecules; Pyrans; Alcohols and polyols; Oligosaccharides; Sugar acids and derivatives; Ethers; Steroids and steroid derivatives; Prenol lipids; Organic acids and derivatives; Carboxylic acids and derivatives; Primary alcohols; Organooxygen compounds; Glucuronides; Hydroxy acids and derivatives; Monocarboxylic acids and derivatives; Carboxylic acids; Cyclic alcohols and derivatives; Triterpenoids; Triterpene glycosides; Acetals; Secondary alcohols; Beta hydroxy acids and derivatives; Carbonyl compounds; Oxanes; Terpene glycosides; Glucuronic acid derivatives; Glycosyl compounds; O-glycosyl compounds; Polyols; Triterpene saponins; O-glucuronides; Organic oxides; Oxacyclic compounds; Hydrocarbon derivatives; Organic oxygen compounds; Chemical entities"	943.525	328	5.471	"645957533560012285"	"645957168550691188"	"1817"	"DECENT"
1	"C33H40O14"	"[M + H]+"	"C33H41O14+"	"Shikimates and Phenylpropanoids"	1.000	"Flavonoids"	0.998	"Flavonols"	0.999	"Phenylpropanoids and polyketides"	0.999	"Flavonoids"	0.998	"Flavonoid glycosides"	0.997	"Flavonoid O-glycosides"	0.995	"Flavonoid-3-O-glycosides"	0.985	"Organic compounds; Organoheterocyclic compounds; Carbohydrates and carbohydrate conjugates; Pyrans; Benzopyrans; Alkyl aryl ethers; Alcohols and polyols; Phenols; Anisoles; Chromones; Ethers; Phenylpropanoids and polyketides; Organic acids and derivatives; Organooxygen compounds; Flavonoids; Pyranones and derivatives; Flavonoid glycosides; Monosaccharides; Disaccharides; Flavonoid O-glycosides; Flavones; Acetals; Secondary alcohols; Oxanes; Glycosyl compounds; O-glycosyl compounds; Benzene and substituted derivatives; Polyols; Phenol ethers; Benzenoids; O-methylated flavonoids; 4'-O-methylated flavonoids; Hydroxyflavonoids; 5-hydroxyflavonoids; 7-hydroxyflavonoids; 1-benzopyrans; 8-prenylated flavones; Flavonoid-3-O-glycosides; Flavonoid-7-O-glycosides; Vinylogous acids; Organic oxides; Methoxybenzenes; Oxacyclic compounds; Heteroaromatic compounds; Hydrocarbon derivatives; Phenolic glycosides; Organic oxygen compounds; 1-hydroxy-2-unsubstituted benzenoids; Phenoxy compounds; Chemical entities"	661.248	329	5.487	"645957537422966279"	"645957168106093958"	"1668"	"DECENT"
1	"C17H22O3"	"[M + H]+"	"C17H23O3+"	"Polyketides"	0.993	"Cyclic polyketides"	0.984	"2-pyrone derivatives"	0.841	"Organoheterocyclic compounds"	0.995	"Pyrans"	0.973	"Pyranones and derivatives"	0.983			"Pyranones and derivatives"	0.983	"Organic compounds; Organoheterocyclic compounds; Lactones; Pyrans; Organic acids and derivatives; Organooxygen compounds; Pyranones and derivatives; Vinylogous acids; Organic oxides; Oxacyclic compounds; Heteroaromatic compounds; Hydrocarbon derivatives; Organic oxygen compounds; Chemical entities"	275.164	338	5.628	"645957324348121567"	"645957164629010762"	"777"	"DECENT"
1	"C21H28O5"	"[M + H]+"	"C21H29O5+"	"Shikimates and Phenylpropanoids"	0.999	"Lignans"	0.998	"Dibenzylbutane lignans"	0.974	"Lignans, neolignans and related compounds"	0.951	"Furanoid lignans"	0.451	"Tetrahydrofuran lignans"	0.574			"Tetrahydrofuran lignans"	0.574	"Organic compounds; Alkyl aryl ethers; Phenols; Anisoles; Methoxyphenols; Ethers; Organooxygen compounds; Dialkyl ethers; Lignans, neolignans and related compounds; Tetrahydrofuran lignans; Dibenzylbutane lignans; Benzene and substituted derivatives; Phenol ethers; Benzenoids; Methoxybenzenes; Hydrocarbon derivatives; Organic oxygen compounds; 1-hydroxy-2-unsubstituted benzenoids; Phenoxy compounds; Chemical entities"	361.201	348	5.798	"645957333386847183"	"645957165639839408"	"1037"	"DECENT"
2	"C17H27N7O3"	"[M + H]+"	"C17H28N7O3+"	"Alkaloids"	0.939	"Pseudoalkaloids (transamidation)"	0.370	"Imidazole alkaloids"	0.056	"Benzenoids"	0.997	"Phenol ethers"	0.966	"Anisoles"	0.718			"Anisoles"	0.718	"Organic compounds; Organoheterocyclic compounds; Imidazoles; Alkyl aryl ethers; Anisoles; Ethers; Organic acids and derivatives; Organonitrogen compounds; Organooxygen compounds; Azoles; Benzene and substituted derivatives; Substituted imidazoles; N-substituted imidazoles; Phenol ethers; Benzenoids; Amines; Aralkylamines; Organic oxides; Methoxybenzenes; Azacyclic compounds; Heteroaromatic compounds; Hydrocarbon derivatives; Organopnictogen compounds; Organic oxygen compounds; Organic nitrogen compounds; Phenoxy compounds; Chemical entities"	378.227	348	5.803	"645957320220926208"	"645957165891497980"	"1095"	"BAD"
1	"C24H30O6"	"[M + H]+"	"C24H31O6+"	"Terpenoids"	0.947	"Sesquiterpenoids"	0.949	"Eremophilane sesquiterpenoids"	0.952	"Lipids and lipid-like molecules"	0.906	"Prenol lipids"	0.578	"Sesquiterpenoids"	0.545	"Eremophilane, 8,9-secoeremophilane and furoeremophilane sesquiterpenoids"	0.915	"Eremophilane, 8,9-secoeremophilane and furoeremophilane sesquiterpenoids"	0.915	"Organic compounds; Lipids and lipid-like molecules; Ketones; Alcohols and polyols; Prenol lipids; Organic acids and derivatives; Carboxylic acids and derivatives; Organooxygen compounds; Fatty acid esters; Dicarboxylic acids and derivatives; Carboxylic acid derivatives; Carboxylic acid esters; Sesquiterpenoids; Carbonyl compounds; Cyclic ketones; Enoate esters; Alpha,beta-unsaturated carboxylic esters; Eremophilane, 8,9-secoeremophilane and furoeremophilane sesquiterpenoids; Fatty Acyls; Organic oxides; Hydrocarbon derivatives; Cyclohexenones; Organic oxygen compounds; Chemical entities"	415.211	354	5.899	"645957350524774170"	"645957166558393280"	"1258"	"DECENT"
1	"C15H22O2"	"[M + H]+"	"C15H23O2+"	"Terpenoids"	0.989	"Sesquiterpenoids"	0.962	"Zizaane sesquiterpenoids"	0.308	"Lipids and lipid-like molecules"	0.824	"Prenol lipids"	0.843	"Sesquiterpenoids"	0.673			"Sesquiterpenoids"	0.673	"Organic compounds; Lipids and lipid-like molecules; Prenol lipids; Organic acids and derivatives; Carboxylic acids and derivatives; Organooxygen compounds; Monocarboxylic acids and derivatives; Carboxylic acids; Sesquiterpenoids; Carbonyl compounds; Organic oxides; Hydrocarbon derivatives; Organic oxygen compounds; Chemical entities"	235.169	354	5.904	"645957329507115792"	"645957163458798908"	"554"	"DECENT"
1	"C24H33NO6"	"[M + H]+"	"C24H34NO6+"	"Terpenoids"	0.910	"Diterpenoids"	0.419	"Drimane sesquiterpenoids"	0.471	"Organic acids and derivatives"	1.000	"Carboxylic acids and derivatives"	0.998	"Amino acids, peptides, and analogues"	0.847	"Amino acids and derivatives"	0.847	"Alpha amino acid esters"	0.614	"Organic compounds; Organoheterocyclic compounds; Lipids and lipid-like molecules; Amino acids, peptides, and analogues; Alpha amino acids and derivatives; Alcohols and polyols; Organic acids and derivatives; Carboxylic acids and derivatives; Organonitrogen compounds; Organooxygen compounds; Fatty acid esters; Amino acids and derivatives; Alpha amino acid esters; Carboxylic acid amides; Carboxylic acid derivatives; N-acyl-alpha amino acids and derivatives; Carboxylic acid esters; Secondary carboxylic acid amides; Tertiary alcohols; Carbonyl compounds; Fatty Acyls; Organic oxides; Oxacyclic compounds; Hydrocarbon derivatives; Valine and derivatives; Organopnictogen compounds; Organic oxygen compounds; Organic nitrogen compounds; Chemical entities"	432.238	355	5.924	"645957336746484891"	"645957166734554338"	"1308"	"BAD"
1	"C17H22O3"	"[M + H]+"	"C17H23O3+"	"Polyketides"	0.991	"Cyclic polyketides"	0.981	"2-pyrone derivatives"	0.819	"Organoheterocyclic compounds"	0.994	"Pyrans"	0.975	"Pyranones and derivatives"	0.984			"Pyranones and derivatives"	0.984	"Organic compounds; Organoheterocyclic compounds; Lactones; Pyrans; Organic acids and derivatives; Organooxygen compounds; Pyranones and derivatives; Vinylogous acids; Organic oxides; Oxacyclic compounds; Heteroaromatic compounds; Hydrocarbon derivatives; Organic oxygen compounds; Chemical entities"	275.164	356	5.931	"645957380568574804"	"645957164700314011"	"796"	"DECENT"
2	"C31H54O4Si2"	"[M + H]+"	"C31H55O4Si2+"	"Fatty acids"	0.998	"Glycerolipids"	0.991	"Diacylglycerols"	0.690	"Lipids and lipid-like molecules"	0.981	"Glycerolipids"	0.914	"Diradylglycerols"	0.590	"Diacylglycerols"	0.668	"1,2-diacylglycerols"	0.636	"Organic compounds; Lipids and lipid-like molecules; Alcohols and polyols; Glycerolipids; Organic acids and derivatives; Carboxylic acids and derivatives; Organooxygen compounds; Fatty acid esters; Dicarboxylic acids and derivatives; Carboxylic acid derivatives; Diacylglycerols; Carboxylic acid esters; 1,2-diacylglycerols; Carbonyl compounds; Diradylglycerols; Fatty Acyls; Organic oxides; Hydrocarbon derivatives; Organic oxygen compounds; Chemical entities"	547.362	356	5.938	"645957335676937280"	"645957167778937646"	"1576"	"BAD"
1	"C30H47NO5"	"[M + H]+"	"C30H48NO5+"	"Polyketides"	0.433	"Linear polyketides"	0.672	"Open-chain polyketides"	0.741	"Lipids and lipid-like molecules"	0.585							"Lipids and lipid-like molecules"	0.585	"Organic compounds; Organoheterocyclic compounds; Lipids and lipid-like molecules; Ketones; Alcohols and polyols; Organic acids and derivatives; Carboxylic acids and derivatives; Organonitrogen compounds; Organooxygen compounds; Carboxylic acid amides; Carboxylic acid derivatives; Monocarboxylic acids and derivatives; Carboxylic acid esters; Secondary alcohols; Carbonyl compounds; Organic oxides; Azacyclic compounds; Oxacyclic compounds; Hydrocarbon derivatives; Organopnictogen compounds; Organic oxygen compounds; Organic nitrogen compounds; Chemical entities"	502.352	357	5.946	"645957368572864930"	"645957167355312251"	"1464"	"DECENT"
1	"C30H44O5"	"[M + H]+"	"C30H45O5+"	"Terpenoids"	0.998	"Triterpenoids"	0.980	"Lanostane, Tirucallane and Euphane triterpenoids"	0.409	"Lipids and lipid-like molecules"	0.993	"Prenol lipids"	0.857	"Triterpenoids"	0.910			"Triterpenoids"	0.910	"Organic compounds; Organoheterocyclic compounds; Lipids and lipid-like molecules; Ketones; Alcohols and polyols; Ethers; Steroids and steroid derivatives; Prenol lipids; Organooxygen compounds; Dialkyl ethers; Oxosteroids; Cyclic alcohols and derivatives; Hydroxysteroids; Triterpenoids; Secondary alcohols; Tertiary alcohols; Carbonyl compounds; 3-oxosteroids; 3-oxo-5-alpha-steroids; Cyclic ketones; Organic oxides; Oxacyclic compounds; Hydrocarbon derivatives; Organic oxygen compounds; Chemical entities"	485.326	358	5.964	"645957542326107665"	"645957167229483008"	"1436"	"DECENT"
1	"C21H28O5"	"[M + H]+"	"C21H29O5+"	"Polyketides"	0.977	"Cyclic polyketides"	0.993	"Phthalide derivatives"	0.996	"Organoheterocyclic compounds"	0.939	"Isocoumarans"	0.992	"Isobenzofuranones"	0.993	"Phthalides"	0.992	"Phthalides"	0.992	"Organic compounds; Organoheterocyclic compounds; Lipids and lipid-like molecules; Lactones; Alkyl aryl ethers; Phenols; Anisoles; Ethers; Fatty acids and conjugates; Organic acids and derivatives; Carboxylic acids and derivatives; Organooxygen compounds; Branched fatty acids; Unsaturated fatty acids; Hydroxy fatty acids; Dicarboxylic acids and derivatives; Carboxylic acid derivatives; Monocarboxylic acids and derivatives; Carboxylic acids; Carboxylic acid esters; Carbonyl compounds; Phthalides; Heterocyclic fatty acids; Phenol ethers; Benzenoids; Medium-chain fatty acids; Isobenzofuranones; Methyl-branched fatty acids; Vinylogous acids; Fatty Acyls; Organic oxides; Oxacyclic compounds; Hydrocarbon derivatives; Isocoumarans; Organic oxygen compounds; Chemical entities"	361.200	359	5.976	"645957342970832304"	"645957165723725594"	"1054"	"DECENT"
18	"C17H34N2O5P"	"[M + H]+"	"C17H35N2O5P+"	"Terpenoids"	0.188	"Glycerophospholipids"	0.139	"Prenyl quinone meroterpenoids"	0.040	"Organic acids and derivatives"	0.981	"Carboxylic acids and derivatives"	0.645	"Amino acids, peptides, and analogues"	0.476	"Amino acids and derivatives"	0.478	"Alpha amino acids and derivatives"	0.597	"Organic compounds; Organoheterocyclic compounds; Alpha amino acids and derivatives; Organic acids and derivatives; Carboxylic acids and derivatives; Organonitrogen compounds; Organooxygen compounds; Organophosphorus compounds; Organic phosphonic acids and derivatives; Carboxylic acid derivatives; Monocarboxylic acids and derivatives; Phosphonic acid esters; Organic phosphonic acids; Carbonyl compounds; Benzene and substituted derivatives; Benzenoids; Organic oxides; Azacyclic compounds; Hydrocarbon derivatives; Organopnictogen compounds; Organic oxygen compounds; Organic nitrogen compounds; Chemical entities"	378.227	359	5.976	"645957338864608486"	"645957165891498000"	"1101"	"DECENT"
1	"C30H47NO5"	"[M + H]+"	"C30H48NO5+"	"Alkaloids"	0.865	"Pseudoalkaloids (transamidation)"	0.875	"Steroidal alkaloids"	0.636	"Lipids and lipid-like molecules"	0.578	"Steroids and steroid derivatives"	0.536					"Steroids and steroid derivatives"	0.536	"Organic compounds; Organoheterocyclic compounds; Lipids and lipid-like molecules; Ketones; Alcohols and polyols; Piperidines; Ethers; Steroids and steroid derivatives; Organonitrogen compounds; Organooxygen compounds; Dialkyl ethers; Secondary alcohols; Carbonyl compounds; Organic oxides; Azacyclic compounds; Oxacyclic compounds; Hydrocarbon derivatives; Organopnictogen compounds; Organic oxygen compounds; Organic nitrogen compounds; Chemical entities"	502.352	359	5.976	"645957627579530780"	"645957167313369207"	"1457"	"DECENT"
3	"C26H31N5O4"	"[M + H]+"	"C26H32N5O4+"	"Alkaloids"	0.588	"Pseudoalkaloids (transamidation)"	0.105	"Purine alkaloids"	0.070	"Benzenoids"	0.997	"Benzene and substituted derivatives"	0.942	"Methoxybenzenes"	0.913	"Dimethoxybenzenes"	0.718	"Dimethoxybenzenes"	0.718	"Organic compounds; Organoheterocyclic compounds; Alkyl aryl ethers; Anisoles; Ethers; Organic acids and derivatives; Organonitrogen compounds; Organooxygen compounds; Azoles; Benzene and substituted derivatives; Phenol ethers; Benzenoids; Amines; Organic oxides; Dimethoxybenzenes; Methoxybenzenes; Azacyclic compounds; Heteroaromatic compounds; Hydrocarbon derivatives; Organopnictogen compounds; Organic oxygen compounds; Organic nitrogen compounds; Phenoxy compounds; Chemical entities"	478.243	361	6.016	"645957363355150553"	"645957167183345545"	"1418"	"DECENT"
1	"C14H18O5"	"[M + H]+"	"C14H19O5+"	"Polyketides"	0.533	"Cyclic polyketides"	0.335	"Bisabolane sesquiterpenoids"	0.077	"Benzenoids"	0.472	"Phenol ethers"	0.660	"Anisoles"	0.600			"Anisoles"	0.600	"Organic compounds; Alkyl aryl ethers; Anisoles; Ethers; Organic acids and derivatives; Carboxylic acids and derivatives; Organooxygen compounds; Carboxylic acid derivatives; Monocarboxylic acids and derivatives; Carboxylic acid esters; Carbonyl compounds; Phenol ethers; Organic oxides; Hydrocarbon derivatives; Organic oxygen compounds; Chemical entities"	267.123	361	6.023	"645957354173818833"	"645957163953727123"	"630"	"BAD"
1	"C37H50O10"	"[M + H]+"	"C37H51O10+"	"Terpenoids"	0.997	"Triterpenoids"	0.997	"Limonoids"	0.992	"Lipids and lipid-like molecules"	0.971	"Prenol lipids"	0.850	"Triterpenoids"	0.946	"Limonoids"	0.975	"Limonoids"	0.975	"Organic compounds; Organoheterocyclic compounds; Lipids and lipid-like molecules; Naphthalenes; Furans; Pyrans; Ketones; Alcohols and polyols; Ethers; Steroids and steroid derivatives; Prenol lipids; Organic acids and derivatives; Carboxylic acids and derivatives; Organooxygen compounds; Carboxylic acid derivatives; Dialkyl ethers; Carboxylic acid esters; Cyclic alcohols and derivatives; Triterpenoids; Naphthopyrans; Secondary alcohols; Steroid esters; Carbonyl compounds; Oxanes; Limonoids; 17-furanylsteroids and derivatives; Benzenoids; Methyl esters; Organic oxides; Oxacyclic compounds; Heteroaromatic compounds; Hydrocarbon derivatives; Organic oxygen compounds; Chemical entities"	655.347	369	6.157	"645957503902087955"	"645957168026402062"	"1653"	"DECENT"
