"structurePerIdRank"	"formulaRank"	"ConfidenceScoreExact"	"ConfidenceScoreApproximate"	"CSI:FingerIDScore"	"ZodiacScore"	"SiriusScore"	"molecularFormula"	"adduct"	"precursorFormula"	"InChIkey2D"	"InChI"	"name"	"smiles"	"xlogp"	"pubchemids"	"links"	"dbflags"	"ionMass"	"retentionTimeInSeconds"	"retentionTimeInMinutes"	"formulaId"	"alignedFeatureId"	"mappingFeatureId"	"overallFeatureQuality"
1	17	0.822	0.822	-101.054		65.835	"C11H19FO9"	"[M + H3N + H]+"	"C11H23FNO9+"	"PJROTFBPMWHPFO"	"InChI=1S/C11H19FO9/c12-10-7(17)6(16)9(4(1-13)20-10)21-11-8(18)5(15)3(14)2-19-11/h3-11,13-18H,1-2H2"	"4-O-beta-D-Xylopyranosyl-beta-D-glucopyranosyl fluoride"	"C1C(C(C(C(O1)OC2C(OC(C(C2O)O)F)CO)O)O)O"	-3.600	"101950445"	"PUBCHEM:(101950445)"	"2"	332.134	28	0.469	"645957276956677963"	"645957165342043430"	"962"	"DECENT"
1	19	0.032	0.032	-232.196		21.999	"C13H26N5O5P"	"[M + H]+"	"C13H27N5O5P+"	"HHEWFZRUEVUFTN"	"InChI=1S/C13H26N5O5P/c1-7-22-24(21,23-8-2)13-15-11(17(5)9(3)19)14-12(16-13)18(6)10(4)20/h9-10,19-20H,7-8H2,1-6H3"	"1-[[4-Diethoxyphosphoryl-6-[1-hydroxyethyl(methyl)amino]-1,3,5-triazin-2-yl]-methylamino]ethanol"	"CCOP(=O)(C1=NC(=NC(=N1)N(C)C(C)O)N(C)C(C)O)OCC"	0.800	"88804244"	"PUBCHEM:(88804244)"	"2"	364.175	122	2.026	"645957239325380228"	"645957165715336949"	"1049"	"DECENT"
1	1	0.088	0.088	-328.377	0.998	55.279	"C19H25NO6"	"[M + H]+"	"C19H26NO6+"	"BZIHGMVSUSMJCD"	"InChI=1S/C19H25NO6/c1-24-17-8-12(9-18(25-2)19(17)26-3)6-7-20-11-16(23)13-4-5-14(21)15(22)10-13/h4-5,8-10,16,20-23H,6-7,11H2,1-3H3"	"4-(1-Hydroxy-2-((2-(3,4,5-trimethoxyphenyl)ethyl)amino)ethyl)-1,2-benzenediol"	"COC1=CC(=CC(=C1OC)OC)CCNCC(C2=CC(=C(C=C2)O)O)O"	2.197	"53379899;124307304;130979"	"MESH:(130979);PUBCHEM:(53379899 124307304 130979);DSSTox:(DTXSID50910928);PUBMED:(null)"	"137438953542"	364.175	129	2.142	"645957235097521492"	"645957165740502819"	"1063"	"DECENT"
1	1	0.594	0.594	-92.238	1.000	130.672	"C18H32O5"	"[M + H]+"	"C18H33O5+"	"ADHVWICOFLYDST"	"InChI=1S/C18H32O5/c1-2-3-7-10-15(19)13-14-17(21)16(20)11-8-5-4-6-9-12-18(22)23/h3,7,13-17,19-21H,2,4-6,8-12H2,1H3,(H,22,23)"	"9,10,13-trihydroxyoctadeca-11,15-dienoic acid"	"CCC=CCC(C=CC(C(CCCCCCCC(=O)O)O)O)O"	2.600	"74135901;9973796;23872026;93062006;93062009;93062012;93062016;26249435;26249437;26249439"	"COCONUT:(CNP0087243);CHEBI:(183718);SUPERNATURAL:(SN0002544);PUBCHEM:(74135901 9973796 23872026 93062006 93062009 93062012 93062016 26249435 26249437 26249439);DSSTox:(DTXSID001203873)"	"137442099234"	329.232	232	3.872	"645957252545827277"	"645957165220408463"	"932"	"DECENT"
1	4	0.268	0.268	-246.326	0.027	35.818	"C19H37N3"	"[M + K]+"	"C19H37KN3+"	"FKIOGVIRDHMBRR"	"InChI=1S/C19H37N3/c1-3-5-7-9-15-13-17-11-12-18-14-16(10-8-6-4-2)21-19(20-15)22(17)18/h15-21H,3-14H2,1-2H3"	"merobatzelladine b"	"CCCCCC1CC2CCC3N2C(N1)NC(C3)CCCCC"	5.300	"163129018;163129019;163129020;163129021"	"COCONUT:(CNP0444623);PUBCHEM:(163129018 163129019 163129020 163129021)"	"2097154"	346.259	232	3.872	"645957243020562197"	"645957165425929592"	"977"	"LOWEST"
1	1	0.381	0.381	-84.103	1.000	150.097	"C15H22O2"	"[M + H]+"	"C15H23O2+"	"HEIJYTOSZVGQPT"	"InChI=1S/C15H22O2/c1-9-4-6-12(11(3)15(16)17)8-14-10(2)5-7-13(9)14/h9,12-13H,3-8H2,1-2H3,(H,16,17)"	"Aciphyllic Acid"	"CC1CCC(CC2=C(CCC12)C)C(=C)C(=O)O"	3.300	"171568;78178604"	"COCONUT:(CNP0325693);TeroMol:(TKC035343);SUPERNATURAL:(SN0123275);MESH:(171568);PUBCHEM:(171568 78178604);DSSTox:(DTXSID50205740);LOTUS:(Q83079393);PUBMED:(null);KNAPSACK:(HEIJYTOSZVGQPT-UHFFFAOYSA-N)"	"137718923350"	235.169	233	3.883	"645957245956575204"	"645957163538490722"	"563"	"BAD"
1	3	0.199	0.199	-219.952	0.209	26.710	"C30H40O7"	"[M + H3N + H]+"	"C30H44NO7+"	"TZXKLAJTOIJUOD"	"InChI=1S/C30H40O7/c1-10-16(4)25(32)36-24-19(7)29(35)20(12-15(3)14-28(34)21(29)13-18(6)23(28)31)22-27(8,9)30(22,24)37-26(33)17(5)11-2/h10-13,19-22,24,34-35H,14H2,1-9H3"	"1,6-dihydroxy-4,8,12,12,15-pentamethyl-14-[(2-methylbut-2-enoyl)oxy]-5-oxotetracyclo[8.5.0.0²,⁶.0¹¹,¹³]pentadeca-3,8-dien-13-yl 2-methylbut-2-enoate"	"CC=C(C)C(=O)OC1C(C2(C(C=C(CC3(C2C=C(C3=O)C)O)C)C4C1(C4(C)C)OC(=O)C(=CC)C)O)C"	3.900	"162817249;162817250"	"COCONUT:(CNP0075276);TeroMol:(TKC012955);SUPERNATURAL:(SN0364674);PUBCHEM:(162817249 162817250)"	"11534338"	530.311	248	4.141	"645957257327334129"	"645957167611165206"	"1529"	"DECENT"
1	1	0.375	0.588	-136.044	0.999	195.548	"C30H40O7"	"[M + H]+"	"C30H41O7+"	"VBGDQDJVTLQGNO"	"InChI=1S/C30H40O7/c1-15(10-17(31)11-16(2)26(36)37)18-12-23(35)30(7)25-19(32)13-21-27(3,4)22(34)8-9-28(21,5)24(25)20(33)14-29(18,30)6/h15-16,18,21H,8-14H2,1-7H3,(H,36,37)"	"Ganoderic Acid E"	"CC(CC(=O)CC(C)C(=O)O)C1CC(=O)C2(C1(CC(=O)C3=C2C(=O)CC4C3(CCC(=O)C4(C)C)C)C)C"	2.300	"74028537;23247894;162848896;10075137;133143482;44566901"	"PUBCHEMANNOTATIONBIO:(null);COCONUT:(CNP0110675);HMDB:(HMDB0035980);TeroMol:(TKC063755 TKC145183 TKC145184);CHEBI:(180761);SUPERNATURAL:(SN0385662);FooDB:(FDB014785);PUBCHEM:(74028537 23247894 162848896 10075137 133143482 44566901);DSSTox:(DTXSID201316547);LOTUS:(Q104199189 Q105283219 Q105283217);PUBCHEMANNOTATIONDRUG:(null);PUBMED:(null);KNAPSACK:(VBGDQDJVTLQGNO-UHFFFAOYSA-N)"	"138306125946"	513.284	249	4.143	"645957327930057424"	"645957167439198467"	"1487"	"DECENT"
1	4	0.188	0.255	-176.430	0.029	42.809	"C30H42O8"	"[M - H2O + H]+"	"C30H41O7+"	"ZKHZGAPANLMARS"	"InChI=1S/C30H42O8/c1-15(10-16(31)13-29(6,38)25(36)37)17-11-22(35)30(7)24-18(32)12-20-26(2,3)21(34)8-9-27(20,4)23(24)19(33)14-28(17,30)5/h15,17-18,20,32,38H,8-14H2,1-7H3,(H,36,37)"	"2-hydroxy-6-[(5R,7S,10S,13R,14R,17R)-7-hydroxy-4,4,10,13,14-pentamethyl-3,11,15-trioxo-1,2,5,6,7,12,16,17-octahydrocyclopenta[a]phenanthren-17-yl]-2-methyl-4-oxoheptanoic acid"	"CC(CC(=O)CC(C)(C(=O)O)O)C1CC(=O)C2(C1(CC(=O)C3=C2C(CC4C3(CCC(=O)C4(C)C)C)O)C)C"	1.000	"137656558"	"PUBCHEM:(137656558);PUBCHEMANNOTATIONDRUG:(null);PUBMED:(null)"	"33554498"	513.284	255	4.244	"645957265460090055"	"645957167443392797"	"1495"	"DECENT"
1	1	0.358	0.358	-146.598	1.000	214.292	"C14H18O5"	"[M + H]+"	"C14H19O5+"	"CKXNYBNFWBNQKY"	"InChI=1S/C14H18O5/c1-7-9-6-14(3,16)19-13(15)10(9)12(18-5)8(2)11(7)17-4/h16H,6H2,1-5H3"	"3-hydroxy-6,8-dimethoxy-3,5,7-trimethyl-3,4-dihydro-1H-2-benzopyran-1-one"	"CC1=C2CC(OC(=O)C2=C(C(=C1OC)C)OC)(C)O"	2.100	"162980259;162980260"	"COCONUT:(CNP0252324);SUPERNATURAL:(SN0048540);PUBCHEM:(162980259 162980260)"	"3145730"	267.122	297	4.948	"645957329817494326"	"645957164461238408"	"737"	"DECENT"
1	1	0.074	0.074	-237.378	1.000	241.028	"C13H14O4"	"[M + H]+"	"C13H15O4+"	"KGTYJEHMSCHIIN"	"InChI=1S/C13H14O4/c1-16-12(14)10-8-6-3-4-7(5-6)9(8)11(10)13(15)17-2/h3-4,6-9H,5H2,1-2H3"	"dimethyl (1R,2S,5S,6R)-tricyclo[4.2.1.02,5]nona-3,7-diene-3,4-dicarboxylate"	"COC(=O)C1=C(C2C1C3CC2C=C3)C(=O)OC"	1.200	"3420168;98489319;98489321;98489324;13197754"	"PUBCHEMANNOTATIONSAFETYANDTOXIC:(null);PUBCHEM:(3420168 98489319 98489321 98489324 13197754);DSSTox:(DTXSID50526588)"	"137506062338"	235.096	297	4.951	"645957291062123099"	"645957163458798927"	"559"	"DECENT"
1	1	0.025	0.025	-244.171	0.999	33.315	"C17H22O3"	"[M + H]+"	"C17H23O3+"	"LAFCBQXAMYSVMH"	"InChI=1S/C17H22O3/c1-4-12-16(19)13-10-8-6-7-9-11-14-17(5-2)20-15(3)18/h5-6,8,10-11,13-14,16-17,19H,2,4,12H2,1,3H3"	"12-hydroxypentadeca-1,4,8,10-tetraen-6-yn-3-yl acetate"	"CCCC(C=CC=CC#CC=CC(C=C)OC(=O)C)O"	3.600	"163079986;163079987"	"COCONUT:(CNP0385665);SUPERNATURAL:(SN0200102);PUBCHEM:(163079986 163079987)"	"3145730"	275.164	314	5.240	"645957293201218300"	"645957164226357104"	"676"	"LOWEST"
1	1	0.733	0.866	-56.860	0.998	220.185	"C48H78O18"	"[M + H]+"	"C48H79O18+"	"PTDAHAWQAGSZDD"	"InChI=1S/C48H78O18/c1-21-29(52)31(54)35(58)40(61-21)65-37-32(55)30(53)24(19-49)62-41(37)66-38-34(57)33(56)36(39(59)60)64-42(38)63-28-12-13-45(5)25(46(28,6)20-50)11-14-48(8)26(45)10-9-22-23-17-43(2,3)18-27(51)44(23,4)15-16-47(22,48)7/h9,21,23-38,40-42,49-58H,10-20H2,1-8H3,(H,59,60)"	"Hispidacin"	"CC1C(C(C(C(O1)OC2C(C(C(OC2OC3C(C(C(OC3OC4CCC5(C(C4(C)CO)CCC6(C5CC=C7C6(CCC8(C7CC(CC8O)(C)C)C)C)C)C)C(=O)O)O)O)CO)O)O)O)O)O"	2.400	"154828041;21607812;9897783;9897784;53477584;146625931;5087640;5321419;154497488;118474587;118476364;162975536;162975537;162975538;162975539;162975540;162975541;162975542;162975543;162975544;162975545;162975546;146159063;160301792;3037605;10170136;10260260;89411400;71532747;153649394;44715452;88864532;122097;189675;117892194;117894058;122130225;138107466"	"PUBCHEMANNOTATIONBIO:(null);HMDB:(HMDB0034649);TeroMol:(TKC143442 TKC143438 TKC143440 TKC060061 TKC143437 TKC143436 TKC143441 TKC143443 TKC143435 TKC143439 TKC093323 TKC143446 TKC094158 TKC143444 TKC143445);BloodExposome:(122097);SUPERNATURAL:(SN0294479);MESH:(122097);FooDB:(FDB013173);PUBCHEM:(154828041 21607812 9897783 9897784 53477584 146625931 5087640 5321419 154497488 118474587 118476364 162975536 162975537 162975538 162975539 162975540 162975541 162975542 162975543 162975544 162975545 162975546 146159063 160301792 3037605 10170136 10260260 89411400 71532747 153649394 44715452 88864532 122097 189675 117892194 117894058 122130225 138107466);GNPS:(CCMSLIB00000849761);COCONUT:(CNP0247360);NORMAN:(NS00015669);METACYC:(CPD-13255);PLANTCYC:(CPD-13255);CHEBI:(9211 182784 62916);KEGG:(C08983);DSSTox:(DTXSID901031429);LOTUS:(Q105214568 Q105214569 Q105214565 Q105214570 Q105214566 Q27108314 Q105214564);PUBCHEMANNOTATIONDRUG:(null);PUBMED:(null);KNAPSACK:(PTDAHAWQAGSZDD-UHFFFAOYSA-N)"	"138310719870"	943.525	328	5.471	"645957533560012285"	"645957168550691188"	"1817"	"DECENT"
1	1	0.702	0.702	-78.821	1.000	178.386	"C33H40O14"	"[M + H]+"	"C33H41O14+"	"TVBJKPLTBPGHDJ"	"InChI=1S/C33H40O14/c1-13(2)6-11-18-19(34)12-20(35)21-24(38)30(28(45-29(18)21)16-7-9-17(42-5)10-8-16)46-33-31(26(40)23(37)15(4)44-33)47-32-27(41)25(39)22(36)14(3)43-32/h6-10,12,14-15,22-23,25-27,31-37,39-41H,11H2,1-5H3"	"Anhydroicaritin 3-Rhamnosyl-(1->2)-Rhamnoside"	"CC1C(C(C(C(O1)OC2C(C(C(OC2OC3=C(OC4=C(C(=CC(=C4C3=O)O)O)CC=C(C)C)C5=CC=C(C=C5)OC)C)O)O)O)O)O"	2.400	"154812580;21550455;101340916;124511250;163193723;5318987;162851784;162851785;162851786;162851787;162851788;162851789;125463405;125463406;125463407;13916070;123134743;122197594;11968695;44259058"	"COCONUT:(CNP0114147);LIPIDMAPS:(LMPK12112007);SUPERNATURAL:(SN0360792);PUBCHEM:(154812580 21550455 101340916 124511250 163193723 5318987 162851784 162851785 162851786 162851787 162851788 162851789 125463405 125463406 125463407 13916070 123134743 122197594 11968695 44259058);LOTUS:(Q104403601 Q105265163 Q105265166);KNAPSACK:(TVBJKPLTBPGHDJ-UHFFFAOYSA-N)"	"2419064850"	661.248	329	5.487	"645957537422966279"	"645957168106093958"	"1668"	"DECENT"
1	1	0.695	0.695	-52.127	1.000	241.562	"C17H22O3"	"[M + H]+"	"C17H23O3+"	"WFNXTYLZRVHCCW"	"InChI=1S/C17H22O3/c1-3-4-5-6-7-8-9-10-11-12-15-13-16(18)14(2)17(19)20-15/h3-6,11-13,18H,7-10H2,1-2H3"	"4-Hydroxy-3-methyl-6-(undeca-1,7,9-trienyl)-2H-pyran-2-one"	"CC=CC=CCCCCC=CC1=CC(=C(C(=O)O1)C)O"	4.500	"102077066"	"PUBCHEM:(102077066)"	"2"	275.164	338	5.628	"645957324348121567"	"645957164629010762"	"777"	"DECENT"
1	1	0.703	0.703	-74.018	1.000	157.022	"C21H28O5"	"[M + H]+"	"C21H29O5+"	"GFMUBOWRQZASFJ"	"InChI=1S/C21H28O5/c1-13(8-15-6-7-17(22)18(10-15)24-3)14(2)9-16-11-19(25-4)21(23)20(12-16)26-5/h6-7,10-14,22-23H,8-9H2,1-5H3"	"4-[4-(4-hydroxy-3-methoxyphenyl)-2,3-dimethylbutyl]-2,6-dimethoxyphenol"	"CC(CC1=CC(=C(C=C1)O)OC)C(C)CC2=CC(=C(C(=C2)OC)O)OC"	4.900	"53359576;15730564;162868851"	"COCONUT:(CNP0132898);CHEBI:(68161);SUPERNATURAL:(SN0104323);PUBCHEM:(53359576 15730564 162868851);LOTUS:(Q27136652);PUBMED:(null)"	"271581282"	361.201	348	5.798	"645957333386847183"	"645957165639839408"	"1037"	"DECENT"
1	2	0.118	0.118	-374.132	0.020	53.826	"C17H27N7O3"	"[M + H]+"	"C17H28N7O3+"	"NINZJZKYQFFHGY"	"InChI=1S/C17H27N7O3/c1-22-3-2-18-16(22)8-19-17-14(25)12-27-15(17)11-24-10-13(20-21-24)9-23-4-6-26-7-5-23/h2-3,10,14-15,17,19,25H,4-9,11-12H2,1H3"	"(3R,4R,5R)-4-[(1-methylimidazol-2-yl)methylamino]-5-[[4-(morpholin-4-ylmethyl)triazol-1-yl]methyl]oxolan-3-ol"	"CN1C=CN=C1CNC2C(COC2CN3C=C(N=N3)CN4CCOCC4)O"	-2.500	"137918330"	"SUPERNATURAL:(SN0246570);PUBCHEM:(137918330)"	"1048578"	378.227	348	5.803	"645957320220926208"	"645957165891497980"	"1095"	"BAD"
1	1	0.912	0.948	-65.301	0.927	225.470	"C24H30O6"	"[M + H]+"	"C24H31O6+"	"UAMUYXWJNMHHRV"	"InChI=1S/C24H30O6/c1-6-15(2)9-7-8-10-21(26)30-19-12-11-18-13-20(25)24(29,17(4)22(27)28)14-23(18,5)16(19)3/h7-13,15-16,19,29H,4,6,14H2,1-3,5H3,(H,27,28)"	"Chaetopenoid A"	"CCC(C)C=CC=CC(=O)OC1C=CC2=CC(=O)C(CC2(C1C)C)(C(=C)C(=O)O)O"	4.600	"163021584;163021585;139585556;132529201"	"COCONUT:(CNP0298230);TeroMol:(TKC030808);SUPERNATURAL:(SN0365140);PUBCHEM:(163021584 163021585 139585556 132529201);LOTUS:(Q77425206)"	"279969794"	415.211	354	5.899	"645957350524774170"	"645957166558393280"	"1258"	"DECENT"
1	1	0.476	0.476	-68.660	1.000	162.189	"C15H22O2"	"[M + H]+"	"C15H23O2+"	"DXZHOOZGLCRBGL"	"InChI=1S/C15H22O2/c1-9(2)12-6-4-10(3)13-7-5-11(15(16)17)8-14(12)13/h8-9,12,14H,4-7H2,1-3H3,(H,16,17)"	""	"CC1=C2CCC(=CC2C(CC1)C(C)C)C(=O)O"	3.100	"38351668;38351673;38351678;38351683;23789060"	"COCONUT:(CNP0443784);TeroMol:(TKC044507);SUPERNATURAL:(SN0078499);PUBCHEM:(38351668 38351673 38351678 38351683 23789060);PUBMED:(null)"	"11534402"	235.169	354	5.904	"645957329507115792"	"645957163458798908"	"554"	"DECENT"
1	1	0.128	0.128	-377.624	0.348	36.623	"C24H33NO6"	"[M + H]+"	"C24H34NO6+"	"RIHVEJOGUIBAQW"	"InChI=1S/C24H33NO6/c1-13-6-5-7-19-23(13,3)9-8-14(2)24(19,4)11-15-20(28)16(10-18(27)21(15)29)25-17(12-26)22(30)31/h6,10,14,17,19,25-26,28H,5,7-9,11-12H2,1-4H3,(H,30,31)"	"2-[[5-[[(1R,2S,4aS,8aS)-1,2,4a,5-tetramethyl-2,3,4,7,8,8a-hexahydronaphthalen-1-yl]methyl]-6-hydroxy-3,4-dioxocyclohexa-1,5-dien-1-yl]amino]-3-hydroxypropanoic acid"	"CC1CCC2(C(C1(C)CC3=C(C(=CC(=O)C3=O)NC(CO)C(=O)O)O)CCC=C2C)C"	3.200	"102376853;10071409;10252189;138606643;139291923;10717563"	"COCONUT:(CNP0260719);TeroMol:(TKC025693);SUPERNATURAL:(SN0183026);MESH:(10071409);PUBCHEM:(102376853 10071409 10252189 138606643 139291923 10717563);PUBMED:(null)"	"11534406"	432.238	355	5.924	"645957336746484891"	"645957166734554338"	"1308"	"BAD"
1	1	0.483	0.483	-58.086	1.000	266.395	"C17H22O3"	"[M + H]+"	"C17H23O3+"	"WFNXTYLZRVHCCW"	"InChI=1S/C17H22O3/c1-3-4-5-6-7-8-9-10-11-12-15-13-16(18)14(2)17(19)20-15/h3-6,11-13,18H,7-10H2,1-2H3"	"4-Hydroxy-3-methyl-6-(undeca-1,7,9-trienyl)-2H-pyran-2-one"	"CC=CC=CCCCCC=CC1=CC(=C(C(=O)O1)C)O"	4.500	"102077066"	"PUBCHEM:(102077066)"	"2"	275.164	356	5.931	"645957380568574804"	"645957164700314011"	"796"	"DECENT"
1	2	0.025	0.025	-314.655	0.027	7.562	"C31H54O4Si2"	"[M + H]+"	"C31H55O4Si2+"	"BWAYXRXFDRXFRA"	"InChI=1S/C31H54O4Si2/c1-10-36(11-2,12-3)35-31(20-16-17-22-33-25-29-18-14-13-15-19-29)30(24-32)21-23-34-37(26(4)5,27(6)7)28(8)9/h13-15,18-19,24,26-28,30-31H,10-12,17,21-23,25H2,1-9H3"	"(2S,3R)-7-phenylmethoxy-3-triethylsilyloxy-2-[2-tri(propan-2-yl)silyloxyethyl]hept-4-ynal"	"CC[Si](CC)(CC)OC(C#CCCOCC1=CC=CC=C1)C(CCO[Si](C(C)C)(C(C)C)C(C)C)C=O"	9.200	"21573380;134969280"	"PUBCHEM:(21573380 134969280)"	"2"	547.362	356	5.938	"645957335676937280"	"645957167778937646"	"1576"	"BAD"
1	1	0.080	0.080	-367.460	0.989	279.435	"C30H47NO5"	"[M + H]+"	"C30H48NO5+"	"YVXZXDRTHFRUIX"	"InChI=1S/C30H47NO5/c1-21-12-8-7-9-13-23(3)20-31-27(32)15-11-10-14-24(4)26(17-16-22(2)18-21)36-28-19-30(6,34)29(33)25(5)35-28/h7-8,10-12,14-16,23-26,28-29,33-34H,9,13,17-20H2,1-6H3,(H,31,32)"	"Vicenistatin M"	"CC1CCC=CC=C(CC(=CCC(C(C=CC=CC(=O)NC1)C)OC2CC(C(C(O2)C)O)(C)O)C)C"	4.900	"101073737;85129866;162885006;10391324;139255875;10505604"	"COCONUT:(CNP0151344);SUPERNATURAL:(SN0461751);MESH:(10391324);PUBCHEM:(101073737 85129866 162885006 10391324 139255875 10505604);LOTUS:(Q105366282);PUBMED:(null);KNAPSACK:(YVXZXDRTHFRUIX-UHFFFAOYSA-N)"	"271581270"	502.352	357	5.946	"645957368572864930"	"645957167355312251"	"1464"	"DECENT"
1	1	0.608	0.687	-130.754	1.000	304.357	"C30H44O5"	"[M + H]+"	"C30H45O5+"	"ZFTRSHQMBROXDO"	"InChI=1S/C30H44O5/c1-16-14-17-22(25(4,5)33)35-30(34-17)21(16)26(6)12-13-29-15-28(29)11-10-20(31)24(2,3)18(28)8-9-19(29)27(26,7)23(30)32/h9,16-18,21-23,32-33H,8,10-15H2,1-7H3"	"3-Keto-24-Epi-7,8-Didehydrocimigenol"	"CC1CC2C(OC3(C1C4(CCC56CC57CCC(=O)C(C7CC=C6C4(C3O)C)(C)C)C)O2)C(C)(C)O"	4.100	"163189573;85123211;162860347;162860348;162860349;10368076"	"COCONUT:(CNP0123373);TeroMol:(TKC048811);SUPERNATURAL:(SN0469226);PUBCHEM:(163189573 85123211 162860347 162860348 162860349 10368076);LOTUS:(Q105374693);KNAPSACK:(ZFTRSHQMBROXDO-UHFFFAOYSA-N)"	"279969810"	485.326	358	5.964	"645957542326107665"	"645957167229483008"	"1436"	"DECENT"
1	1	0.952	0.952	-55.314	1.000	78.892	"C21H28O5"	"[M + H]+"	"C21H29O5+"	"HRYHMFTVUSXJPA"	"InChI=1S/C21H28O5/c1-12(7-6-8-13(2)15(4)22)9-10-16-19(23)18-17(11-26-21(18)24)14(3)20(16)25-5/h9,13,23H,6-8,10-11H2,1-5H3"	"F01-1358B"	"CC1=C2COC(=O)C2=C(C(=C1OC)CC=C(C)CCCC(C)C(=O)C)O"	4.800	"163063411;163063412;25159382"	"COCONUT:(CNP0353759);SUPERNATURAL:(SN0133811);MESH:(25159382);PUBCHEM:(163063411 163063412 25159382);LOTUS:(Q75067733 Q104168339);PUBMED:(null)"	"271581254"	361.200	359	5.976	"645957342970832304"	"645957165723725594"	"1054"	"DECENT"
1	18	-Infinity	-Infinity	-331.572		36.858	"C17H34N2O5P"	"[M + H]+"	"C17H35N2O5P+"	"OQMJEVBCGKTNAD"	"InChI=1S/C17H34N2O5P/c1-8-15-16(11-14(6)23-15)24-25(19(12(2)3)13(4)5)22-10-9-21-17(20)18-7/h11-16H,8-10H2,1-7H3,(H,18,20)"		"CCC1C([CH]C(O1)C)OP(N(C(C)C)C(C)C)OCCOC(=O)NC"	3.000	"59086322"	"PUBCHEM:(59086322)"	"2"	378.227	359	5.976	"645957338864608486"	"645957165891498000"	"1101"	"DECENT"
1	1	0.061	0.061	-356.578	1.000	208.229	"C30H47NO5"	"[M + H]+"	"C30H48NO5+"	"BLTSFUPDKWWCQP"	"InChI=1S/C30H47NO5/c1-18-8-7-11-27(3)14-15-29(5)22(25(18)27)16-23(33)26-28(4)12-10-24(35-19(2)32)20(17-31-36-34)21(28)9-13-30(26,29)6/h16,18,20-21,24-26,31,34H,7-15,17H2,1-6H3"	"[(6bS)-4-[(hydroperoxyamino)methyl]-6a,6b,8a,12,14b-pentamethyl-14-oxo-2,3,4,4a,5,6,7,8,9,10,11,12,12a,14a-tetradecahydro-1H-picen-3-yl] acetate"	"CC1CCCC2(C1C3=CC(=O)C4C5(CCC(C(C5CCC4(C3(CC2)C)C)CNOO)OC(=O)C)C)C"	6.500	"145582845"	"PUBCHEM:(145582845)"	"2"	502.352	359	5.976	"645957627579530780"	"645957167313369207"	"1457"	"DECENT"
1	3	0.013	0.013	-460.969	0.011	119.313	"C26H31N5O4"	"[M + H]+"	"C26H32N5O4+"	"JCNNNVVVJGOKPK"	"InChI=1S/C26H31N5O4/c1-18(2)23(26(34)28-13-6-15-31-16-14-27-17-31)30-25(33)21-7-4-5-8-22(21)29-24(32)19-9-11-20(35-3)12-10-19/h4-5,7-12,14,16-18,23H,6,13,15H2,1-3H3,(H,28,34)(H,29,32)(H,30,33)"	"N-{2-[(1-{[3-(1H-imidazol-1-yl)propyl]carbamoyl}-2-methylpropyl)carbamoyl]phenyl}-4-methoxybenzamide"	"CC(C)C(C(=O)NCCCN1C=CN=C1)NC(=O)C2=CC=CC=C2NC(=O)C3=CC=C(C=C3)OC"	3.300	"4435539;40786730;40786731"	"COCONUT:(CNP0121999);SUPERNATURAL:(SN0161817);PUBCHEM:(4435539 40786730 40786731)"	"3145730"	478.243	361	6.016	"645957363355150553"	"645957167183345545"	"1418"	"DECENT"
1	1	0.016	0.016	-236.455	1.000	77.109	"C14H18O5"	"[M + H]+"	"C14H19O5+"	"PZJWZGWBDMSONK"	"InChI=1S/C14H18O5/c1-11(15)18-10-14(19-12(2)16)9-17-8-13-6-4-3-5-7-13/h3-7,14H,8-10H2,1-2H3"	"(S)-3-(Benzyloxy)propane-1,2-diol diacetate"	"CC(=O)OCC(COCC1=CC=CC=C1)OC(=O)C"	1.400	"11086694;10539915;10778144;10825848;114563"	"PUBCHEMANNOTATIONSAFETYANDTOXIC:(null);PUBCHEM:(11086694 10539915 10778144 10825848 114563)"	"67108866"	267.123	361	6.023	"645957354173818833"	"645957163953727123"	"630"	"BAD"
1	1	0.743	0.743	-199.207	0.936	241.592	"C37H50O10"	"[M + H]+"	"C37H51O10+"	"UABRYEZSGXDDDK"	"InChI=1S/C37H50O10/c1-11-20(4)32(41)45-28-15-24-33(6,7)47-30(39)17-26(43-21(5)38)34(24,8)25-16-27(44-31(40)19(2)3)35(9)23(22-12-13-42-18-22)14-29-37(35,46-29)36(25,28)10/h11-13,18-19,23-29H,14-17H2,1-10H3"	"3-(acetyloxy)-16-(furan-3-yl)-2,7,7,11,17-pentamethyl-18-[(2-methylpropanoyl)oxy]-5-oxo-6,13-dioxapentacyclo[9.8.0.0²,⁸.0¹²,¹⁴.0¹²,¹⁷]nonadecan-10-yl 2-methylbut-2-enoate"	"CC=C(C)C(=O)OC1CC2C(OC(=O)CC(C2(C3C1(C45C(O4)CC(C5(C(C3)OC(=O)C(C)C)C)C6=COC=C6)C)C)OC(=O)C)(C)C"	5.800	"124871487;124871488;124871489;124871490;75110979;162951352;162951353;162951354;162951355;45359826"	"COCONUT:(CNP0222156);TeroMol:(TKC178327 TKC178328 TKC178321 TKC178324 TKC178322 TKC178325 TKC178323 TKC178326);CHEBI:(182689);SUPERNATURAL:(SN0364803);PUBCHEM:(124871487 124871488 124871489 124871490 75110979 162951352 162951353 162951354 162951355 45359826);GNPS:(CCMSLIB00000854165);PUBMED:(null)"	"11538530"	655.347	369	6.157	"645957503902087955"	"645957168026402062"	"1653"	"DECENT"
