"formulaRank"	"molecularFormula"	"adduct"	"precursorFormula"	"NPC#pathway"	"NPC#pathway Probability"	"NPC#superclass"	"NPC#superclass Probability"	"NPC#class"	"NPC#class Probability"	"ClassyFire#superclass"	"ClassyFire#superclass probability"	"ClassyFire#class"	"ClassyFire#class Probability"	"ClassyFire#subclass"	"ClassyFire#subclass Probability"	"ClassyFire#level 5"	"ClassyFire#level 5 Probability"	"ClassyFire#most specific class"	"ClassyFire#most specific class Probability"	"ClassyFire#all classifications"	"ionMass"	"retentionTimeInSeconds"	"retentionTimeInMinutes"	"formulaId"	"alignedFeatureId"	"mappingFeatureId"	"overallFeatureQuality"
1	"C23H29N11O6"	"[M + H]+"	"C23H30N11O6+"	"Alkaloids"	0.641	"Pseudoalkaloids (transamidation)"	0.128	"Purine alkaloids"	0.033	"Benzenoids"	0.993	"Phenol ethers"	0.959	"Anisoles"	0.899			"Anisoles"	0.899	"Organic compounds; Organoheterocyclic compounds; Alkyl aryl ethers; Anisoles; Ethers; Organic acids and derivatives; Carboxylic acids and derivatives; Organonitrogen compounds; Organooxygen compounds; Azoles; Monoalkylamines; Ureas; Carboxylic acid derivatives; Carbonyl compounds; Benzene and substituted derivatives; Phenol ethers; Benzenoids; Amines; Primary amines; Organic oxides; Methoxybenzenes; Azacyclic compounds; Heteroaromatic compounds; Hydrocarbon derivatives; Organopnictogen compounds; Organic oxygen compounds; Organic nitrogen compounds; Phenoxy compounds; Chemical entities"	556.238	65	1.086	"645952790809404610"	"645952723453072708"	"1258"	"DECENT"
1	"C11H16O3"	"[M + H]+"	"C11H17O3+"	"Terpenoids"	0.801	"Monoterpenoids"	0.191	"2-pyrone derivatives"	0.161	"Organoheterocyclic compounds"	0.490	"Dihydrofurans"	0.385	"Furanones"	0.479	"Butenolides"	0.507	"Butenolides"	0.507	"Organic compounds; Lactones; Alcohols and polyols; Organic acids and derivatives; Carboxylic acids and derivatives; Organooxygen compounds; Monocarboxylic acids and derivatives; Carbonyl compounds; Butenolides; Enoate esters; Alpha,beta-unsaturated carboxylic esters; Organic oxides; Hydrocarbon derivatives; Organic oxygen compounds; Chemical entities"	197.117	97	1.620	"645952781963617094"	"645952719359427424"	"406"	"DECENT"
1	"C17H24O5"	"[M + H]+"	"C17H25O5+"	"Terpenoids"	0.995	"Sesquiterpenoids"	0.960	"Guaiane sesquiterpenoids"	0.250	"Lipids and lipid-like molecules"	0.887	"Prenol lipids"	0.886	"Terpene lactones"	0.633	"Sesquiterpene lactones"	0.628	"Sesquiterpene lactones"	0.628	"Organic compounds; Organoheterocyclic compounds; Lipids and lipid-like molecules; Alcohols and polyols; Prenol lipids; Organic acids and derivatives; Carboxylic acids and derivatives; Organooxygen compounds; Carboxylic acid derivatives; Carboxylic acid esters; Terpene lactones; Cyclic alcohols and derivatives; Sesquiterpene lactones; Sesquiterpenoids; Secondary alcohols; Carbonyl compounds; Enoate esters; Alpha,beta-unsaturated carboxylic esters; Organic oxides; Oxacyclic compounds; Hydrocarbon derivatives; Organic oxygen compounds; Chemical entities"	309.169	106	1.775	"645952791128171735"	"645952721397860553"	"692"	"DECENT"
1	"C21H22O11"	"[M + H]+"	"C21H23O11+"	"Shikimates and Phenylpropanoids"	1.000	"Flavonoids"	0.995	"Flavanones"	0.961	"Phenylpropanoids and polyketides"	0.994	"Flavonoids"	0.997	"Flavonoid glycosides"	0.996	"Flavonoid O-glycosides"	0.997	"Flavonoid-7-O-glycosides"	0.888	"Organic compounds; Organoheterocyclic compounds; Carbohydrates and carbohydrate conjugates; Lipids and lipid-like molecules; Ketones; Benzopyrans; Aldehydes; Alkyl aryl ethers; Alcohols and polyols; Phenols; Catechols; Chromones; Ethers; Phenylpropanoids and polyketides; Organic acids and derivatives; Primary alcohols; Organooxygen compounds; Flavonoids; Flavans; Flavonoid glycosides; Benzenediols; Hexoses; Monosaccharides; Flavonoid O-glycosides; Flavanones; Acetals; Secondary alcohols; Fatty acyl glycosides; Carbonyl compounds; Oxanes; Glycosyl compounds; Alkyl glycosides; O-glycosyl compounds; Benzene and substituted derivatives; Polyols; Benzenoids; 3'-hydroxyflavonoids; 4'-hydroxyflavonoids; Hydroxyflavonoids; 5-hydroxyflavonoids; 1-benzopyrans; Flavonoid-7-O-glycosides; Aryl ketones; Aryl alkyl ketones; Fatty acyl glycosides of mono- and disaccharides; Vinylogous acids; Fatty Acyls; Organic oxides; Oxacyclic compounds; Hydrocarbon derivatives; Phenolic glycosides; Organic oxygen compounds; 1-hydroxy-2-unsubstituted benzenoids; 1-hydroxy-4-unsubstituted benzenoids; Chemical entities"	451.123	171	2.847	"645952830932118514"	"645952722991698423"	"1126"	"DECENT"
1	"C17H24O5"	"[M + H]+"	"C17H25O5+"	"Terpenoids"	0.979	"Sesquiterpenoids"	0.951	"Guaiane sesquiterpenoids"	0.131	"Lipids and lipid-like molecules"	0.801	"Prenol lipids"	0.772	"Terpene lactones"	0.505			"Terpene lactones"	0.505	"Organic compounds; Organoheterocyclic compounds; Lipids and lipid-like molecules; Lactones; Alcohols and polyols; Prenol lipids; Organic acids and derivatives; Carboxylic acids and derivatives; Organooxygen compounds; Dicarboxylic acids and derivatives; Carboxylic acid derivatives; Carboxylic acid esters; Terpene lactones; Cyclic alcohols and derivatives; Sesquiterpenoids; Secondary alcohols; Carbonyl compounds; Enoate esters; Alpha,beta-unsaturated carboxylic esters; Organic oxides; Oxacyclic compounds; Hydrocarbon derivatives; Organic oxygen compounds; Chemical entities"	309.169	214	3.571	"645952804424116042"	"645952721397860572"	"700"	"DECENT"
1	"C17H24O5"	"[M + H]+"	"C17H25O5+"	"Terpenoids"	0.988	"Sesquiterpenoids"	0.902	"Trichothecane sesquiterpenoids"	0.172	"Lipids and lipid-like molecules"	0.771	"Prenol lipids"	0.760	"Sesquiterpenoids"	0.710			"Sesquiterpenoids"	0.710	"Organic compounds; Organoheterocyclic compounds; Lipids and lipid-like molecules; Alcohols and polyols; Ethers; Prenol lipids; Organic acids and derivatives; Carboxylic acids and derivatives; Organooxygen compounds; Carboxylic acid derivatives; Dialkyl ethers; Carboxylic acid esters; Sesquiterpenoids; Secondary alcohols; Carbonyl compounds; Organic oxides; Oxacyclic compounds; Hydrocarbon derivatives; Organic oxygen compounds; Chemical entities"	309.169	230	3.836	"645952809692162098"	"645952721397860566"	"699"	"DECENT"
1	"C16H16O4"	"[M + H]+"	"C16H17O4+"	"Shikimates and Phenylpropanoids"	0.744	"Naphthalenes"	0.253	"Biaryl type diarylheptanoids"	0.381	"Benzenoids"	0.999	"Phenanthrenes and derivatives"	0.788	"Hydrophenanthrenes"	0.530			"Hydrophenanthrenes"	0.530	"Organic compounds; Naphthalenes; Phenanthrenes and derivatives; Alkyl aryl ethers; Phenols; Anisoles; Hydrophenanthrenes; Ethers; Organooxygen compounds; Phenol ethers; Benzenoids; Hydrocarbon derivatives; Organic oxygen compounds; 1-hydroxy-2-unsubstituted benzenoids; Chemical entities"	273.112	259	4.320	"645952820190505470"	"645952721024566990"	"581"	"DECENT"
1	"C37H57N5O6"	"[M + H]+"	"C37H58N5O6+"	"Terpenoids"	0.975	"Triterpenoids"	0.967	"Lupane triterpenoids"	0.365	"Lipids and lipid-like molecules"	0.959	"Prenol lipids"	0.919	"Triterpenoids"	0.827			"Triterpenoids"	0.827	"Organic compounds; Lipids and lipid-like molecules; Alcohols and polyols; Steroids and steroid derivatives; Prenol lipids; Organic acids and derivatives; Carboxylic acids and derivatives; Organonitrogen compounds; Organooxygen compounds; Carboxylic acid derivatives; Monocarboxylic acids and derivatives; Carboxylic acids; Cyclic alcohols and derivatives; Triterpenoids; Secondary alcohols; Carbonyl compounds; Organic oxides; Hydrocarbon derivatives; Organopnictogen compounds; Organic oxygen compounds; Organic nitrogen compounds; Chemical entities"	668.436	296	4.926	"645952841065557541"	"645952723830560848"	"1362"	"DECENT"
1	"C54H90N14O24"	"[M + H3N + H]+"	"C54H94N15O24+"	"Amino acids and Peptides"	0.784	"Oligopeptides"	0.989	"Lipopeptides"	0.787	"Organic acids and derivatives"	0.980	"Carboxylic acids and derivatives"	0.962	"Amino acids, peptides, and analogues"	0.916	"Amino acids and derivatives"	0.903	"N-acyl-alpha amino acids and derivatives"	0.608	"Organic compounds; Organoheterocyclic compounds; Carbohydrates and carbohydrate conjugates; Lipids and lipid-like molecules; Amino acids, peptides, and analogues; Alpha amino acids and derivatives; Alcohols and polyols; Ethers; Organic acids and derivatives; Carboxylic acids and derivatives; Organonitrogen compounds; Organooxygen compounds; Fatty amides; Amino acids and derivatives; Carboxylic acid amides; Carboxylic acid derivatives; N-acyl amines; N-acyl-alpha amino acids and derivatives; Acetals; Secondary alcohols; Secondary carboxylic acid amides; Carbonyl compounds; Oxanes; Glycosyl compounds; O-glycosyl compounds; Amines; Primary amines; Fatty Acyls; Organic oxides; Azacyclic compounds; Oxacyclic compounds; Hydrocarbon derivatives; Organopnictogen compounds; Organic oxygen compounds; Organic nitrogen compounds; Chemical entities"	1336.653	299	4.975	"645952982967258369"	"645952724212243302"	"1465"	"DECENT"
1	"C37H57N5O6"	"[M + H]+"	"C37H58N5O6+"	"Terpenoids"	0.928	"Triterpenoids"	0.907	"Lupane triterpenoids"	0.234	"Lipids and lipid-like molecules"	0.939	"Prenol lipids"	0.802	"Triterpenoids"	0.729			"Triterpenoids"	0.729	"Organic compounds; Lipids and lipid-like molecules; Alcohols and polyols; Prenol lipids; Organic acids and derivatives; Carboxylic acids and derivatives; Organonitrogen compounds; Organooxygen compounds; Carboxylic acid amides; Carboxylic acid derivatives; Monocarboxylic acids and derivatives; Organic nitro compounds; Carboxylic acids; Organic oxoazanium compounds; Triterpenoids; Carbonyl compounds; Organic 1,3-dipolar compounds; Allyl-type 1,3-dipolar organic compounds; Propargyl-type 1,3-dipolar organic compounds; Organic oxides; C-nitro compounds; Hydrocarbon derivatives; Organopnictogen compounds; Organic oxygen compounds; Nitroaromatic compounds; Organic nitrogen compounds; Chemical entities"	668.436	306	5.106	"645952992693849364"	"645952723830560840"	"1357"	"DECENT"
1	"C21H36O8"	"[M + H]+"	"C21H37O8+"	"Terpenoids"	0.825	"Sesquiterpenoids"	0.334	"Megastigmanes"	0.149	"Lipids and lipid-like molecules"	0.907	"Prenol lipids"	0.793	"Terpene glycosides"	0.636			"Terpene glycosides"	0.636	"Organic compounds; Organoheterocyclic compounds; Carbohydrates and carbohydrate conjugates; Lipids and lipid-like molecules; Alcohols and polyols; Ethers; Prenol lipids; Primary alcohols; Organooxygen compounds; Hexoses; Monosaccharides; Acetals; Secondary alcohols; Oxanes; Terpene glycosides; Glycosyl compounds; O-glycosyl compounds; Polyols; Fatty Acyls; Oxacyclic compounds; Hydrocarbon derivatives; Organic oxygen compounds; Chemical entities"	417.248	312	5.202	"645952818915436996"	"645952722706485273"	"1060"	"DECENT"
1	"C21H36O8"	"[M + H3N + H]+"	"C21H40NO8+"	"Terpenoids"	0.924	"Apocarotenoids"	0.463	"Megastigmanes"	0.426	"Lipids and lipid-like molecules"	0.955	"Prenol lipids"	0.836	"Terpene glycosides"	0.594			"Terpene glycosides"	0.594	"Organic compounds; Organoheterocyclic compounds; Carbohydrates and carbohydrate conjugates; Lipids and lipid-like molecules; Alcohols and polyols; Ethers; Prenol lipids; Primary alcohols; Organooxygen compounds; Carboxylic acids; Hexoses; Monosaccharides; Sesquiterpenoids; Acetals; Secondary alcohols; Fatty acyl glycosides; Carbonyl compounds; Oxanes; Terpene glycosides; Glycosyl compounds; O-glycosyl compounds; Polyols; Fatty Acyls; Organic oxides; Oxacyclic compounds; Hydrocarbon derivatives; Organic oxygen compounds; Chemical entities"	434.274	312	5.204	"645952829103401844"	"645952722928783725"	"1110"	"DECENT"
1	"C32H39NO14"	"[M + H]+"	"C32H40NO14+"	"Amino acids and Peptides"	0.292	"Phenylpropanoids (C6-C3)"	0.160	"Cyanogenic glycosides"	0.125	"Phenylpropanoids and polyketides"	0.775	"Cinnamic acids and derivatives"	0.903	"Cinnamic acid esters"	0.898			"Cinnamic acid esters"	0.898	"Organic compounds; Organoheterocyclic compounds; Carbohydrates and carbohydrate conjugates; Lipids and lipid-like molecules; Styrenes; Alcohols and polyols; Ethers; Phenylpropanoids and polyketides; Organic acids and derivatives; Carboxylic acids and derivatives; Organonitrogen compounds; Organooxygen compounds; Fatty acid esters; Carboxylic acid amides; Cinnamic acids and derivatives; Carboxylic acid derivatives; Carboxylic acid esters; Monosaccharides; Acetals; Secondary alcohols; Carbonyl compounds; Oxanes; Benzene and substituted derivatives; Benzenoids; Cinnamic acid esters; Enoate esters; Alpha,beta-unsaturated carboxylic esters; Fatty Acyls; Organic oxides; Oxacyclic compounds; Hydrocarbon derivatives; Organopnictogen compounds; Organic oxygen compounds; Organic nitrogen compounds; Chemical entities"	662.244	321	5.343	"645952818663778730"	"645952723746674615"	"1337"	"DECENT"
1	"C32H36O14"	"[M + H]+"	"C32H37O14+"	"Terpenoids"	0.421	"Monoterpenoids"	0.779	"Iridoids monoterpenoids"	0.369	"Phenylpropanoids and polyketides"	0.979	"Cinnamic acids and derivatives"	0.983	"Cinnamic acid esters"	0.991	"O-cinnamoyl glycosides"	0.636	"O-cinnamoyl glycosides"	0.636	"Organic compounds; Organoheterocyclic compounds; Carbohydrates and carbohydrate conjugates; Lipids and lipid-like molecules; Styrenes; Alcohols and polyols; Ethers; Phenylpropanoids and polyketides; Organic acids and derivatives; Carboxylic acids and derivatives; Primary alcohols; Organooxygen compounds; Fatty acid esters; Dicarboxylic acids and derivatives; Cinnamic acids and derivatives; Carboxylic acid derivatives; Carboxylic acid esters; Monosaccharides; Acetals; Secondary alcohols; Carbonyl compounds; Oxanes; Glycosyl compounds; O-glycosyl compounds; Benzene and substituted derivatives; Polyols; Benzenoids; Methyl esters; O-cinnamoyl glycosides; Cinnamic acid esters; Enoate esters; Alpha,beta-unsaturated carboxylic esters; Fatty Acyls; Organic oxides; Oxacyclic compounds; Hydrocarbon derivatives; Organic oxygen compounds; Chemical entities"	645.216	321	5.346	"645952840935534107"	"645952723620845268"	"1308"	"DECENT"
1	"C55H85NO20"	"[M + H]+"	"C55H86NO20+"	"Polyketides"	0.693	"Macrolides"	0.333	"Open-chain polyketides"	0.491	"Organic acids and derivatives"	0.993	"Carboxylic acids and derivatives"	0.990	"Amino acids, peptides, and analogues"	0.612	"Amino acids and derivatives"	0.606	"Amino acids"	0.543	"Organic compounds; Organoheterocyclic compounds; Carbohydrates and carbohydrate conjugates; Lipids and lipid-like molecules; Amino acids, peptides, and analogues; Alcohols and polyols; Organic acids and derivatives; Carboxylic acids and derivatives; Organonitrogen compounds; Organooxygen compounds; Fatty acid esters; Amino acids and derivatives; Monoalkylamines; Hydroxy acids and derivatives; Carboxylic acid derivatives; Carboxylic acids; Carboxylic acid esters; Monosaccharides; Secondary alcohols; Beta hydroxy acids and derivatives; Carbonyl compounds; Oxanes; Amines; Primary amines; Alkanolamines; Fatty Acyls; Organic oxides; Oxacyclic compounds; Hydrocarbon derivatives; Amino acids; Organopnictogen compounds; Organic oxygen compounds; Organic nitrogen compounds; Chemical entities"	1080.579	329	5.485	"645952825613740688"	"645952724170300132"	"1450"	"DECENT"
1	"C15H14O4"	"[M + H]+"	"C15H15O4+"	"Polyketides"	0.979	"Naphthalenes"	0.977	"Naphthoquinones"	0.982	"Organoheterocyclic compounds"	0.603	"Naphthopyrans"	0.697	"Naphthopyranones"	0.820			"Naphthopyranones"	0.820	"Organic compounds; Organoheterocyclic compounds; Naphthalenes; Ketones; Phenols; Naphthoquinones; Organic acids and derivatives; Organooxygen compounds; Naphthopyrans; Naphthopyranones; Carbonyl compounds; Benzenoids; Quinones; Cyclic ketones; Aryl ketones; Vinylogous acids; Organic oxides; Oxacyclic compounds; Hydrocarbon derivatives; Organic oxygen compounds; 1-hydroxy-2-unsubstituted benzenoids; 1-hydroxy-4-unsubstituted benzenoids; Chemical entities"	259.096	334	5.568	"645952833821994204"	"645952720898737706"	"547"	"DECENT"
1	"C21H34O4"	"[M + H]+"	"C21H35O4+"	"Terpenoids"	0.922	"Diterpenoids"	0.713	"Kaurane and Phyllocladane diterpenoids"	0.109	"Lipids and lipid-like molecules"	0.956	"Prenol lipids"	0.771	"Diterpenoids"	0.749			"Diterpenoids"	0.749	"Organic compounds; Lipids and lipid-like molecules; Alcohols and polyols; Prenol lipids; Organic acids and derivatives; Carboxylic acids and derivatives; Organooxygen compounds; Carboxylic acids; Cyclic alcohols and derivatives; Diterpenoids; Secondary alcohols; Carbonyl compounds; Organic oxides; Hydrocarbon derivatives; Organic oxygen compounds; Chemical entities"	351.252	343	5.713	"645952867871355861"	"645952721980869611"	"850"	"DECENT"
1	"C21H28O6"	"[M + H]+"	"C21H29O6+"	"Polyketides"	0.989	"Cyclic polyketides"	0.994	"Phthalide derivatives"	0.998	"Organoheterocyclic compounds"	0.938	"Isocoumarans"	0.996	"Isobenzofuranones"	0.997	"Phthalides"	0.996	"Phthalides"	0.996	"Organic compounds; Organoheterocyclic compounds; Lipids and lipid-like molecules; Lactones; Alkyl aryl ethers; Phenols; Anisoles; Ethers; Fatty acids and conjugates; Organic acids and derivatives; Carboxylic acids and derivatives; Organooxygen compounds; Branched fatty acids; Unsaturated fatty acids; Hydroxy fatty acids; Dicarboxylic acids and derivatives; Carboxylic acid derivatives; Monocarboxylic acids and derivatives; Carboxylic acids; Carboxylic acid esters; Carbonyl compounds; Phthalides; Heterocyclic fatty acids; Phenol ethers; Benzenoids; Medium-chain fatty acids; Isobenzofuranones; Methyl-branched fatty acids; Vinylogous acids; Fatty Acyls; Organic oxides; Oxacyclic compounds; Hydrocarbon derivatives; Isocoumarans; Organic oxygen compounds; Chemical entities"	377.195	363	6.052	"645952851643592810"	"645952722240916819"	"924"	"DECENT"
1	"C28H42O2"	"[M + H]+"	"C28H43O2+"	"Terpenoids"	0.998	"Meroterpenoids"	0.979	"Prenyl quinone meroterpenoids"	0.946	"Lipids and lipid-like molecules"	0.898	"Prenol lipids"	0.869	"Quinone and hydroquinone lipids"	0.917	"Vitamin E compounds"	0.685	"Vitamin E compounds"	0.685	"Organic compounds; Organoheterocyclic compounds; Lipids and lipid-like molecules; Benzopyrans; Alkyl aryl ethers; Ethers; Prenol lipids; Organooxygen compounds; Quinone and hydroquinone lipids; Vitamin E compounds; Diterpenoids; Benzenoids; 1-benzopyrans; Oxacyclic compounds; Hydrocarbon derivatives; Organic oxygen compounds; Chemical entities"	411.325	382	6.366	"645952893704075622"	"645952722656153551"	"1041"	"DECENT"
1	"C12H15N5"	"[M + H]+"	"C12H16N5+"	"Alkaloids"	0.945	"Histidine alkaloids"	0.049	"Imidazole alkaloids"	0.049	"Organoheterocyclic compounds"	0.999	"Diazines"	0.958	"Pyrimidines and pyrimidine derivatives"	0.940	"Aminopyrimidines and derivatives"	0.651	"Aminopyrimidines and derivatives"	0.651	"Organic compounds; Organoheterocyclic compounds; Pyrimidines and pyrimidine derivatives; Organonitrogen compounds; Aminopyrimidines and derivatives; Diazines; Amines; Azacyclic compounds; Heteroaromatic compounds; Hydrocarbon derivatives; Organopnictogen compounds; Organic nitrogen compounds; Chemical entities"	230.140	491	8.185	"645952891271379144"	"645952719510422394"	"411"	"DECENT"
1	"C12H15N5"	"[M + H]+"	"C12H16N5+"	"Alkaloids"	0.908	"Histidine alkaloids"	0.042	"Imidazole alkaloids"	0.042	"Organoheterocyclic compounds"	0.999	"Diazines"	0.970	"Pyrimidines and pyrimidine derivatives"	0.957	"Aminopyrimidines and derivatives"	0.631	"Aminopyrimidines and derivatives"	0.631	"Organic compounds; Organoheterocyclic compounds; Pyrimidines and pyrimidine derivatives; Organonitrogen compounds; Aminopyrimidines and derivatives; Diazines; Azacyclic compounds; Heteroaromatic compounds; Hydrocarbon derivatives; Organopnictogen compounds; Organic nitrogen compounds; Chemical entities"	230.140	492	8.203	"645952896526842560"	"645952719506228084"	"409"	"DECENT"
1	"C6H6ClNO3S"	"[M + Na]+"	"C6H6ClNNaO3S+"	"Alkaloids"	0.169	"Nicotinic acid alkaloids"	0.034	"Halogenated fatty acids"	0.043	"Organohalogen compounds"	0.993	"Aryl halides"	0.755	"Aryl chlorides"	0.805			"Aryl chlorides"	0.805	"Organic compounds; Organoheterocyclic compounds; Organic acids and derivatives; Organohalogen compounds; Organonitrogen compounds; Organooxygen compounds; Azoles; Aryl chlorides; Organochlorides; Aryl halides; Organic oxides; Azacyclic compounds; Heteroaromatic compounds; Hydrocarbon derivatives; Organopnictogen compounds; Organic oxygen compounds; Organic nitrogen compounds; Chemical entities"	229.963	515	8.591	"645952964923361345"	"645952719510422389"	"410"	"BAD"
