"formulaRank"	"molecularFormula"	"adduct"	"precursorFormula"	"NPC#pathway"	"NPC#pathway Probability"	"NPC#superclass"	"NPC#superclass Probability"	"NPC#class"	"NPC#class Probability"	"ClassyFire#superclass"	"ClassyFire#superclass probability"	"ClassyFire#class"	"ClassyFire#class Probability"	"ClassyFire#subclass"	"ClassyFire#subclass Probability"	"ClassyFire#level 5"	"ClassyFire#level 5 Probability"	"ClassyFire#most specific class"	"ClassyFire#most specific class Probability"	"ClassyFire#all classifications"	"ionMass"	"retentionTimeInSeconds"	"retentionTimeInMinutes"	"formulaId"	"alignedFeatureId"	"mappingFeatureId"	"overallFeatureQuality"
5	"C31H27FN4O4"	"[M + H3N + H]+"	"C31H31FN5O4+"	"Alkaloids"	0.968	"Pseudoalkaloids (transamidation)"	0.260	"Carboline alkaloids"	0.041	"Benzenoids"	0.999	"Phenol ethers"	0.943	"Anisoles"	0.891			"Anisoles"	0.891	"Organic compounds; Organoheterocyclic compounds; Halobenzenes; Pyrroles; Alkyl aryl ethers; Phenols; Anisoles; Ethers; Organohalogen compounds; Organonitrogen compounds; Organooxygen compounds; Azoles; Aryl fluorides; Fluorobenzenes; Organofluorides; Benzene and substituted derivatives; Phenol ethers; Benzenoids; Aryl halides; Organic oxides; Methoxybenzenes; Azacyclic compounds; Heteroaromatic compounds; Hydrocarbon derivatives; Organopnictogen compounds; Organic oxygen compounds; 1-hydroxy-2-unsubstituted benzenoids; Organic nitrogen compounds; Phenoxy compounds; Chemical entities"	556.238	65	1.086	"645952790809404615"	"645952723453072708"	"1258"	"DECENT"
19	"C17H20F2O5"	"[M + H3N + H]+"	"C17H24F2NO5+"	"Fatty acids"	0.376	"Macrolides"	0.155	"Halogenated fatty acids"	0.096	"Lipids and lipid-like molecules"	0.527							"Lipids and lipid-like molecules"	0.527	"Organic compounds; Lipids and lipid-like molecules; Organic acids and derivatives; Carboxylic acids and derivatives; Organohalogen compounds; Organooxygen compounds; Alkyl fluorides; Organofluorides; Carbonyl compounds; Alkyl halides; Organic oxides; Oxacyclic compounds; Hydrocarbon derivatives; Organic oxygen compounds; Chemical entities"	360.165	80	1.330	"645952797839058469"	"645952722077338751"	"878"	"DECENT"
1	"C11H16O3"	"[M + H]+"	"C11H17O3+"	"Terpenoids"	0.801	"Monoterpenoids"	0.191	"2-pyrone derivatives"	0.161	"Organoheterocyclic compounds"	0.490	"Dihydrofurans"	0.385	"Furanones"	0.479	"Butenolides"	0.507	"Butenolides"	0.507	"Organic compounds; Lactones; Alcohols and polyols; Organic acids and derivatives; Carboxylic acids and derivatives; Organooxygen compounds; Monocarboxylic acids and derivatives; Carbonyl compounds; Butenolides; Enoate esters; Alpha,beta-unsaturated carboxylic esters; Organic oxides; Hydrocarbon derivatives; Organic oxygen compounds; Chemical entities"	197.117	97	1.620	"645952781963617094"	"645952719359427424"	"406"	"DECENT"
2	"C17H28O7"	"[M - H4O2 + H3N + H]+"	"C17H28NO5+"	"Polyketides"	0.471	"Macrolides"	0.407	"Macrolide lactones"	0.445	"Lipids and lipid-like molecules"	0.699	"Fatty Acyls"	0.607					"Fatty Acyls"	0.607	"Organic compounds; Organoheterocyclic compounds; Lipids and lipid-like molecules; Alcohols and polyols; Organic acids and derivatives; Carboxylic acids and derivatives; Organooxygen compounds; Carboxylic acid derivatives; Carboxylic acid esters; Secondary alcohols; Carbonyl compounds; Polyols; Fatty Acyls; Organic oxides; Oxacyclic compounds; Hydrocarbon derivatives; Organic oxygen compounds; Chemical entities"	326.196	106	1.772	"645952776720736859"	"645952721527884167"	"732"	"BAD"
1	"C17H24O5"	"[M + H]+"	"C17H25O5+"	"Terpenoids"	0.995	"Sesquiterpenoids"	0.960	"Guaiane sesquiterpenoids"	0.250	"Lipids and lipid-like molecules"	0.887	"Prenol lipids"	0.886	"Terpene lactones"	0.633	"Sesquiterpene lactones"	0.628	"Sesquiterpene lactones"	0.628	"Organic compounds; Organoheterocyclic compounds; Lipids and lipid-like molecules; Alcohols and polyols; Prenol lipids; Organic acids and derivatives; Carboxylic acids and derivatives; Organooxygen compounds; Carboxylic acid derivatives; Carboxylic acid esters; Terpene lactones; Cyclic alcohols and derivatives; Sesquiterpene lactones; Sesquiterpenoids; Secondary alcohols; Carbonyl compounds; Enoate esters; Alpha,beta-unsaturated carboxylic esters; Organic oxides; Oxacyclic compounds; Hydrocarbon derivatives; Organic oxygen compounds; Chemical entities"	309.169	106	1.775	"645952791128171735"	"645952721397860553"	"692"	"DECENT"
1	"C21H22O11"	"[M + H]+"	"C21H23O11+"	"Shikimates and Phenylpropanoids"	1.000	"Flavonoids"	0.995	"Flavanones"	0.961	"Phenylpropanoids and polyketides"	0.994	"Flavonoids"	0.997	"Flavonoid glycosides"	0.996	"Flavonoid O-glycosides"	0.997	"Flavonoid-7-O-glycosides"	0.888	"Organic compounds; Organoheterocyclic compounds; Carbohydrates and carbohydrate conjugates; Lipids and lipid-like molecules; Ketones; Benzopyrans; Aldehydes; Alkyl aryl ethers; Alcohols and polyols; Phenols; Catechols; Chromones; Ethers; Phenylpropanoids and polyketides; Organic acids and derivatives; Primary alcohols; Organooxygen compounds; Flavonoids; Flavans; Flavonoid glycosides; Benzenediols; Hexoses; Monosaccharides; Flavonoid O-glycosides; Flavanones; Acetals; Secondary alcohols; Fatty acyl glycosides; Carbonyl compounds; Oxanes; Glycosyl compounds; Alkyl glycosides; O-glycosyl compounds; Benzene and substituted derivatives; Polyols; Benzenoids; 3'-hydroxyflavonoids; 4'-hydroxyflavonoids; Hydroxyflavonoids; 5-hydroxyflavonoids; 1-benzopyrans; Flavonoid-7-O-glycosides; Aryl ketones; Aryl alkyl ketones; Fatty acyl glycosides of mono- and disaccharides; Vinylogous acids; Fatty Acyls; Organic oxides; Oxacyclic compounds; Hydrocarbon derivatives; Phenolic glycosides; Organic oxygen compounds; 1-hydroxy-2-unsubstituted benzenoids; 1-hydroxy-4-unsubstituted benzenoids; Chemical entities"	451.123	171	2.847	"645952830932118514"	"645952722991698423"	"1126"	"DECENT"
1	"C17H24O5"	"[M + H]+"	"C17H25O5+"	"Terpenoids"	0.979	"Sesquiterpenoids"	0.951	"Guaiane sesquiterpenoids"	0.131	"Lipids and lipid-like molecules"	0.801	"Prenol lipids"	0.772	"Terpene lactones"	0.505			"Terpene lactones"	0.505	"Organic compounds; Organoheterocyclic compounds; Lipids and lipid-like molecules; Lactones; Alcohols and polyols; Prenol lipids; Organic acids and derivatives; Carboxylic acids and derivatives; Organooxygen compounds; Dicarboxylic acids and derivatives; Carboxylic acid derivatives; Carboxylic acid esters; Terpene lactones; Cyclic alcohols and derivatives; Sesquiterpenoids; Secondary alcohols; Carbonyl compounds; Enoate esters; Alpha,beta-unsaturated carboxylic esters; Organic oxides; Oxacyclic compounds; Hydrocarbon derivatives; Organic oxygen compounds; Chemical entities"	309.169	214	3.571	"645952804424116042"	"645952721397860572"	"700"	"DECENT"
14	"C20H26O2Si"	"[M - H2O + H3N + H]+"	"C20H28NOSi+"	"Terpenoids"	0.965	"Diterpenoids"	0.331	"Androstane steroids"	0.215	"Lipids and lipid-like molecules"	0.797							"Lipids and lipid-like molecules"	0.797	"Organic compounds; Lipids and lipid-like molecules; Ketones; Organohalogen compounds; Organooxygen compounds; Carbonyl compounds; Cyclic ketones; Organic oxides; Hydrocarbon derivatives; Organic oxygen compounds; Chemical entities"	326.196	214	3.573	"645952792873002320"	"645952721565632915"	"733"	"DECENT"
18	"C23H23BO"	"[M + H]+"	"C23H24BO+"	"Terpenoids"	0.956	"Monoterpenoids"	0.675	"Pinane monoterpenoids"	0.927	"Organic salts"	0.989	"Organic metal salts"	0.984	"Organic metalloid salts"	0.984			"Organic metalloid salts"	0.984	"Organic compounds; Organooxygen compounds; Organometallic compounds; Organometalloid compounds; Organoboron compounds; Organic salts; Organic metalloid salts; Organic metal salts; Hydrocarbon derivatives; Alkylboranes; Organic oxygen compounds; Chemical entities"	326.196	229	3.822	"645952802897389343"	"645952721565632923"	"741"	"DECENT"
1	"C17H24O5"	"[M + H]+"	"C17H25O5+"	"Terpenoids"	0.988	"Sesquiterpenoids"	0.902	"Trichothecane sesquiterpenoids"	0.172	"Lipids and lipid-like molecules"	0.771	"Prenol lipids"	0.760	"Sesquiterpenoids"	0.710			"Sesquiterpenoids"	0.710	"Organic compounds; Organoheterocyclic compounds; Lipids and lipid-like molecules; Alcohols and polyols; Ethers; Prenol lipids; Organic acids and derivatives; Carboxylic acids and derivatives; Organooxygen compounds; Carboxylic acid derivatives; Dialkyl ethers; Carboxylic acid esters; Sesquiterpenoids; Secondary alcohols; Carbonyl compounds; Organic oxides; Oxacyclic compounds; Hydrocarbon derivatives; Organic oxygen compounds; Chemical entities"	309.169	230	3.836	"645952809692162098"	"645952721397860566"	"699"	"DECENT"
1	"C16H16O4"	"[M + H]+"	"C16H17O4+"	"Shikimates and Phenylpropanoids"	0.744	"Naphthalenes"	0.253	"Biaryl type diarylheptanoids"	0.381	"Benzenoids"	0.999	"Phenanthrenes and derivatives"	0.788	"Hydrophenanthrenes"	0.530			"Hydrophenanthrenes"	0.530	"Organic compounds; Naphthalenes; Phenanthrenes and derivatives; Alkyl aryl ethers; Phenols; Anisoles; Hydrophenanthrenes; Ethers; Organooxygen compounds; Phenol ethers; Benzenoids; Hydrocarbon derivatives; Organic oxygen compounds; 1-hydroxy-2-unsubstituted benzenoids; Chemical entities"	273.112	259	4.320	"645952820190505470"	"645952721024566990"	"581"	"DECENT"
6	"C36H58O10"	"[M + H3N + H]+"	"C36H62NO10+"	"Terpenoids"	1.000	"Triterpenoids"	0.999	"Oleanane triterpenoids"	0.742	"Lipids and lipid-like molecules"	0.999	"Prenol lipids"	0.995	"Terpene glycosides"	0.689	"Triterpene glycosides"	0.663	"Triterpene saponins"	0.663	"Organic compounds; Organoheterocyclic compounds; Carbohydrates and carbohydrate conjugates; Lipids and lipid-like molecules; Alcohols and polyols; Ethers; Steroids and steroid derivatives; Prenol lipids; Organic acids and derivatives; Carboxylic acids and derivatives; Primary alcohols; Organooxygen compounds; Carboxylic acid derivatives; Monocarboxylic acids and derivatives; Carboxylic acid esters; Cyclic alcohols and derivatives; Hydroxysteroids; Hexoses; Monosaccharides; Triterpenoids; Triterpene glycosides; Acetals; Secondary alcohols; Carbonyl compounds; Oxanes; Terpene glycosides; Polyols; Triterpene saponins; 12-hydroxysteroids; Organic oxides; Oxacyclic compounds; Hydrocarbon derivatives; Organic oxygen compounds; Chemical entities"	668.436	296	4.926	"645952841065557546"	"645952723830560848"	"1362"	"DECENT"
10	"C63H98O29"	"[M + H3N + H]+"	"C63H102NO29+"	"Terpenoids"	0.989	"Triterpenoids"	0.980	"Oleanane triterpenoids"	0.494	"Lipids and lipid-like molecules"	0.993	"Prenol lipids"	0.988	"Terpene glycosides"	0.880	"Triterpene glycosides"	0.742	"Triterpene saponins"	0.742	"Organic compounds; Organoheterocyclic compounds; Carbohydrates and carbohydrate conjugates; Lipids and lipid-like molecules; Alcohols and polyols; Oligosaccharides; Ethers; Prenol lipids; Organic acids and derivatives; Carboxylic acids and derivatives; Organooxygen compounds; Carboxylic acid derivatives; Carboxylic acid esters; Triterpenoids; Triterpene glycosides; Acetals; Secondary alcohols; Fatty acyl glycosides; Carbonyl compounds; Oxanes; Terpene glycosides; Glycosyl compounds; O-glycosyl compounds; Polyols; Triterpene saponins; Fatty Acyls; Organic oxides; Oxacyclic compounds; Hydrocarbon derivatives; Organic oxygen compounds; Chemical entities"	1336.653	299	4.975	"645952982967258379"	"645952724212243302"	"1465"	"DECENT"
4	"C43H57NO5"	"[M + H]+"	"C43H58NO5+"	"Terpenoids"	0.996	"Triterpenoids"	0.995	"Lupane triterpenoids"	0.811	"Lipids and lipid-like molecules"	0.975	"Prenol lipids"	0.961	"Triterpenoids"	0.970			"Triterpenoids"	0.970	"Organic compounds; Lipids and lipid-like molecules; Prenol lipids; Organic acids and derivatives; Carboxylic acids and derivatives; Organonitrogen compounds; Organooxygen compounds; Carboxylic acid derivatives; Monocarboxylic acids and derivatives; Carboxylic acids; Carboxylic acid esters; Triterpenoids; Carbonyl compounds; Naphthalenecarboxamides; Organic oxides; Hydrocarbon derivatives; Organopnictogen compounds; Organic oxygen compounds; Organic nitrogen compounds; Chemical entities"	668.436	306	5.106	"645952992693849367"	"645952723830560840"	"1357"	"DECENT"
1	"C21H36O8"	"[M + H]+"	"C21H37O8+"	"Terpenoids"	0.825	"Sesquiterpenoids"	0.334	"Megastigmanes"	0.149	"Lipids and lipid-like molecules"	0.907	"Prenol lipids"	0.793	"Terpene glycosides"	0.636			"Terpene glycosides"	0.636	"Organic compounds; Organoheterocyclic compounds; Carbohydrates and carbohydrate conjugates; Lipids and lipid-like molecules; Alcohols and polyols; Ethers; Prenol lipids; Primary alcohols; Organooxygen compounds; Hexoses; Monosaccharides; Acetals; Secondary alcohols; Oxanes; Terpene glycosides; Glycosyl compounds; O-glycosyl compounds; Polyols; Fatty Acyls; Oxacyclic compounds; Hydrocarbon derivatives; Organic oxygen compounds; Chemical entities"	417.248	312	5.202	"645952818915436996"	"645952722706485273"	"1060"	"DECENT"
1	"C21H36O8"	"[M + H3N + H]+"	"C21H40NO8+"	"Terpenoids"	0.924	"Apocarotenoids"	0.463	"Megastigmanes"	0.426	"Lipids and lipid-like molecules"	0.955	"Prenol lipids"	0.836	"Terpene glycosides"	0.594			"Terpene glycosides"	0.594	"Organic compounds; Organoheterocyclic compounds; Carbohydrates and carbohydrate conjugates; Lipids and lipid-like molecules; Alcohols and polyols; Ethers; Prenol lipids; Primary alcohols; Organooxygen compounds; Carboxylic acids; Hexoses; Monosaccharides; Sesquiterpenoids; Acetals; Secondary alcohols; Fatty acyl glycosides; Carbonyl compounds; Oxanes; Terpene glycosides; Glycosyl compounds; O-glycosyl compounds; Polyols; Fatty Acyls; Organic oxides; Oxacyclic compounds; Hydrocarbon derivatives; Organic oxygen compounds; Chemical entities"	434.274	312	5.204	"645952829103401844"	"645952722928783725"	"1110"	"DECENT"
2	"C32H36O14"	"[M + H3N + H]+"	"C32H40NO14+"	"Shikimates and Phenylpropanoids"	0.423	"Fatty acyl glycosides"	0.155	"Gallotannins"	0.067	"Lipids and lipid-like molecules"	0.987	"Fatty Acyls"	0.985	"Fatty acyl glycosides"	0.550	"Fatty acyl glycosides of mono- and disaccharides"	0.532	"Fatty acyl glycosides of mono- and disaccharides"	0.532	"Organic compounds; Organoheterocyclic compounds; Carbohydrates and carbohydrate conjugates; Lipids and lipid-like molecules; Styrenes; Alcohols and polyols; Ethers; Phenylpropanoids and polyketides; Organic acids and derivatives; Carboxylic acids and derivatives; Organooxygen compounds; Fatty acid esters; Cinnamic acids and derivatives; Carboxylic acid derivatives; Carboxylic acid esters; Disaccharides; Acetals; Secondary alcohols; Fatty acyl glycosides; Carbonyl compounds; Oxanes; Glycosyl compounds; O-glycosyl compounds; Benzene and substituted derivatives; Polyols; Benzenoids; Tetrahydrofurans; Cinnamic acid esters; Enoate esters; Alpha,beta-unsaturated carboxylic esters; Fatty acyl glycosides of mono- and disaccharides; Fatty Acyls; Organic oxides; Oxacyclic compounds; Hydrocarbon derivatives; Ketals; Organic oxygen compounds; Chemical entities"	662.244	321	5.343	"645952818663778731"	"645952723746674615"	"1337"	"DECENT"
1	"C32H36O14"	"[M + H]+"	"C32H37O14+"	"Terpenoids"	0.421	"Monoterpenoids"	0.779	"Iridoids monoterpenoids"	0.369	"Phenylpropanoids and polyketides"	0.979	"Cinnamic acids and derivatives"	0.983	"Cinnamic acid esters"	0.991	"O-cinnamoyl glycosides"	0.636	"O-cinnamoyl glycosides"	0.636	"Organic compounds; Organoheterocyclic compounds; Carbohydrates and carbohydrate conjugates; Lipids and lipid-like molecules; Styrenes; Alcohols and polyols; Ethers; Phenylpropanoids and polyketides; Organic acids and derivatives; Carboxylic acids and derivatives; Primary alcohols; Organooxygen compounds; Fatty acid esters; Dicarboxylic acids and derivatives; Cinnamic acids and derivatives; Carboxylic acid derivatives; Carboxylic acid esters; Monosaccharides; Acetals; Secondary alcohols; Carbonyl compounds; Oxanes; Glycosyl compounds; O-glycosyl compounds; Benzene and substituted derivatives; Polyols; Benzenoids; Methyl esters; O-cinnamoyl glycosides; Cinnamic acid esters; Enoate esters; Alpha,beta-unsaturated carboxylic esters; Fatty Acyls; Organic oxides; Oxacyclic compounds; Hydrocarbon derivatives; Organic oxygen compounds; Chemical entities"	645.216	321	5.346	"645952840935534107"	"645952723620845268"	"1308"	"DECENT"
2	"C55H82O20"	"[M + H3N + H]+"	"C55H86NO20+"	"Fatty acids"	0.801	"Fatty acyl glycosides"	0.675	"Rhamnolipids"	0.458	"Lipids and lipid-like molecules"	0.988	"Fatty Acyls"	0.987	"Fatty acyl glycosides"	0.752	"Alkyl glycosides"	0.656	"Alkyl glycosides"	0.656	"Organic compounds; Organoheterocyclic compounds; Carbohydrates and carbohydrate conjugates; Lipids and lipid-like molecules; Alcohols and polyols; Sugar acids and derivatives; Organic acids and derivatives; Carboxylic acids and derivatives; Organooxygen compounds; Fatty acid esters; Carboxylic acid derivatives; Carboxylic acid esters; Fatty alcohols; Monosaccharides; Secondary alcohols; Beta hydroxy acids and derivatives; Fatty acyl glycosides; Oxanes; Alkyl glycosides; Polyols; Fatty acyl glycosides of mono- and disaccharides; Fatty Acyls; Organic oxides; Oxacyclic compounds; Hydrocarbon derivatives; Organic oxygen compounds; Chemical entities"	1080.579	329	5.485	"645952825613740689"	"645952724170300132"	"1450"	"DECENT"
1	"C15H14O4"	"[M + H]+"	"C15H15O4+"	"Polyketides"	0.979	"Naphthalenes"	0.977	"Naphthoquinones"	0.982	"Organoheterocyclic compounds"	0.603	"Naphthopyrans"	0.697	"Naphthopyranones"	0.820			"Naphthopyranones"	0.820	"Organic compounds; Organoheterocyclic compounds; Naphthalenes; Ketones; Phenols; Naphthoquinones; Organic acids and derivatives; Organooxygen compounds; Naphthopyrans; Naphthopyranones; Carbonyl compounds; Benzenoids; Quinones; Cyclic ketones; Aryl ketones; Vinylogous acids; Organic oxides; Oxacyclic compounds; Hydrocarbon derivatives; Organic oxygen compounds; 1-hydroxy-2-unsubstituted benzenoids; 1-hydroxy-4-unsubstituted benzenoids; Chemical entities"	259.096	334	5.568	"645952833821994204"	"645952720898737706"	"547"	"DECENT"
1	"C21H34O4"	"[M + H]+"	"C21H35O4+"	"Terpenoids"	0.922	"Diterpenoids"	0.713	"Kaurane and Phyllocladane diterpenoids"	0.109	"Lipids and lipid-like molecules"	0.956	"Prenol lipids"	0.771	"Diterpenoids"	0.749			"Diterpenoids"	0.749	"Organic compounds; Lipids and lipid-like molecules; Alcohols and polyols; Prenol lipids; Organic acids and derivatives; Carboxylic acids and derivatives; Organooxygen compounds; Carboxylic acids; Cyclic alcohols and derivatives; Diterpenoids; Secondary alcohols; Carbonyl compounds; Organic oxides; Hydrocarbon derivatives; Organic oxygen compounds; Chemical entities"	351.252	343	5.713	"645952867871355861"	"645952721980869611"	"850"	"DECENT"
3	"C20H32N4"	"[M + Na]+"	"C20H32N4Na+"	"Alkaloids"	0.977	"Tryptophan alkaloids"	0.108	"Quinolizidine alkaloids"	0.248	"Organoheterocyclic compounds"	0.953	"Heteroaromatic compounds"	0.754					"Heteroaromatic compounds"	0.754	"Organic compounds; Organoheterocyclic compounds; Organonitrogen compounds; Trialkylamines; Amines; Secondary amines; Tertiary amines; Azacyclic compounds; Heteroaromatic compounds; Hydrocarbon derivatives; Organopnictogen compounds; Organic nitrogen compounds; Chemical entities"	351.252	358	5.962	"645952838754495983"	"645952721985063923"	"857"	"LOWEST"
1	"C21H28O6"	"[M + H]+"	"C21H29O6+"	"Polyketides"	0.989	"Cyclic polyketides"	0.994	"Phthalide derivatives"	0.998	"Organoheterocyclic compounds"	0.938	"Isocoumarans"	0.996	"Isobenzofuranones"	0.997	"Phthalides"	0.996	"Phthalides"	0.996	"Organic compounds; Organoheterocyclic compounds; Lipids and lipid-like molecules; Lactones; Alkyl aryl ethers; Phenols; Anisoles; Ethers; Fatty acids and conjugates; Organic acids and derivatives; Carboxylic acids and derivatives; Organooxygen compounds; Branched fatty acids; Unsaturated fatty acids; Hydroxy fatty acids; Dicarboxylic acids and derivatives; Carboxylic acid derivatives; Monocarboxylic acids and derivatives; Carboxylic acids; Carboxylic acid esters; Carbonyl compounds; Phthalides; Heterocyclic fatty acids; Phenol ethers; Benzenoids; Medium-chain fatty acids; Isobenzofuranones; Methyl-branched fatty acids; Vinylogous acids; Fatty Acyls; Organic oxides; Oxacyclic compounds; Hydrocarbon derivatives; Isocoumarans; Organic oxygen compounds; Chemical entities"	377.195	363	6.052	"645952851643592810"	"645952722240916819"	"924"	"DECENT"
1	"C28H42O2"	"[M + H]+"	"C28H43O2+"	"Terpenoids"	0.998	"Meroterpenoids"	0.979	"Prenyl quinone meroterpenoids"	0.946	"Lipids and lipid-like molecules"	0.898	"Prenol lipids"	0.869	"Quinone and hydroquinone lipids"	0.917	"Vitamin E compounds"	0.685	"Vitamin E compounds"	0.685	"Organic compounds; Organoheterocyclic compounds; Lipids and lipid-like molecules; Benzopyrans; Alkyl aryl ethers; Ethers; Prenol lipids; Organooxygen compounds; Quinone and hydroquinone lipids; Vitamin E compounds; Diterpenoids; Benzenoids; 1-benzopyrans; Oxacyclic compounds; Hydrocarbon derivatives; Organic oxygen compounds; Chemical entities"	411.325	382	6.366	"645952893704075622"	"645952722656153551"	"1041"	"DECENT"
1	"C12H15N5"	"[M + H]+"	"C12H16N5+"	"Alkaloids"	0.945	"Histidine alkaloids"	0.049	"Imidazole alkaloids"	0.049	"Organoheterocyclic compounds"	0.999	"Diazines"	0.958	"Pyrimidines and pyrimidine derivatives"	0.940	"Aminopyrimidines and derivatives"	0.651	"Aminopyrimidines and derivatives"	0.651	"Organic compounds; Organoheterocyclic compounds; Pyrimidines and pyrimidine derivatives; Organonitrogen compounds; Aminopyrimidines and derivatives; Diazines; Amines; Azacyclic compounds; Heteroaromatic compounds; Hydrocarbon derivatives; Organopnictogen compounds; Organic nitrogen compounds; Chemical entities"	230.140	491	8.185	"645952891271379144"	"645952719510422394"	"411"	"DECENT"
1	"C12H15N5"	"[M + H]+"	"C12H16N5+"	"Alkaloids"	0.908	"Histidine alkaloids"	0.042	"Imidazole alkaloids"	0.042	"Organoheterocyclic compounds"	0.999	"Diazines"	0.970	"Pyrimidines and pyrimidine derivatives"	0.957	"Aminopyrimidines and derivatives"	0.631	"Aminopyrimidines and derivatives"	0.631	"Organic compounds; Organoheterocyclic compounds; Pyrimidines and pyrimidine derivatives; Organonitrogen compounds; Aminopyrimidines and derivatives; Diazines; Azacyclic compounds; Heteroaromatic compounds; Hydrocarbon derivatives; Organopnictogen compounds; Organic nitrogen compounds; Chemical entities"	230.140	492	8.203	"645952896526842560"	"645952719506228084"	"409"	"DECENT"
1	"C6H6ClNO3S"	"[M + Na]+"	"C6H6ClNNaO3S+"	"Alkaloids"	0.169	"Nicotinic acid alkaloids"	0.034	"Halogenated fatty acids"	0.043	"Organohalogen compounds"	0.993	"Aryl halides"	0.755	"Aryl chlorides"	0.805			"Aryl chlorides"	0.805	"Organic compounds; Organoheterocyclic compounds; Organic acids and derivatives; Organohalogen compounds; Organonitrogen compounds; Organooxygen compounds; Azoles; Aryl chlorides; Organochlorides; Aryl halides; Organic oxides; Azacyclic compounds; Heteroaromatic compounds; Hydrocarbon derivatives; Organopnictogen compounds; Organic oxygen compounds; Organic nitrogen compounds; Chemical entities"	229.963	515	8.591	"645952964923361345"	"645952719510422389"	"410"	"BAD"
