"structurePerIdRank"	"formulaRank"	"ConfidenceScoreExact"	"ConfidenceScoreApproximate"	"CSI:FingerIDScore"	"ZodiacScore"	"SiriusScore"	"molecularFormula"	"adduct"	"precursorFormula"	"InChIkey2D"	"InChI"	"name"	"smiles"	"xlogp"	"pubchemids"	"links"	"dbflags"	"ionMass"	"retentionTimeInSeconds"	"retentionTimeInMinutes"	"formulaId"	"alignedFeatureId"	"mappingFeatureId"	"overallFeatureQuality"
1	5	0.025	0.025	-370.285	0.027	74.445	"C31H27FN4O4"	"[M + H3N + H]+"	"C31H31FN5O4+"	"KMYRWPUGXYOYCU"	"InChI=1S/C31H27FN4O4/c1-4-21-15-26(29-11-5-18(2)40-29)36(34-21)22-8-9-25-24(16-22)33-31(23-14-20(32)7-10-27(23)37)35(25)17-19-6-12-30(39-3)28(38)13-19/h5-16,37-38H,4,17H2,1-3H3"	"5-[[5-[3-Ethyl-5-(5-methyl-2-furyl)pyrazol-1-yl]-2-(5-fluoro-2-hydroxy-phenyl)benzimidazol-1-yl]methyl]-2-methoxy-phenol"	"CCC1=NN(C(=C1)C2=CC=C(O2)C)C3=CC4=C(C=C3)N(C(=N4)C5=C(C=CC(=C5)F)O)CC6=CC(=C(C=C6)OC)O"	6.000	"136252898"	"PUBCHEM:(136252898);PUBMED:(null)"	"66"	556.238	65	1.086	"645952790809404615"	"645952723453072708"	"1258"	"DECENT"
1	19	0.079	0.079	-244.803		143.290	"C17H20F2O5"	"[M + H3N + H]+"	"C17H24F2NO5+"	"CVKAFYMKMAPXIP"	"InChI=1S/C17H20F2O5/c1-11-9-14(24-15(11)20)23-10-13(16(21)22-2)4-3-12-5-7-17(18,19)8-6-12/h3-4,9-10,12,14H,5-8H2,1-2H3"	"methyl (E,2E)-4-(4,4-difluorocyclohexyl)-2-[(4-methyl-5-oxo-2H-furan-2-yl)oxymethylidene]but-3-enoate"	"CC1=CC(OC1=O)OC=C(C=CC2CCC(CC2)(F)F)C(=O)OC"	3.400	"163263385"	"PUBCHEM:(163263385)"	"2"	360.165	80	1.330	"645952797839058469"	"645952722077338751"	"878"	"DECENT"
1	1	0.611	0.611	-91.792	1.000	249.090	"C11H16O3"	"[M + H]+"	"C11H17O3+"	"XEVQXKKKAVVSMW"	"InChI=1S/C11H16O3/c1-10(2)5-7(12)6-11(3)8(10)4-9(13)14-11/h4,7,12H,5-6H2,1-3H3"	"Loliolide"	"CC1(CC(CC2(C1=CC(=O)O2)C)O)C"	1.000	"21774329;10176529;44511808;11019783;14334;100332;12311356;12311357"	"COCONUT:(CNP0245641);HMDB:(HMDB0302428);TeroMol:(TKC024589 TKC024591 TKC024590 TKC082335);BloodExposome:(100332);CHEBI:(69774 181628);SUPERNATURAL:(SN0428262);MESH:(100332 11019783);FooDB:(FDB004536);PUBCHEM:(21774329 10176529 44511808 11019783 14334 100332 12311356 12311357);DSSTox:(DTXSID10921035 DTXSID501019112 DTXSID601142980);LOTUS:(Q82893766 Q104399403 Q105326710 Q105326716 Q27138116 Q104254215);PUBMED:(null);KNAPSACK:(XEVQXKKKAVVSMW-UHFFFAOYSA-N)"	"138259988606"	197.117	97	1.620	"645952781963617094"	"645952719359427424"	"406"	"DECENT"
1	2	0.050	0.050	-301.422	0.452	15.002	"C17H28O7"	"[M - H4O2 + H3N + H]+"	"C17H28NO5+"	"RFCHIDVGNNTTBW"	"InChI=1S/C17H28O7/c1-2-15(19)23-13-14-24-17(21)10-6-4-8-12-22-16(20)9-5-3-7-11-18/h2,18H,1,3-14H2"	"[6-Oxo-6-(2-prop-2-enoyloxyethoxy)hexyl] 6-hydroxyhexanoate"	"C=CC(=O)OCCOC(=O)CCCCCOC(=O)CCCCCO"	1.800	"4438228"	"PUBCHEMANNOTATIONSAFETYANDTOXIC:(null);PUBCHEM:(4438228);DSSTox:(DTXSID50403300)"	"137506062338"	326.196	106	1.772	"645952776720736859"	"645952721527884167"	"732"	"BAD"
1	1	0.169	0.169	-116.849	1.000	325.956	"C17H24O5"	"[M + H]+"	"C17H25O5+"	"BRNRZUWILJEQSZ"	"InChI=1S/C17H24O5/c1-10(21-12(3)18)5-6-13-7-8-14-11(2)16(19)22-15(14)9-17(13,4)20/h7,10,14-15,20H,2,5-6,8-9H2,1,3-4H3"	"4-{7-hydroxy-7-methyl-3-methylidene-2-oxo-2H,3H,3aH,4H,7H,8H,8aH-cyclohepta[b]furan-6-yl}butan-2-yl acetate"	"CC(CCC1=CCC2C(CC1(C)O)OC(=O)C2=C)OC(=O)C"	1.700	"14414356;162901420"	"COCONUT:(CNP0169547);TeroMol:(TKC170185);SUPERNATURAL:(SN0033506);PUBCHEM:(14414356 162901420);LOTUS:(Q104944933)"	"279969794"	309.169	106	1.775	"645952791128171735"	"645952721397860553"	"692"	"DECENT"
1	1	0.912	0.951	-10.678	1.000	86.706	"C21H22O11"	"[M + H]+"	"C21H23O11+"	"RAFHNDRXYHOLSH"	"InChI=1S/C21H22O11/c22-7-16-18(27)19(28)20(29)21(32-16)30-9-4-12(25)17-13(26)6-14(31-15(17)5-9)8-1-2-10(23)11(24)3-8/h1-5,14,16,18-25,27-29H,6-7H2"	"Miscanthoside"	"C1C(OC2=CC(=CC(=C2C1=O)O)OC3C(C(C(C(O3)CO)O)O)O)C4=CC(=C(C=C4)O)O"	0.200	"95400964;95400965;51521813;51521814;5319853;51402792;51402793;134693055;22524386;124462806;162961662;162961663;162961664;162961665;162961666;16760078;92448952;3084727;60093719;24211952;92966431;59873243;13254470;13254471;13254473;91239133;133554288;133612283;24721405"	"PUBCHEMANNOTATIONBIO:(null);HMDB:(HMDB0029544);LIPIDMAPS:(LMPK12140362);SUPERNATURAL:(SN0319945);FooDB:(FDB000689);PUBCHEM:(95400964 95400965 51521813 51521814 5319853 51402792 51402793 134693055 22524386 124462806 162961662 162961663 162961664 162961665 162961666 16760078 92448952 3084727 60093719 24211952 92966431 59873243 13254470 13254471 13254473 91239133 133554288 133612283 24721405);GNPS:(CCMSLIB00000846905);COCONUT:(CNP0232838);NORMAN:(NS00057200);METACYC:(CPD-25366);CHEBI:(139458);DSSTox:(DTXSID70959814);LOTUS:(Q63399167 Q105232580 Q82940720 Q105232582);PUBCHEMANNOTATIONDRUG:(null);PUBMED:(null);KNAPSACK:(RAFHNDRXYHOLSH-UHFFFAOYSA-N)"	"140445489274"	451.123	171	2.847	"645952830932118514"	"645952722991698423"	"1126"	"DECENT"
1	1	0.289	0.289	-116.780	1.000	168.913	"C17H24O5"	"[M + H]+"	"C17H25O5+"	"PRGOXDRZYVDBGK"	"InChI=1S/C17H24O5/c1-9-5-6-13(19)10(2)8-15-16(11(3)17(20)22-15)14(7-9)21-12(4)18/h5,10-11,14-16H,6-8H2,1-4H3"	"Argentiolide B"	"CC1CC2C(C(C(=O)O2)C)C(CC(=CCC1=O)C)OC(=O)C"	2.100	"20839487;163022897;6440538;73717550"	"COCONUT:(CNP0299805);TeroMol:(TKC189883 TKC030132 TKC189884);SUPERNATURAL:(SN0293090);PUBCHEM:(20839487 163022897 6440538 73717550);LOTUS:(Q105213681 Q105213683);KNAPSACK:(PRGOXDRZYVDBGK-UHFFFAOYSA-N)"	"279969810"	309.169	214	3.571	"645952804424116042"	"645952721397860572"	"700"	"DECENT"
1	14	0.001	0.001	-179.057		38.104	"C20H26O2Si"	"[M - H2O + H3N + H]+"	"C20H28NOSi+"	"SZYLDCGKFSUERK"	"InChI=1S/C20H26O2Si/c1-5-17(16-21)22-23(20(2,3)4,18-12-8-6-9-13-18)19-14-10-7-11-15-19/h6-17H,5H2,1-4H3"	"Ethyl(tert-butyldiphenylsilanyloxy)acetaldehyde"	"CCC(C=O)O[Si](C1=CC=CC=C1)(C2=CC=CC=C2)C(C)(C)C"	5.643	"86617033;101688057;15247269"	"PUBCHEM:(86617033 101688057 15247269)"	"2"	326.196	214	3.573	"645952792873002320"	"645952721565632915"	"733"	"DECENT"
1	18	0.040	0.040	-123.660		142.603	"C23H23BO"	"[M + H]+"	"C23H24BO+"	"YCIAZMOPZCYSAR"	"InChI=1S/C23H23BO/c1-19(18-25-2)23(20-12-6-3-7-13-20)24(21-14-8-4-9-15-21)22-16-10-5-11-17-22/h3-17H,18H2,1-2H3"	"[(E)-3-methoxy-2-methyl-1-phenylprop-1-enyl]-diphenylborane"	"B(C1=CC=CC=C1)(C2=CC=CC=C2)C(=C(C)COC)C3=CC=CC=C3"	5.736	"89546197"	"PUBCHEM:(89546197)"	"2"	326.196	229	3.822	"645952802897389343"	"645952721565632923"	"741"	"DECENT"
1	1	0.139	0.139	-137.048	1.000	332.063	"C17H24O5"	"[M + H]+"	"C17H25O5+"	"PRGOXDRZYVDBGK"	"InChI=1S/C17H24O5/c1-9-5-6-13(19)10(2)8-15-16(11(3)17(20)22-15)14(7-9)21-12(4)18/h5,10-11,14-16H,6-8H2,1-4H3"	"Argentiolide B"	"CC1CC2C(C(C(=O)O2)C)C(CC(=CCC1=O)C)OC(=O)C"	2.100	"20839487;163022897;6440538;73717550"	"COCONUT:(CNP0299805);TeroMol:(TKC189883 TKC030132 TKC189884);SUPERNATURAL:(SN0293090);PUBCHEM:(20839487 163022897 6440538 73717550);LOTUS:(Q105213681 Q105213683);KNAPSACK:(PRGOXDRZYVDBGK-UHFFFAOYSA-N)"	"279969810"	309.169	230	3.836	"645952809692162098"	"645952721397860566"	"699"	"DECENT"
1	1	0.614	0.846	-72.463	1.000	120.376	"C16H16O4"	"[M + H]+"	"C16H17O4+"	"BHEGXSNCDUBUFA"	"InChI=1S/C16H16O4/c1-19-14-8-12-9(6-13(14)18)3-4-10-5-11(17)7-15(20-2)16(10)12/h5-8,17-18H,3-4H2,1-2H3"	"3,5-dimethoxy-9,10-dihydrophenanthrene-2,7-diol"	"COC1=CC(=CC2=C1C3=CC(=C(C=C3CC2)O)OC)O"	3.100	"45267920"	"COCONUT:(CNP0307636);SUPERNATURAL:(SN0025392);PUBCHEM:(45267920);DSSTox:(DTXSID90669862);LOTUS:(Q82590635);PUBMED:(null);KNAPSACK:(BHEGXSNCDUBUFA-UHFFFAOYSA-N)"	"137710534738"	273.112	259	4.320	"645952820190505470"	"645952721024566990"	"581"	"DECENT"
1	6	0.738	0.800	-34.005	0.014	262.593	"C36H58O10"	"[M + H3N + H]+"	"C36H62NO10+"	"CJHYKSSBQRABTM"	"InChI=1S/C36H58O10/c1-31(2)11-13-36(30(44)46-29-27(42)26(41)25(40)22(17-37)45-29)14-12-34(5)19(20(36)15-31)7-8-24-32(3)16-21(39)28(43)33(4,18-38)23(32)9-10-35(24,34)6/h7,20-29,37-43H,8-18H2,1-6H3"	"Arjunglucoside Ii"	"CC1(CCC2(CCC3(C(=CCC4C3(CCC5C4(CC(C(C5(C)CO)O)O)C)C)C2C1)C)C(=O)OC6C(C(C(C(O6)CO)O)O)O)C"	4.000	"154812485;124871298;76685101;5315231;22524615;23846529;124485143;101773370;102470478;52951052;162892538;162892539;162892540;162892541;162892542;162892543;162892544;10100765;73981773"	"COCONUT:(CNP0159594);TeroMol:(TKC143186 TKC143190 TKC064387 TKC143185 TKC143183 TKC143187 TKC143181 TKC059583 TKC143182 TKC143189 TKC143184);CHEBI:(67948);SUPERNATURAL:(SN0047265);PUBCHEM:(154812485 124871298 76685101 5315231 22524615 23846529 124485143 101773370 102470478 52951052 162892538 162892539 162892540 162892541 162892542 162892543 162892544 10100765 73981773);DSSTox:(DTXSID901316386);LOTUS:(Q104961142 Q104961144 Q105102673 Q27136425 Q104961141);GNPS:(CCMSLIB00000852892);PUBMED:(null);KNAPSACK:(CJHYKSSBQRABTM-UHFFFAOYSA-N)"	"137718927474"	668.436	296	4.926	"645952841065557546"	"645952723830560848"	"1362"	"DECENT"
1	10	0.721	0.721	-169.096	0.022	57.838	"C63H98O29"	"[M + H3N + H]+"	"C63H102NO29+"	"MCPFEAJYKIXPQF"	"InChI=1S/C63H98O29/c1-26-46-47(88-51-43(76)38(71)30(67)22-81-51)45(78)53(84-26)90-48-39(72)31(68)23-82-54(48)92-56(79)63-15-13-57(2,3)17-28(63)27-9-10-35-59(5)18-29(66)50(60(6,25-65)34(59)11-12-62(35,8)61(27,7)14-16-63)91-55-49(42(75)40(73)32(21-64)86-55)89-52-44(77)41(74)33(24-83-52)85-36(69)19-58(4,80)20-37(70)87-46/h9,26,28-35,38-55,64-68,71-78,80H,10-25H2,1-8H3"	"Lobatoside H"	"CC1C2C(C(C(O1)OC3C(C(COC3OC(=O)C45CCC(CC4C6=CCC7C(C6(CC5)C)(CCC8C7(CC(C(C8(C)CO)OC9C(C(C(C(O9)CO)O)O)OC1C(C(C(CO1)OC(=O)CC(CC(=O)O2)(C)O)O)O)O)C)C)(C)C)O)O)O)OC1C(C(C(CO1)O)O)O"	-1.800	"118701626;154814124;21636321;23304719;5462420;16398832;154497626;162941095;162941096;162941097;162941098;162941099;162941100;6110917;6326222;156588438;10034400;25091421;25091900;18397900;44661209;131954664;13935173;122130577"	"COCONUT:(CNP0211455);TeroMol:(TKC176746 TKC176749 TKC176747 TKC176745 TKC065253 TKC176748 TKC176750 TKC176744 TKC176751);CHEBI:(9771);SUPERNATURAL:(SN0221976);KEGG:(C08987);PUBCHEM:(118701626 154814124 21636321 23304719 5462420 16398832 154497626 162941095 162941096 162941097 162941098 162941099 162941100 6110917 6326222 156588438 10034400 25091421 25091900 18397900 44661209 131954664 13935173 122130577);DSSTox:(DTXSID801317543);LOTUS:(Q27108490);PUBMED:(null);KNAPSACK:(MCPFEAJYKIXPQF-UHFFFAOYSA-N)"	"137718923634"	1336.653	299	4.975	"645952982967258379"	"645952724212243302"	"1465"	"DECENT"
1	4	0.129	0.129	-619.263	0.021	253.311	"C43H57NO5"	"[M + H]+"	"C43H58NO5+"	"KYJMIMWHTSJVQB"	"InChI=1S/C43H57NO5/c1-23(2)13-15-26-33-27(30-22-39(4,5)49-40(6,7)34(30)36(33)46)21-28-29-20-25-14-16-31-41(8,18-11-12-24(3)38(47)48)32(45)17-19-42(31,9)43(25,10)37(29)44-35(26)28/h11-13,18,21-22,25,31-32,34,36,44-46H,14-17,19-20H2,1-10H3,(H,47,48)"	"Nodulisporic Acid C"	"CC(=CCC1=C2C(=CC3=C1C(C4C3=CC(OC4(C)C)(C)C)O)C5=C(N2)C6(C(C5)CCC7C6(CCC(C7(C)C=CC=C(C)C(=O)O)O)C)C)C"	8.100	"21599982;162946017;162946018;141897683;138984541;10995979;73812735"	"COCONUT:(CNP0216501);TeroMol:(TKC177477 TKC177476 TKC177475);SUPERNATURAL:(SN0198743);MESH:(10995979);PUBCHEM:(21599982 162946017 162946018 141897683 138984541 10995979 73812735);LOTUS:(Q77383687);PUBMED:(null);KNAPSACK:(KYJMIMWHTSJVQB-UHFFFAOYSA-N)"	"279969878"	668.436	306	5.106	"645952992693849367"	"645952723830560840"	"1357"	"DECENT"
1	1	0.310	0.310	-166.526	0.964	102.846	"C21H36O8"	"[M + H]+"	"C21H37O8+"	"HZGHDVGELBGBAW"	"InChI=1S/C21H36O8/c1-5-21(4,27)10-15(9-13(2)7-6-8-14(3)11-22)28-20-19(26)18(25)17(24)16(12-23)29-20/h5,8-9,15-20,22-27H,1,6-7,10-12H2,2-4H3"		"CC(=CC(CC(C)(C=C)O)OC1C(C(C(C(O1)CO)O)O)O)CCC=C(C)CO"	0.884	""	"TeroMol:(TKC034603)"	"8388608"	417.248	312	5.202	"645952818915436996"	"645952722706485273"	"1060"	"DECENT"
1	1	0.420	0.506	-108.476	0.495	244.758	"C21H36O8"	"[M + H3N + H]+"	"C21H40NO8+"	"HZGHDVGELBGBAW"	"InChI=1S/C21H36O8/c1-5-21(4,27)10-15(9-13(2)7-6-8-14(3)11-22)28-20-19(26)18(25)17(24)16(12-23)29-20/h5,8-9,15-20,22-27H,1,6-7,10-12H2,2-4H3"		"CC(=CC(CC(C)(C=C)O)OC1C(C(C(C(O1)CO)O)O)O)CCC=C(C)CO"	0.884	""	"TeroMol:(TKC034603)"	"8388608"	434.274	312	5.204	"645952829103401844"	"645952722928783725"	"1110"	"DECENT"
1	2	0.996	0.996	-46.724	0.263	55.327	"C32H36O14"	"[M + H3N + H]+"	"C32H40NO14+"	"DZWUHQWMBJEXLN"	"InChI=1S/C32H36O14/c1-19(34)41-16-22-26(37)28(39)29(40)31(43-22)46-32(18-33)30(44-25(36)15-13-21-10-6-3-7-11-21)27(38)23(45-32)17-42-24(35)14-12-20-8-4-2-5-9-20/h2-15,22-23,26-31,33,37-40H,16-18H2,1H3"	"[(2R,3R,4S,5S)-5-[(2R,3R,4S,5S,6R)-6-(acetyloxymethyl)-3,4,5-trihydroxyoxan-2-yl]oxy-3-hydroxy-5-(hydroxymethyl)-4-[(E)-3-phenylprop-2-enoyl]oxyoxolan-2-yl]methyl (E)-3-phenylprop-2-enoate"	"CC(=O)OCC1C(C(C(C(O1)OC2(C(C(C(O2)COC(=O)C=CC3=CC=CC=C3)O)OC(=O)C=CC4=CC=CC=C4)CO)O)O)O"	0.802	"154812458"	"PUBCHEM:(154812458)"	"2"	662.244	321	5.343	"645952818663778731"	"645952723746674615"	"1337"	"DECENT"
1	1	0.970	0.970	-114.071	0.387	21.653	"C32H36O14"	"[M + H]+"	"C32H37O14+"	"DZWUHQWMBJEXLN"	"InChI=1S/C32H36O14/c1-19(34)41-16-22-26(37)28(39)29(40)31(43-22)46-32(18-33)30(44-25(36)15-13-21-10-6-3-7-11-21)27(38)23(45-32)17-42-24(35)14-12-20-8-4-2-5-9-20/h2-15,22-23,26-31,33,37-40H,16-18H2,1H3"	"[(2R,3R,4S,5S)-5-[(2R,3R,4S,5S,6R)-6-(acetyloxymethyl)-3,4,5-trihydroxyoxan-2-yl]oxy-3-hydroxy-5-(hydroxymethyl)-4-[(E)-3-phenylprop-2-enoyl]oxyoxolan-2-yl]methyl (E)-3-phenylprop-2-enoate"	"CC(=O)OCC1C(C(C(C(O1)OC2(C(C(C(O2)COC(=O)C=CC3=CC=CC=C3)O)OC(=O)C=CC4=CC=CC=C4)CO)O)O)O"	0.802	"154812458"	"PUBCHEM:(154812458)"	"2"	645.216	321	5.346	"645952840935534107"	"645952723620845268"	"1308"	"DECENT"
1	2	-Infinity	-Infinity	-495.512	0.498	79.760	"C55H82O20"	"[M + H3N + H]+"	"C55H86NO20+"	"NXBNIVRYPZROFV"	"InChI=1S/C55H82O20/c1-27(57)34-17-20-55(63)53(34,6)40(72-50(61)31-13-11-10-12-14-31)25-39-52(5)18-16-33(21-32(52)15-19-54(39,55)62)70-41-22-35(64-7)47(28(2)67-41)73-42-23-36(65-8)48(29(3)68-42)74-43-24-37(66-9)49(30(4)69-43)75-51-46(60)45(59)44(58)38(26-56)71-51/h10-15,28-30,33-49,51,56,58-60,62-63H,16-26H2,1-9H3"	"1-acetyl-3a,3b-dihydroxy-7-{[4-methoxy-5-({4-methoxy-5-[(4-methoxy-6-methyl-5-{[3,4,5-trihydroxy-6-(hydroxymethyl)oxan-2-yl]oxy}oxan-2-yl)oxy]-6-methyloxan-2-yl}oxy)-6-methyloxan-2-yl]oxy}-9a,11a-dimethyl-1H,2H,3H,3aH,3bH,4H,6H,7H,8H,9H,9aH,9bH,10H,11H,11aH-cyclopenta[a]phenanthren-11-yl benzoate"	"CC1C(C(CC(O1)OC2CCC3(C4CC(C5(C(CCC5(C4(CC=C3C2)O)O)C(=O)C)C)OC(=O)C6=CC=CC=C6)C)OC)OC7CC(C(C(O7)C)OC8CC(C(C(O8)C)OC9C(C(C(C(O9)CO)O)O)O)OC)OC"	2.300	"101460824;101460826;75076495;44817802;44817974"	"COCONUT:(CNP0286721);TeroMol:(TKC117230);SUPERNATURAL:(SN0257580);PUBCHEM:(101460824 101460826 75076495 44817802 44817974);LOTUS:(Q105186922 Q105186921)"	"279969794"	1080.579	329	5.485	"645952825613740689"	"645952724170300132"	"1450"	"DECENT"
1	1	0.439	0.720	-54.315	1.000	103.541	"C15H14O4"	"[M + H]+"	"C15H15O4+"	"MYROJYNCTNKRCD"	"InChI=1S/C15H14O4/c1-15(2)7-6-9-12(17)8-4-3-5-10(16)11(8)13(18)14(9)19-15/h3-5,16H,6-7H2,1-2H3"	"9-Hydroxy-2,2-Dimethyl-3,4-Dihydrobenzo[G]Chromene-5,10-Dione"	"CC1(CCC2=C(O1)C(=O)C3=C(C2=O)C=CC=C3O)C"	2.800	"5320006"	"COCONUT:(CNP0203597);SUPERNATURAL:(SN0238919);PUBCHEM:(5320006);DSSTox:(DTXSID70415768);LOTUS:(Q72484669);PUBMED:(null)"	"137710534722"	259.096	334	5.568	"645952833821994204"	"645952720898737706"	"547"	"DECENT"
1	1	0.201	0.201	-152.827	1.000	328.146	"C21H34O4"	"[M + H]+"	"C21H35O4+"	"XZFRIPGNUQRGPI"	"InChI=1S/C21H34O4/c1-2-3-4-8-17(22)10-11-18-19-13-15(7-5-6-9-21(24)25)12-16(19)14-20(18)23/h7,10-11,16-20,22-23H,2-6,8-9,12-14H2,1H3,(H,24,25)"	"5-[5-hydroxy-4-(3-hydroxyoct-1-en-1-yl)-octahydropentalen-2-ylidene]pentanoic acid"	"CCCCCC(C=CC1C(CC2C1CC(=CCCCC(=O)O)C2)O)O"	3.200	"87952149;5311242;5353471;22828428;69658243;69658249;69691104;124389595;6373250;6436393;59156506;70930446;133126726;12850418;12850423;90691801;54496111;54496112;11233421;11382532;2552;83873"	"PUBCHEMANNOTATIONBIO:(null);COCONUT:(CNP0349999);NORMAN:(NS00017062);HMDB:(HMDB0247207);PUBCHEMANNOTATIONSAFETYANDTOXIC:(null);BloodExposome:(133126726 6436393 137795497 12850418 5311242 69691104 2552);CHEBI:(92482 173208 190588);SUPERNATURAL:(SN0444033);MESH:(2552 5311242 6436393 69691104 133126726);PUBCHEM:(87952149 5311242 5353471 22828428 69658243 69658249 69691104 124389595 6373250 6436393 59156506 70930446 133126726 12850418 12850423 90691801 54496111 54496112 11233421 11382532 2552 83873);PUBCHEMANNOTATIONDRUG:(null);PUBMED:(null)"	"125042798"	351.252	343	5.713	"645952867871355861"	"645952721980869611"	"850"	"DECENT"
1	3	0.063	0.063	-215.847	0.111	2.994	"C20H32N4"	"[M + Na]+"	"C20H32N4Na+"	"SXRVVGWZEPVAGR"	"InChI=1S/C20H32N4/c21-16-20-22-18(11-8-14-24-12-6-3-7-13-24)15-19(23-20)17-9-4-1-2-5-10-17/h1,4,15,17H,2-3,5-14,16,21H2"	"[4-[(1R)-cyclohept-3-en-1-yl]-6-(3-piperidin-1-ylpropyl)pyrimidin-2-yl]methanamine"	"C1CCN(CC1)CCCC2=CC(=NC(=N2)CN)C3CCCC=CC3"	2.800	"44631850"	"PUBCHEMANNOTATIONBIO:(null);PUBCHEM:(44631850)"	"16777218"	351.252	358	5.962	"645952838754495983"	"645952721985063923"	"857"	"LOWEST"
1	1	0.800	0.800	-102.768	1.000	105.545	"C21H28O6"	"[M + H]+"	"C21H29O6+"	"WTKBSOWHEPFXEG"	"InChI=1S/C21H28O6/c1-12(7-6-8-13(2)20(23)26-5)9-10-15-18(22)17-16(11-27-21(17)24)14(3)19(15)25-4/h9,13,22H,6-8,10-11H2,1-5H3"	"methyl (E)-8-(4-hydroxy-6-methoxy-7-methyl-3-oxo-1H-2-benzofuran-5-yl)-2,6-dimethyloct-6-enoate"	"CC1=C2COC(=O)C2=C(C(=C1OC)CC=C(C)CCCC(C)C(=O)OC)O"	5.000	"154812472"	"PUBCHEM:(154812472)"	"2"	377.195	363	6.052	"645952851643592810"	"645952722240916819"	"924"	"DECENT"
1	1	0.360	0.516	-127.863	1.000	208.192	"C28H42O2"	"[M + H]+"	"C28H43O2+"	"OTXNTMVVOOBZCV"	"InChI=1S/C28H42O2/c1-20(2)11-8-12-21(3)13-9-14-22(4)15-10-17-28(7)18-16-25-19-26(29)23(5)24(6)27(25)30-28/h11,13,15,19,29H,8-10,12,14,16-18H2,1-7H3"	"Gamma-Tocotrienol"	"CC1=C(C=C2CCC(OC2=C1C)(C)CCC=C(C)CCC=C(C)CCC=C(C)C)O"	8.900	"9909519;53394606;5282349;102242638;102242639;102242640;102242641;102242642;102242643;162858852;162858853;140700757;25193608;644088;37888816;10835462"	"PUBCHEMANNOTATIONBIO:(null);HMDB:(HMDB0012958 HMDB0242577);MiMeDB:(MMDBc0000265);TeroMol:(TKC026895);BloodExposome:(5282349 644088);LIPIDMAPS:(LMPR02020057);SUPERNATURAL:(SN0275162);MESH:(5282349);FooDB:(FDB001298);PUBCHEM:(9909519 53394606 5282349 102242638 102242639 102242640 102242641 102242642 102242643 162858852 162858853 140700757 25193608 644088 37888816 10835462);COCONUT:(CNP0121778);METACYC:(CPD-15838);PLANTCYC:(CPD-15838);CHEBI:(33277 143048);KEGG:(C14155);DSSTox:(DTXSID101019984);LOTUS:(Q104193734 Q15633932);PUBCHEMANNOTATIONDRUG:(null);PUBMED:(null);KNAPSACK:(OTXNTMVVOOBZCV-UHFFFAOYSA-N)"	"141531679102"	411.325	382	6.366	"645952893704075622"	"645952722656153551"	"1041"	"DECENT"
1	1	0.775	0.775	-28.577	1.000	24.768	"C12H15N5"	"[M + H]+"	"C12H16N5+"	"GVJDQMPCJBIRAI"	"InChI=1S/C12H15N5/c1-7-5-8(2)14-11(13-7)17-12-15-9(3)6-10(4)16-12/h5-6H,1-4H3,(H,13,14,15,16,17)"	"N-(4,6-dimethylpyrimidin-2-yl)-4,6-dimethylpyrimidin-2-amine"	"CC1=CC(=NC(=N1)NC2=NC(=CC(=N2)C)C)C"	2.300	"155453170"	"PUBCHEM:(155453170)"	"2"	230.140	491	8.185	"645952891271379144"	"645952719510422394"	"411"	"DECENT"
1	1	0.844	0.844	-14.177	1.000	37.819	"C12H15N5"	"[M + H]+"	"C12H16N5+"	"GVJDQMPCJBIRAI"	"InChI=1S/C12H15N5/c1-7-5-8(2)14-11(13-7)17-12-15-9(3)6-10(4)16-12/h5-6H,1-4H3,(H,13,14,15,16,17)"	"N-(4,6-dimethylpyrimidin-2-yl)-4,6-dimethylpyrimidin-2-amine"	"CC1=CC(=NC(=N1)NC2=NC(=CC(=N2)C)C)C"	2.300	"155453170"	"PUBCHEM:(155453170)"	"2"	230.140	492	8.203	"645952896526842560"	"645952719506228084"	"409"	"DECENT"
1	1	0.032	0.070	-202.013	0.998	40.832	"C6H6ClNO3S"	"[M + Na]+"	"C6H6ClNNaO3S+"	"LYKXXCYWOSGOIA"	"InChI=1S/C6H6ClNO3S/c1-11-6-5(12(7,9)10)3-2-4-8-6/h2-4H,1H3"	"2-Methoxypyridine-3-sulfonyl chloride"	"COC1=C(C=CC=N1)S(=O)(=O)Cl"	1.200	"18366192"	"PUBCHEMANNOTATIONSAFETYANDTOXIC:(null);PUBCHEM:(18366192);DSSTox:(DTXSID60593160)"	"137506062338"	229.963	515	8.591	"645952964923361345"	"645952719510422389"	"410"	"BAD"
