"formulaRank"	"molecularFormula"	"adduct"	"precursorFormula"	"NPC#pathway"	"NPC#pathway Probability"	"NPC#superclass"	"NPC#superclass Probability"	"NPC#class"	"NPC#class Probability"	"ClassyFire#superclass"	"ClassyFire#superclass probability"	"ClassyFire#class"	"ClassyFire#class Probability"	"ClassyFire#subclass"	"ClassyFire#subclass Probability"	"ClassyFire#level 5"	"ClassyFire#level 5 Probability"	"ClassyFire#most specific class"	"ClassyFire#most specific class Probability"	"ClassyFire#all classifications"	"ionMass"	"retentionTimeInSeconds"	"retentionTimeInMinutes"	"formulaId"	"alignedFeatureId"	"mappingFeatureId"	"overallFeatureQuality"
16	"C16H22B2O6"	"[M + H3N + H]+"	"C16H26B2NO6+"	"Terpenoids"	0.984	"Monoterpenoids"	0.968	"Pinane monoterpenoids"	0.975	"Organic oxygen compounds"	0.996	"Organooxygen compounds"	0.968	"Carbohydrates and carbohydrate conjugates"	0.729	"Monosaccharides"	0.782	"Monosaccharides"	0.782	"Organic compounds; Organoheterocyclic compounds; Carbohydrates and carbohydrate conjugates; Lipids and lipid-like molecules; Alcohols and polyols; Ethers; Organic acids and derivatives; Organooxygen compounds; Organometallic compounds; Boronic acid derivatives; Organometalloid compounds; Monosaccharides; Secondary alcohols; Organoboron compounds; Organic salts; Organic metalloid salts; Organic metal salts; Oxacyclic compounds; Hydrocarbon derivatives; Alkylboranes; Organic oxygen compounds; Chemical entities"	348.201	104	1.732	"645967545144552069"	"645967459975009214"	"703"	"DECENT"
1	"C12H19NO3"	"[M + H]+"	"C12H20NO3+"	"Fatty acids"	0.648	"Small peptides"	0.551	"Aminoacids"	0.660	"Organic acids and derivatives"	0.984	"Carboxylic acids and derivatives"	0.980	"Amino acids, peptides, and analogues"	0.705	"Amino acids and derivatives"	0.704	"Amino acids"	0.815	"Organic compounds; Lipids and lipid-like molecules; Amino acids, peptides, and analogues; Fatty acids and conjugates; Organic acids and derivatives; Carboxylic acids and derivatives; Organonitrogen compounds; Organooxygen compounds; Amino acids and derivatives; Monoalkylamines; Amino fatty acids; Monocarboxylic acids and derivatives; Carboxylic acids; Carbonyl compounds; Amines; Primary amines; Fatty Acyls; Organic oxides; Hydrocarbon derivatives; Amino acids; Organopnictogen compounds; Organic oxygen compounds; Organic nitrogen compounds; Chemical entities"	226.144	158	2.640	"645967512919713046"	"645967459014512684"	"537"	"DECENT"
1	"C15H20O5"	"[M + H]+"	"C15H21O5+"	"Terpenoids"	0.986	"Sesquiterpenoids"	0.968	"Cadinane sesquiterpenoids"	0.360	"Lipids and lipid-like molecules"	0.562	"Prenol lipids"	0.682	"Terpene lactones"	0.570			"Terpene lactones"	0.570	"Organic compounds; Organoheterocyclic compounds; Lipids and lipid-like molecules; Lactones; Alcohols and polyols; Prenol lipids; Organic acids and derivatives; Carboxylic acids and derivatives; Primary alcohols; Organooxygen compounds; Dicarboxylic acids and derivatives; Carboxylic acid derivatives; Carboxylic acids; Terpene lactones; Carbonyl compounds; Organic oxides; Oxacyclic compounds; Hydrocarbon derivatives; Organic oxygen compounds; Chemical entities"	281.138	195	3.248	"645967525787838249"	"645967459417166230"	"604"	"DECENT"
1	"C21H24N2O4"	"[M + H]+"	"C21H25N2O4+"	"Alkaloids"	1.000	"Tryptophan alkaloids"	0.999	"Corynanthe type"	0.996	"Organic acids and derivatives"	1.000	"Carboxylic acids and derivatives"	1.000	"Amino acids, peptides, and analogues"	0.994	"Amino acids and derivatives"	0.994	"Amino acids and derivatives"	0.994	"Organic compounds; Organoheterocyclic compounds; Amino acids, peptides, and analogues; Lactams; Piperidines; Indoles and derivatives; Pyrrolidines; Indolizidines; Organic acids and derivatives; Carboxylic acids and derivatives; Organonitrogen compounds; Organooxygen compounds; Amino acids and derivatives; Carboxylic acid amides; Carboxylic acid derivatives; Monocarboxylic acids and derivatives; Indolines; Carboxylic acid esters; Secondary carboxylic acid amides; Carbonyl compounds; Trialkylamines; Benzenoids; Amines; Tertiary amines; Methyl esters; N-alkylpyrrolidines; Enoate esters; Alpha,beta-unsaturated carboxylic esters; Vinylogous esters; Aralkylamines; Organic oxides; Azacyclic compounds; Oxacyclic compounds; Hydrocarbon derivatives; Organopnictogen compounds; Organic oxygen compounds; Organic nitrogen compounds; Chemical entities"	369.181	234	3.905	"645967612316335047"	"645967461409463053"	"1032"	"DECENT"
1	"C21H24N2O4"	"[M + H]+"	"C21H25N2O4+"	"Alkaloids"	1.000	"Tryptophan alkaloids"	0.999	"Corynanthe type"	0.996	"Organic acids and derivatives"	1.000	"Carboxylic acids and derivatives"	1.000	"Amino acids, peptides, and analogues"	0.994	"Amino acids and derivatives"	0.994	"Amino acids and derivatives"	0.994	"Organic compounds; Organoheterocyclic compounds; Amino acids, peptides, and analogues; Lactams; Piperidines; Indoles and derivatives; Pyrrolidines; Indolizidines; Organic acids and derivatives; Carboxylic acids and derivatives; Organonitrogen compounds; Organooxygen compounds; Amino acids and derivatives; Carboxylic acid amides; Carboxylic acid derivatives; Monocarboxylic acids and derivatives; Indolines; Carboxylic acid esters; Secondary carboxylic acid amides; Carbonyl compounds; Trialkylamines; Benzenoids; Amines; Tertiary amines; Methyl esters; N-alkylpyrrolidines; Enoate esters; Alpha,beta-unsaturated carboxylic esters; Vinylogous esters; Aralkylamines; Organic oxides; Azacyclic compounds; Oxacyclic compounds; Hydrocarbon derivatives; Organopnictogen compounds; Organic oxygen compounds; Organic nitrogen compounds; Chemical entities"	369.181	253	4.210	"645967558654405823"	"645967461371714290"	"1029"	"DECENT"
1	"C48H78O19"	"[M + H]+"	"C48H79O19+"	"Terpenoids"	1.000	"Triterpenoids"	0.999	"Oleanane triterpenoids"	0.923	"Lipids and lipid-like molecules"	0.999	"Prenol lipids"	0.998	"Terpene glycosides"	0.991	"Triterpene glycosides"	0.989	"Triterpene saponins"	0.989	"Organic compounds; Organoheterocyclic compounds; Carbohydrates and carbohydrate conjugates; Lipids and lipid-like molecules; Pyrans; Alcohols and polyols; Oligosaccharides; Sugar acids and derivatives; Ethers; Steroids and steroid derivatives; Prenol lipids; Organic acids and derivatives; Carboxylic acids and derivatives; Primary alcohols; Organooxygen compounds; Glucuronides; Hydroxy acids and derivatives; Carboxylic acids; Cyclic alcohols and derivatives; Triterpenoids; Triterpene glycosides; Acetals; Secondary alcohols; Beta hydroxy acids and derivatives; Carbonyl compounds; Oxanes; Terpene glycosides; Glucuronic acid derivatives; Glycosyl compounds; O-glycosyl compounds; Polyols; Triterpene saponins; O-glucuronides; Organic oxides; Oxacyclic compounds; Hydrocarbon derivatives; Organic oxygen compounds; Chemical entities"	959.520	265	4.416	"645967598559016269"	"645967461635955857"	"1094"	"DECENT"
3	"C19H28O8"	"[M + H3N + H]+"	"C19H32NO8+"	"Terpenoids"	0.988	"Sesquiterpenoids"	0.737	"Guaiane sesquiterpenoids"	0.152	"Lipids and lipid-like molecules"	0.762	"Prenol lipids"	0.724					"Prenol lipids"	0.724	"Organic compounds; Organoheterocyclic compounds; Lipids and lipid-like molecules; Lactones; Alcohols and polyols; Prenol lipids; Organic acids and derivatives; Carboxylic acids and derivatives; Organooxygen compounds; Carboxylic acid derivatives; Carboxylic acid esters; Cyclic alcohols and derivatives; Secondary alcohols; Carbonyl compounds; Tetrahydrofurans; Organic oxides; Oxacyclic compounds; Hydrocarbon derivatives; Organic oxygen compounds; Chemical entities"	402.212	268	4.459	"645967539847145794"	"645967460520269441"	"822"	"DECENT"
1	"C32H38O15"	"[M + H]+"	"C32H39O15+"	"Shikimates and Phenylpropanoids"	1.000	"Flavonoids"	0.999	"Flavonols"	0.993	"Phenylpropanoids and polyketides"	0.997	"Flavonoids"	0.996	"Flavonoid glycosides"	0.995	"Flavonoid O-glycosides"	0.991	"Flavonoid-3-O-glycosides"	0.974	"Organic compounds; Organoheterocyclic compounds; Carbohydrates and carbohydrate conjugates; Pyrans; Benzopyrans; Alcohols and polyols; Phenols; Chromones; Ethers; Phenylpropanoids and polyketides; Organic acids and derivatives; Primary alcohols; Organooxygen compounds; Flavonoids; Pyranones and derivatives; Flavonoid glycosides; Disaccharides; Flavonoid O-glycosides; Flavones; Acetals; Secondary alcohols; Oxanes; Glycosyl compounds; O-glycosyl compounds; Benzene and substituted derivatives; Polyols; Benzenoids; 4'-hydroxyflavonoids; Hydroxyflavonoids; 5-hydroxyflavonoids; 1-benzopyrans; 8-prenylated flavones; Flavonoid-3-O-glycosides; Flavonoid-7-O-glycosides; Vinylogous acids; Organic oxides; Oxacyclic compounds; Heteroaromatic compounds; Hydrocarbon derivatives; Phenolic glycosides; Organic oxygen compounds; 1-hydroxy-2-unsubstituted benzenoids; Chemical entities"	663.228	279	4.643	"645967559803645181"	"645967461568846876"	"1083"	"DECENT"
1	"C30H20O11"	"[M + H]+"	"C30H21O11+"	"Shikimates and Phenylpropanoids"	1.000	"Flavonoids"	0.978	"Flavones"	0.982	"Phenylpropanoids and polyketides"	1.000	"Flavonoids"	0.998	"Biflavonoids and polyflavonoids"	0.965			"Biflavonoids and polyflavonoids"	0.965	"Organic compounds; Organoheterocyclic compounds; Pyrans; Ketones; Benzopyrans; Alkyl aryl ethers; Phenols; Catechols; Chromones; Stilbenes; Ethers; Phenylpropanoids and polyketides; Organic acids and derivatives; Organooxygen compounds; Flavonoids; Flavans; Pyranones and derivatives; Benzenediols; Biflavonoids and polyflavonoids; Isoflavans; Flavones; Flavanones; Isoflavanones; Carbonyl compounds; Benzene and substituted derivatives; Benzenoids; Isoflavonoids; 3'-hydroxyflavonoids; 4'-hydroxyflavonoids; Hydroxyflavonoids; 5-hydroxyflavonoids; 7-hydroxyflavonoids; 1-benzopyrans; Pyranoisoflavonoids; Aryl ketones; Aryl alkyl ketones; Vinylogous acids; Organic oxides; Oxacyclic compounds; Heteroaromatic compounds; Hydrocarbon derivatives; Hydroxyisoflavonoids; Organic oxygen compounds; 1-hydroxy-2-unsubstituted benzenoids; 1-hydroxy-4-unsubstituted benzenoids; Chemical entities"	557.107	284	4.726	"645967647221335298"	"645967461577235496"	"1081"	"DECENT"
3	"C18H29N5O4"	"[M + Na]+"	"C18H29N5NaO4+"	"Amino acids and Peptides"	0.852	"Small peptides"	0.647	"Dipeptides"	0.286	"Organic acids and derivatives"	0.898	"Carboxylic acids and derivatives"	0.794	"Amino acids, peptides, and analogues"	0.635	"Amino acids and derivatives"	0.623	"Amino acids and derivatives"	0.623	"Organic compounds; Organoheterocyclic compounds; Amino acids, peptides, and analogues; Pyrimidines and pyrimidine derivatives; Organic acids and derivatives; Carboxylic acids and derivatives; Organonitrogen compounds; Primary alcohols; Organooxygen compounds; Amino acids and derivatives; Carboxylic acid amides; Carboxylic acid derivatives; Diazines; Carbonyl compounds; Benzene and substituted derivatives; Benzenoids; Amines; Organic oxides; Azacyclic compounds; Heteroaromatic compounds; Hydrocarbon derivatives; Organopnictogen compounds; Organic oxygen compounds; Organic nitrogen compounds; Chemical entities"	402.210	312	5.192	"645967548365777647"	"645967460507686507"	"819"	"BAD"
1	"C22H28N2O6"	"[M + H]+"	"C22H29N2O6+"	"Amino acids and Peptides"	0.566	"Macrolides"	0.079	"Isocoumarins"	0.045	"Organic acids and derivatives"	0.999	"Carboxylic acids and derivatives"	0.997	"Amino acids, peptides, and analogues"	0.945	"Amino acids and derivatives"	0.942	"Alpha amino acids and derivatives"	0.960	"Organic compounds; Organoheterocyclic compounds; Lipids and lipid-like molecules; Amino acids, peptides, and analogues; Lactones; Alpha amino acids and derivatives; Lactams; Organic acids and derivatives; Carboxylic acids and derivatives; Organonitrogen compounds; Organooxygen compounds; Fatty amides; Amino acids and derivatives; Carboxylic acid amides; Carboxylic acid derivatives; Monocarboxylic acids and derivatives; Carboxylic acids; Carboxylic acid esters; Secondary carboxylic acid amides; Carbonyl compounds; Fatty Acyls; Organic oxides; Azacyclic compounds; Oxacyclic compounds; Hydrocarbon derivatives; Organopnictogen compounds; Organic oxygen compounds; Organic nitrogen compounds; Chemical entities"	417.202	315	5.253	"645967594809308096"	"645967461065529691"	"947"	"DECENT"
1	"C15H28O4"	"[M + H]+"	"C15H29O4+"	"Terpenoids"	0.799	"Monoterpenoids"	0.759	"Iridoids monoterpenoids"	0.728	"Lipids and lipid-like molecules"	0.836	"Fatty Acyls"	0.477	"Fatty alcohols"	0.601			"Fatty alcohols"	0.601	"Organic compounds; Organoheterocyclic compounds; Lipids and lipid-like molecules; Lactones; Alcohols and polyols; Organic acids and derivatives; Carboxylic acids and derivatives; Primary alcohols; Organooxygen compounds; Carboxylic acid derivatives; Monocarboxylic acids and derivatives; Carboxylic acid esters; Gamma butyrolactones; Fatty alcohols; Secondary alcohols; Carbonyl compounds; Oxolanes; Organic oxides; Oxacyclic compounds; Hydrocarbon derivatives; Organic oxygen compounds; Chemical entities"	273.206	335	5.585	"645967568146116358"	"645967459333280079"	"594"	"DECENT"
1	"C15H22O2"	"[M + H]+"	"C15H23O2+"	"Terpenoids"	0.995	"Sesquiterpenoids"	0.983	"Zizaane sesquiterpenoids"	0.426	"Lipids and lipid-like molecules"	0.904	"Prenol lipids"	0.921	"Sesquiterpenoids"	0.810			"Sesquiterpenoids"	0.810	"Organic compounds; Lipids and lipid-like molecules; Prenol lipids; Organic acids and derivatives; Carboxylic acids and derivatives; Organooxygen compounds; Monocarboxylic acids and derivatives; Carboxylic acids; Sesquiterpenoids; Carbonyl compounds; Organic oxides; Hydrocarbon derivatives; Organic oxygen compounds; Chemical entities"	235.169	359	5.977	"645967560055303443"	"645967458989346858"	"536"	"BAD"
1	"C26H50NO7P"	"[M + H]+"	"C26H51NO7P+"	"Fatty acids"	1.000	"Glycerophospholipids"	1.000	"Glycerophosphocholines"	0.998	"Lipids and lipid-like molecules"	0.991	"Glycerophospholipids"	0.996	"Glycerophosphocholines"	0.996	"Lysophosphatidylcholines"	0.989	"1-acyl-sn-glycero-3-phosphocholines"	0.966	"Organic compounds; Lipids and lipid-like molecules; Alcohols and polyols; Glycerophospholipids; Organic acids and derivatives; Carboxylic acids and derivatives; Organonitrogen compounds; Organooxygen compounds; Fatty acid esters; Organic phosphoric acids and derivatives; Phosphate esters; Quaternary ammonium salts; Cholines; Carboxylic acid derivatives; Monocarboxylic acids and derivatives; Carboxylic acid esters; Phosphocholines; Lysophosphatidylcholines; 1-acyl-sn-glycero-3-phosphocholines; Secondary alcohols; Carbonyl compounds; Glycerophosphocholines; Amines; Alkyl phosphates; Dialkyl phosphates; Organic cations; Organic salts; Fatty Acyls; Organic oxides; Hydrocarbon derivatives; Tetraalkylammonium salts; Organopnictogen compounds; Organic oxygen compounds; Organic nitrogen compounds; Chemical entities"	520.339	359	5.977	"645967561397480766"	"645967461350742745"	"1025"	"DECENT"
1	"C30H46O5"	"[M + H]+"	"C30H47O5+"	"Terpenoids"	0.997	"Triterpenoids"	0.982	"Fusidane triterpenoids"	0.348	"Lipids and lipid-like molecules"	0.994	"Prenol lipids"	0.912	"Triterpenoids"	0.870			"Triterpenoids"	0.870	"Organic compounds; Lipids and lipid-like molecules; Alcohols and polyols; Steroids and steroid derivatives; Prenol lipids; Organic acids and derivatives; Carboxylic acids and derivatives; Organooxygen compounds; Monocarboxylic acids and derivatives; Carboxylic acids; Cyclic alcohols and derivatives; Hydroxysteroids; Triterpenoids; Secondary alcohols; Carbonyl compounds; Organic oxides; Hydrocarbon derivatives; Organic oxygen compounds; Chemical entities"	487.341	360	6.006	"645967650446755084"	"645967461044558148"	"943"	"DECENT"
18	"C18H31F3O4"	"[M - H2O + H]+"	"C18H30F3O3+"	"Fatty acids"	0.871	"Fatty Acids and Conjugates"	0.271	"Halogenated fatty acids"	0.356	"Lipids and lipid-like molecules"	0.781	"Fatty Acyls"	0.712					"Fatty Acyls"	0.712	"Organic compounds; Lipids and lipid-like molecules; Organic acids and derivatives; Carboxylic acids and derivatives; Organohalogen compounds; Organooxygen compounds; Alkyl fluorides; Carboxylic acid derivatives; Monocarboxylic acids and derivatives; Carboxylic acid esters; Organofluorides; Carbonyl compounds; Alkyl halides; Fatty Acyls; Organic oxides; Hydrocarbon derivatives; Organic oxygen compounds; Chemical entities"	351.216	362	6.029	"645967566153821851"	"645967459928871807"	"694"	"DECENT"
1	"C27H32O7"	"[M + H3N + H]+"	"C27H36NO7+"	"Shikimates and Phenylpropanoids"	0.993	"Lignans"	0.991	"Dibenzocyclooctadienes lignans"	0.998	"Phenylpropanoids and polyketides"	0.772	"Tannins"	0.896	"Hydrolyzable tannins"	0.940			"Hydrolyzable tannins"	0.940	"Organic compounds; Lipids and lipid-like molecules; Alkyl aryl ethers; Anisoles; Tannins; Ethers; Phenylpropanoids and polyketides; Organic acids and derivatives; Carboxylic acids and derivatives; Benzodioxoles; Organooxygen compounds; Fatty acid esters; Dicarboxylic acids and derivatives; Carboxylic acid derivatives; Carboxylic acid esters; Lignans, neolignans and related compounds; Dibenzocyclooctadiene lignans; Hydrolyzable tannins; Carbonyl compounds; Phenol ethers; Benzenoids; Enoate esters; Alpha,beta-unsaturated carboxylic esters; Fatty Acyls; Organic oxides; Hydrocarbon derivatives; Organic oxygen compounds; Chemical entities"	486.248	375	6.253	"645967635200459985"	"645967461040363834"	"941"	"DECENT"
1	"C27H32O7"	"[M + H]+"	"C27H33O7+"	"Shikimates and Phenylpropanoids"	0.999	"Lignans"	0.999	"Dibenzocyclooctadienes lignans"	1.000	"Phenylpropanoids and polyketides"	0.907	"Tannins"	0.986	"Hydrolyzable tannins"	0.992			"Hydrolyzable tannins"	0.992	"Organic compounds; Organoheterocyclic compounds; Lipids and lipid-like molecules; Alkyl aryl ethers; Anisoles; Tannins; Ethers; Phenylpropanoids and polyketides; Organic acids and derivatives; Carboxylic acids and derivatives; Benzodioxoles; Organooxygen compounds; Fatty acid esters; Dicarboxylic acids and derivatives; Carboxylic acid derivatives; Carboxylic acid esters; Lignans, neolignans and related compounds; Dibenzocyclooctadiene lignans; Hydrolyzable tannins; Carbonyl compounds; Phenol ethers; Benzenoids; Enoate esters; Alpha,beta-unsaturated carboxylic esters; Fatty Acyls; Organic oxides; Oxacyclic compounds; Hydrocarbon derivatives; Organic oxygen compounds; Chemical entities"	469.221	376	6.262	"645967585892217096"	"645967460981643502"	"925"	"DECENT"
