"formulaRank"	"molecularFormula"	"adduct"	"precursorFormula"	"NPC#pathway"	"NPC#pathway Probability"	"NPC#superclass"	"NPC#superclass Probability"	"NPC#class"	"NPC#class Probability"	"ClassyFire#superclass"	"ClassyFire#superclass probability"	"ClassyFire#class"	"ClassyFire#class Probability"	"ClassyFire#subclass"	"ClassyFire#subclass Probability"	"ClassyFire#level 5"	"ClassyFire#level 5 Probability"	"ClassyFire#most specific class"	"ClassyFire#most specific class Probability"	"ClassyFire#all classifications"	"ionMass"	"retentionTimeInSeconds"	"retentionTimeInMinutes"	"formulaId"	"alignedFeatureId"	"mappingFeatureId"	"overallFeatureQuality"
1	"C10H11NO3"	"[M - H]-"	"C10H10NO3-"	"Alkaloids"	0.864	"Phenylpropanoids (C6-C3)"	0.505	"Anthranillic acid derivatives"	0.068	"Benzenoids"	1.000	"Phenol ethers"	0.995	"Anisoles"	0.995			"Anisoles"	0.995	"Organic compounds; Alkyl aryl ethers; Anisoles; Ethers; Organic acids and derivatives; Carboxylic acids and derivatives; Organonitrogen compounds; Aniline and substituted anilines; Benzoyl derivatives; Organooxygen compounds; Carbonyl compounds; Benzene and substituted derivatives; Phenol ethers; Benzenoids; Organic oxides; Methoxybenzenes; Hydrocarbon derivatives; Organopnictogen compounds; Organic oxygen compounds; Organic nitrogen compounds; Phenoxy compounds; Chemical entities"	192.066	67	1.112	"645943417302052507"	"645943343700392544"	"471"	"DECENT"
1	"C17H25NO6"	"[M - H]-"	"C17H24NO6-"	"Alkaloids"	0.946	"Ornithine alkaloids"	0.896	"Pyrrolizidine alkaloids"	0.946	"Organic acids and derivatives"	0.999	"Hydroxy acids and derivatives"	0.696	"Beta hydroxy acids and derivatives"	0.661			"Beta hydroxy acids and derivatives"	0.661	"Organic compounds; Organoheterocyclic compounds; Lipids and lipid-like molecules; Pyrrolines; Alcohols and polyols; Pyrrolidines; Organic acids and derivatives; Carboxylic acids and derivatives; Organonitrogen compounds; Organooxygen compounds; Fatty acid esters; Hydroxy acids and derivatives; Carboxylic acid derivatives; Monocarboxylic acids and derivatives; Carboxylic acid esters; Secondary alcohols; Tertiary alcohols; Beta hydroxy acids and derivatives; Carbonyl compounds; Polyols; Amines; 1,2-diols; N-alkylpyrrolidines; Fatty Acyls; Organic oxides; Azacyclic compounds; Hydrocarbon derivatives; Organopnictogen compounds; Organic oxygen compounds; Organic nitrogen compounds; Chemical entities"	338.160	123	2.045	"645943442967000127"	"645943347269749165"	"1541"	"DECENT"
1	"C26H44O11"	"[M - H]-"	"C26H43O11-"	"Terpenoids"	0.932	"Diterpenoids"	0.556	"Pimarane and Isopimarane diterpenoids"	0.045	"Lipids and lipid-like molecules"	0.995	"Prenol lipids"	0.808	"Diterpenoids"	0.850			"Diterpenoids"	0.850	"Organic compounds; Organoheterocyclic compounds; Carbohydrates and carbohydrate conjugates; Lipids and lipid-like molecules; Alcohols and polyols; Ethers; Prenol lipids; Fatty acids and conjugates; Organic acids and derivatives; Carboxylic acids and derivatives; Primary alcohols; Organooxygen compounds; Branched fatty acids; Hydroxy fatty acids; Hydroxy acids and derivatives; Monocarboxylic acids and derivatives; Carboxylic acids; Cyclic alcohols and derivatives; Hexoses; Monosaccharides; Diterpenoids; Acetals; Secondary alcohols; Carbonyl compounds; Heterocyclic fatty acids; Oxanes; Polyols; Methyl-branched fatty acids; Fatty Acyls; Saccharolipids; Organic oxides; Oxacyclic compounds; Hydrocarbon derivatives; Organic oxygen compounds; Chemical entities"	531.280	126	2.104	"645943463225489665"	"645943349186549673"	"2352"	"DECENT"
1	"C26H44O11"	"[M + CH2O2 - H]-"	"C27H45O13-"	"Terpenoids"	0.976	"Diterpenoids"	0.555	"Pimarane and Isopimarane diterpenoids"	0.037	"Lipids and lipid-like molecules"	0.996	"Prenol lipids"	0.884	"Diterpenoids"	0.897			"Diterpenoids"	0.897	"Organic compounds; Organoheterocyclic compounds; Carbohydrates and carbohydrate conjugates; Lipids and lipid-like molecules; Alcohols and polyols; Prenol lipids; Fatty acids and conjugates; Organic acids and derivatives; Carboxylic acids and derivatives; Organooxygen compounds; Branched fatty acids; Hydroxy fatty acids; Hydroxy acids and derivatives; Monocarboxylic acids and derivatives; Carboxylic acids; Cyclic alcohols and derivatives; Hexoses; Monosaccharides; Diterpenoids; Secondary alcohols; Tertiary alcohols; Carbonyl compounds; Heterocyclic fatty acids; Oxanes; Polyols; Methyl-branched fatty acids; Fatty Acyls; Saccharolipids; Organic oxides; Oxacyclic compounds; Hydrocarbon derivatives; Organic oxygen compounds; Chemical entities"	577.286	126	2.104	"645943450575468116"	"645943349480151527"	"2464"	"DECENT"
1	"C34H44O20"	"[M - H]-"	"C34H43O20-"	"Shikimates and Phenylpropanoids"	1.000	"Flavonoids"	0.999	"Flavanones"	1.000	"Phenylpropanoids and polyketides"	0.995	"Flavonoids"	0.999	"Flavonoid glycosides"	0.998	"Flavonoid O-glycosides"	0.997	"Flavonoid-7-O-glycosides"	0.998	"Organic compounds; Organoheterocyclic compounds; Carbohydrates and carbohydrate conjugates; Ketones; Benzopyrans; Alkyl aryl ethers; Alcohols and polyols; Phenols; Chromones; Ethers; Phenylpropanoids and polyketides; Organic acids and derivatives; Primary alcohols; Organooxygen compounds; Flavonoids; Flavans; Flavonoid glycosides; Disaccharides; Flavonoid O-glycosides; Flavanones; Acetals; Secondary alcohols; Carbonyl compounds; Oxanes; Glycosyl compounds; O-glycosyl compounds; Benzene and substituted derivatives; Polyols; Benzenoids; 4'-hydroxyflavonoids; Hydroxyflavonoids; 5-hydroxyflavonoids; 1-benzopyrans; Flavonoid-7-O-glycosides; Aryl ketones; Aryl alkyl ketones; Vinylogous acids; Organic oxides; Oxacyclic compounds; Hydrocarbon derivatives; Phenolic glycosides; Organic oxygen compounds; 1-hydroxy-2-unsubstituted benzenoids; 1-hydroxy-4-unsubstituted benzenoids; Chemical entities"	771.235	152	2.539	"645943514022707863"	"645943349807308005"	"2609"	"DECENT"
1	"C33H42O18"	"[M - H]-"	"C33H41O18-"	"Shikimates and Phenylpropanoids"	1.000	"Flavonoids"	0.999	"Flavanones"	1.000	"Phenylpropanoids and polyketides"	0.998	"Flavonoids"	0.999	"Flavonoid glycosides"	0.999	"Flavonoid O-glycosides"	0.997	"Flavonoid-7-O-glycosides"	0.998	"Organic compounds; Organoheterocyclic compounds; Carbohydrates and carbohydrate conjugates; Ketones; Benzopyrans; Alkyl aryl ethers; Alcohols and polyols; Phenols; Chromones; Ethers; Phenylpropanoids and polyketides; Organic acids and derivatives; Primary alcohols; Organooxygen compounds; Flavonoids; Flavans; Flavonoid glycosides; Disaccharides; Flavonoid O-glycosides; Flavanones; Acetals; Secondary alcohols; Carbonyl compounds; Oxanes; Glycosyl compounds; O-glycosyl compounds; Benzene and substituted derivatives; Polyols; Benzenoids; 4'-hydroxyflavonoids; Hydroxyflavonoids; 5-hydroxyflavonoids; 1-benzopyrans; Flavonoid-7-O-glycosides; Aryl ketones; Aryl alkyl ketones; Vinylogous acids; Organic oxides; Oxacyclic compounds; Hydrocarbon derivatives; Phenolic glycosides; Organic oxygen compounds; 1-hydroxy-2-unsubstituted benzenoids; 1-hydroxy-4-unsubstituted benzenoids; Chemical entities"	725.229	153	2.548	"645943509375418743"	"645943349685672939"	"2566"	"DECENT"
1	"C15H22O4"	"[M - H]-"	"C15H21O4-"	"Terpenoids"	0.991	"Sesquiterpenoids"	0.945	"Bisabolane sesquiterpenoids"	0.055	"Lipids and lipid-like molecules"	0.783	"Prenol lipids"	0.824	"Sesquiterpenoids"	0.739			"Sesquiterpenoids"	0.739	"Organic compounds; Lipids and lipid-like molecules; Alcohols and polyols; Prenol lipids; Organic acids and derivatives; Carboxylic acids and derivatives; Organooxygen compounds; Hydroxy acids and derivatives; Monocarboxylic acids and derivatives; Carboxylic acids; Cyclic alcohols and derivatives; Sesquiterpenoids; Secondary alcohols; Tertiary alcohols; Carbonyl compounds; Organic oxides; Hydrocarbon derivatives; Organic oxygen compounds; Chemical entities"	265.144	165	2.747	"645943449979876890"	"645943345864655299"	"991"	"DECENT"
1	"C20H22O9"	"[M - H]-"	"C20H21O9-"	"Shikimates and Phenylpropanoids"	0.998	"Phenolic acids (C6-C1)"	0.997	"Simple phenolic acids"	0.997	"Organic oxygen compounds"	1.000	"Organooxygen compounds"	1.000	"Carbohydrates and carbohydrate conjugates"	1.000	"Glycosyl compounds"	0.999	"Phenolic glycosides"	0.999	"Organic compounds; Organoheterocyclic compounds; Carbohydrates and carbohydrate conjugates; Benzyl alcohols; Alcohols and polyols; Phenols; Benzoic acids and derivatives; Ethers; Organic acids and derivatives; Carboxylic acids and derivatives; Primary alcohols; Benzoyl derivatives; Organooxygen compounds; Carboxylic acid derivatives; Benzyloxycarbonyls; Monocarboxylic acids and derivatives; Carboxylic acid esters; Benzoic acid esters; Hexoses; Monosaccharides; Acetals; Secondary alcohols; Oxanes; Glycosyl compounds; O-glycosyl compounds; Benzene and substituted derivatives; Polyols; Phenol ethers; Benzenoids; Organic oxides; Oxacyclic compounds; Hydrocarbon derivatives; Phenolic glycosides; Organic oxygen compounds; 4-alkoxyphenols; 1-hydroxy-2-unsubstituted benzenoids; Phenoxy compounds; Chemical entities"	405.118	168	2.794	"645943451523380869"	"645943348137971549"	"1895"	"DECENT"
1	"C16H24O6"	"[M - H]-"	"C16H23O6-"	"Terpenoids"	0.961	"Sesquiterpenoids"	0.854	"Botryane sesquiterpenoids"	0.028	"Lipids and lipid-like molecules"	0.735	"Prenol lipids"	0.584	"Sesquiterpenoids"	0.548			"Sesquiterpenoids"	0.548	"Organic compounds; Organoheterocyclic compounds; Lipids and lipid-like molecules; Alcohols and polyols; Prenol lipids; Organic acids and derivatives; Carboxylic acids and derivatives; Organooxygen compounds; Dicarboxylic acids and derivatives; Carboxylic acid derivatives; Carboxylic acids; Carboxylic acid esters; Cyclic alcohols and derivatives; Sesquiterpenoids; Secondary alcohols; Tertiary alcohols; Carbonyl compounds; Organic oxides; Oxacyclic compounds; Hydrocarbon derivatives; Organic oxygen compounds; Chemical entities"	311.150	191	3.187	"645943455004653416"	"645943346749654658"	"1325"	"DECENT"
1	"C48H78O20"	"[M - H]-"	"C48H77O20-"	"Terpenoids"	0.999	"Triterpenoids"	0.999	"Oleanane triterpenoids"	0.910	"Lipids and lipid-like molecules"	0.998	"Prenol lipids"	0.992	"Terpene glycosides"	0.914	"Triterpene glycosides"	0.890	"Triterpene saponins"	0.890	"Organic compounds; Organoheterocyclic compounds; Carbohydrates and carbohydrate conjugates; Lipids and lipid-like molecules; Alcohols and polyols; Ethers; Prenol lipids; Organic acids and derivatives; Carboxylic acids and derivatives; Primary alcohols; Organooxygen compounds; Carboxylic acid derivatives; Monocarboxylic acids and derivatives; Carboxylic acids; Carboxylic acid esters; Cyclic alcohols and derivatives; Disaccharides; Triterpenoids; Triterpene glycosides; Acetals; Secondary alcohols; Fatty acyl glycosides; Carbonyl compounds; Oxanes; Terpene glycosides; Glycosyl compounds; O-glycosyl compounds; Polyols; Triterpene saponins; Fatty Acyls; Organic oxides; Oxacyclic compounds; Hydrocarbon derivatives; Organic oxygen compounds; Chemical entities"	973.501	259	4.315	"645943516300215140"	"645943350025412364"	"2703"	"DECENT"
1	"C47H76O18"	"[M - H]-"	"C47H75O18-"	"Terpenoids"	0.999	"Triterpenoids"	0.992	"Oleanane triterpenoids"	0.842	"Lipids and lipid-like molecules"	0.983	"Prenol lipids"	0.980	"Terpene glycosides"	0.869	"Triterpene glycosides"	0.748	"Triterpene saponins"	0.748	"Organic compounds; Organoheterocyclic compounds; Carbohydrates and carbohydrate conjugates; Lipids and lipid-like molecules; Alcohols and polyols; Ethers; Prenol lipids; Organic acids and derivatives; Carboxylic acids and derivatives; Primary alcohols; Organooxygen compounds; Carboxylic acid derivatives; Monocarboxylic acids and derivatives; Carboxylic acid esters; Disaccharides; Triterpenoids; Triterpene glycosides; Acetals; Secondary alcohols; Carbonyl compounds; Oxanes; Terpene glycosides; Glycosyl compounds; O-glycosyl compounds; Polyols; Triterpene saponins; Organic oxides; Oxacyclic compounds; Hydrocarbon derivatives; Organic oxygen compounds; Chemical entities"	927.494	260	4.333	"645943569299443724"	"645943349928943080"	"2657"	"BAD"
1	"C48H78O20"	"[M - H]-"	"C48H77O20-"	"Terpenoids"	0.999	"Triterpenoids"	0.999	"Oleanane triterpenoids"	0.918	"Lipids and lipid-like molecules"	0.998	"Prenol lipids"	0.994	"Terpene glycosides"	0.942	"Triterpene glycosides"	0.931	"Triterpene saponins"	0.931	"Organic compounds; Organoheterocyclic compounds; Carbohydrates and carbohydrate conjugates; Lipids and lipid-like molecules; Alcohols and polyols; Ethers; Steroids and steroid derivatives; Prenol lipids; Organic acids and derivatives; Carboxylic acids and derivatives; Primary alcohols; Organooxygen compounds; Carboxylic acid derivatives; Monocarboxylic acids and derivatives; Carboxylic acids; Carboxylic acid esters; Cyclic alcohols and derivatives; Disaccharides; Triterpenoids; Triterpene glycosides; Acetals; Secondary alcohols; Fatty acyl glycosides; Carbonyl compounds; Oxanes; Terpene glycosides; Glycosyl compounds; O-glycosyl compounds; Polyols; Triterpene saponins; Fatty Acyls; Organic oxides; Oxacyclic compounds; Hydrocarbon derivatives; Organic oxygen compounds; Chemical entities"	973.501	260	4.333	"645943492837277291"	"645943350025412346"	"2695"	"DECENT"
1	"C48H78O20"	"[M - H]-"	"C48H77O20-"	"Terpenoids"	1.000	"Triterpenoids"	0.998	"Oleanane triterpenoids"	0.930	"Lipids and lipid-like molecules"	0.998	"Prenol lipids"	0.991	"Terpene glycosides"	0.978	"Triterpene glycosides"	0.983	"Triterpene saponins"	0.983	"Organic compounds; Organoheterocyclic compounds; Carbohydrates and carbohydrate conjugates; Lipids and lipid-like molecules; Alcohols and polyols; Ethers; Steroids and steroid derivatives; Prenol lipids; Organic acids and derivatives; Carboxylic acids and derivatives; Primary alcohols; Organooxygen compounds; Carboxylic acid derivatives; Monocarboxylic acids and derivatives; Carboxylic acid esters; Disaccharides; Triterpenoids; Triterpene glycosides; Acetals; Secondary alcohols; Carbonyl compounds; Oxanes; Terpene glycosides; Glycosyl compounds; O-glycosyl compounds; Polyols; Triterpene saponins; Organic oxides; Oxacyclic compounds; Hydrocarbon derivatives; Organic oxygen compounds; Chemical entities"	973.501	277	4.616	"645943508746273073"	"645943350025412356"	"2702"	"DECENT"
1	"C15H29ClN4O3"	"[M + CH2O2 - H]-"	"C16H30ClN4O5-"	"Alkaloids"	0.357	"Small peptides"	0.065	"Imidazole alkaloids"	0.021	"Organohalogen compounds"	0.999	"Aryl halides"	0.997	"Aryl chlorides"	0.998			"Aryl chlorides"	0.998	"Organic compounds; Organoheterocyclic compounds; Organic acids and derivatives; Carboxylic acids and derivatives; Organohalogen compounds; Organonitrogen compounds; Organooxygen compounds; Organic carbonic acids and derivatives; Azoles; Aryl chlorides; Monocarboxylic acids and derivatives; Carboxylic acids; Organochlorides; Carbonyl compounds; Aryl halides; Organic oxides; Azacyclic compounds; Heteroaromatic compounds; Hydrocarbon derivatives; Organopnictogen compounds; Organic oxygen compounds; Organic nitrogen compounds; Chemical entities"	393.191	310	5.159	"645943463582005533"	"645943348003753570"	"1832"	"DECENT"
1	"C20H28O5"	"[M - H]-"	"C20H27O5-"	"Terpenoids"	0.972	"Diterpenoids"	0.935	"Gibberellins"	0.080	"Lipids and lipid-like molecules"	0.793	"Prenol lipids"	0.769	"Diterpenoids"	0.660			"Diterpenoids"	0.660	"Organic compounds; Lipids and lipid-like molecules; Ketones; Alcohols and polyols; Prenol lipids; Organic acids and derivatives; Carboxylic acids and derivatives; Organooxygen compounds; Dicarboxylic acids and derivatives; Carboxylic acids; Cyclic alcohols and derivatives; Diterpenoids; Tertiary alcohols; Carbonyl compounds; Organic oxides; Hydrocarbon derivatives; Organic oxygen compounds; Chemical entities"	347.186	310	5.165	"645943463435204878"	"645943347378801234"	"1583"	"DECENT"
1	"C48H74O19"	"[M - H]-"	"C48H73O19-"	"Terpenoids"	0.999	"Triterpenoids"	0.999	"Oleanane triterpenoids"	0.703	"Lipids and lipid-like molecules"	0.998	"Prenol lipids"	0.996	"Terpene glycosides"	0.945	"Triterpene glycosides"	0.931	"Triterpene saponins"	0.931	"Organic compounds; Organoheterocyclic compounds; Carbohydrates and carbohydrate conjugates; Lipids and lipid-like molecules; Pyrans; Ketones; Alcohols and polyols; Oligosaccharides; Sugar acids and derivatives; Ethers; Steroids and steroid derivatives; Prenol lipids; Organic acids and derivatives; Carboxylic acids and derivatives; Primary alcohols; Organooxygen compounds; Glucuronides; Hydroxy acids and derivatives; Monocarboxylic acids and derivatives; Carboxylic acids; Triterpenoids; Triterpene glycosides; Acetals; Secondary alcohols; Beta hydroxy acids and derivatives; Fatty acyl glycosides; Carbonyl compounds; Oxanes; Terpene glycosides; Glucuronic acid derivatives; Glycosyl compounds; O-glycosyl compounds; Polyols; Triterpene saponins; Fatty Acyls; Organic oxides; Oxacyclic compounds; Hydrocarbon derivatives; Organic oxygen compounds; Chemical entities"	953.474	317	5.282	"645943579030229711"	"645943349949914655"	"2667"	"DECENT"
1	"C29H46O6"	"[M - H]-"	"C29H45O6-"	"Terpenoids"	0.999	"Diterpenoids"	0.438	"Lanostane, Tirucallane and Euphane triterpenoids"	0.154	"Lipids and lipid-like molecules"	0.950	"Steroids and steroid derivatives"	0.888	"Steroid acids"	0.714	"4-carboxy steroids"	0.782	"4-carboxy steroids"	0.782	"Organic compounds; Lipids and lipid-like molecules; Alcohols and polyols; Hydrophenanthrenes; Steroids and steroid derivatives; Prenol lipids; Organic acids and derivatives; Carboxylic acids and derivatives; Organooxygen compounds; Hydroxy acids and derivatives; Monocarboxylic acids and derivatives; Carboxylic acids; Cyclic alcohols and derivatives; Hydroxysteroids; Secondary alcohols; Beta hydroxy acids and derivatives; Carbonyl compounds; Steroid acids; 4-carboxy steroids; Organic oxides; Hydrocarbon derivatives; Organic oxygen compounds; Chemical entities"	489.321	322	5.370	"645943502291238947"	"645943348876170507"	"2219"	"DECENT"
1	"C30H48O8"	"[M - H]-"	"C30H47O8-"	"Terpenoids"	0.969	"Steroids"	0.843	"Cholestane steroids"	0.120	"Lipids and lipid-like molecules"	0.958	"Steroids and steroid derivatives"	0.936	"Bile acids, alcohols and derivatives"	0.665	"Hydroxy bile acids, alcohols and derivatives"	0.561	"Hydroxy bile acids, alcohols and derivatives"	0.561	"Organic compounds; Lipids and lipid-like molecules; Ketones; Alcohols and polyols; Steroids and steroid derivatives; Organic acids and derivatives; Carboxylic acids and derivatives; Organooxygen compounds; Monocarboxylic acids and derivatives; Oxosteroids; Carboxylic acids; Carboxylic acid esters; Cyclic alcohols and derivatives; Hydroxysteroids; Bile acids, alcohols and derivatives; Secondary alcohols; Tertiary alcohols; Carbonyl compounds; Hydroxy bile acids, alcohols and derivatives; 3-hydroxysteroids; Cyclic ketones; Organic oxides; Hydrocarbon derivatives; Organic oxygen compounds; Chemical entities"	535.327	322	5.372	"645943482523483305"	"645943349228492765"	"2361"	"DECENT"
1	"C20H28O5"	"[M - H]-"	"C20H27O5-"	"Terpenoids"	0.991	"Diterpenoids"	0.600	"Gibberellins"	0.026	"Lipids and lipid-like molecules"	0.981	"Prenol lipids"	0.960	"Diterpenoids"	0.753			"Diterpenoids"	0.753	"Organic compounds; Lipids and lipid-like molecules; Prenol lipids; Organic acids and derivatives; Carboxylic acids and derivatives; Organooxygen compounds; Fatty acid esters; Dicarboxylic acids and derivatives; Carboxylic acid derivatives; Carboxylic acids; Carboxylic acid esters; Diterpenoids; Carbonyl compounds; Fatty Acyls; Organic oxides; Hydrocarbon derivatives; Organic oxygen compounds; Chemical entities"	347.186	327	5.450	"645943480933842030"	"645943347378801238"	"1584"	"BAD"
1	"C36H58O9"	"[M + CH2O2 - H]-"	"C37H59O11-"	"Terpenoids"	1.000	"Triterpenoids"	0.997	"Oleanane triterpenoids"	0.494	"Lipids and lipid-like molecules"	0.999	"Prenol lipids"	0.990	"Terpene glycosides"	0.884	"Triterpene glycosides"	0.906	"Triterpene saponins"	0.906	"Organic compounds; Organoheterocyclic compounds; Carbohydrates and carbohydrate conjugates; Lipids and lipid-like molecules; Alcohols and polyols; Ethers; Steroids and steroid derivatives; Prenol lipids; Organic acids and derivatives; Carboxylic acids and derivatives; Primary alcohols; Organooxygen compounds; Monocarboxylic acids and derivatives; Carboxylic acids; Carboxylic acid esters; Cyclic alcohols and derivatives; Hydroxysteroids; Hexoses; Monosaccharides; Triterpenoids; Triterpene glycosides; Acetals; Secondary alcohols; Carbonyl compounds; Oxanes; Terpene glycosides; Glycosyl compounds; O-glycosyl compounds; Polyols; Triterpene saponins; Organic oxides; Oxacyclic compounds; Hydrocarbon derivatives; Organic oxygen compounds; Chemical entities"	679.405	328	5.466	"645943479985929281"	"645943349601786712"	"2542"	"DECENT"
1	"C20H28O5"	"[M - H]-"	"C20H27O5-"	"Terpenoids"	0.665	"Diterpenoids"	0.717	"Tetracyclic diterpenoids"	0.025	"Lipids and lipid-like molecules"	0.811							"Lipids and lipid-like molecules"	0.811	"Organic compounds; Lipids and lipid-like molecules; Alcohols and polyols; Organic acids and derivatives; Carboxylic acids and derivatives; Primary alcohols; Organooxygen compounds; Carboxylic acid derivatives; Carboxylic acid esters; Secondary alcohols; Tertiary alcohols; Carbonyl compounds; Polyols; 1,2-diols; Organic oxides; Hydrocarbon derivatives; Organic oxygen compounds; Chemical entities"	347.186	336	5.603	"645943491834838583"	"645943347378801240"	"1587"	"BAD"
1	"C58H104O28"	"[M - H]-"	"C58H103O28-"	"Fatty acids"	0.979	"Fatty acyls"	0.787	"Resin glycosides"	0.265	"Lipids and lipid-like molecules"	0.947	"Fatty Acyls"	0.974	"Fatty acyl glycosides"	0.985	"Alkyl glycosides"	0.884	"Alkyl glycosides"	0.884	"Organic compounds; Organoheterocyclic compounds; Carbohydrates and carbohydrate conjugates; Lipids and lipid-like molecules; Alcohols and polyols; Sugar acids and derivatives; Ethers; Organic acids and derivatives; Carboxylic acids and derivatives; Primary alcohols; Organooxygen compounds; Fatty acid esters; Carboxylic acid derivatives; Carboxylic acids; Carboxylic acid esters; Monosaccharides; Acetals; Secondary alcohols; Fatty acyl glycosides; Carbonyl compounds; Oxanes; Glycosyl compounds; Alkyl glycosides; O-glycosyl compounds; Polyols; Fatty acyl glycosides of mono- and disaccharides; Fatty Acyls; Organic oxides; Oxacyclic compounds; Hydrocarbon derivatives; Organic oxygen compounds; Chemical entities"	1247.662	344	5.735	"645943520687457283"	"645943350109298590"	"2728"	"DECENT"
1	"C22H40N2O7"	"[M - H]-"	"C22H39N2O7-"	"Polyketides"	0.945	"Oligopeptides"	0.601	"Depsipeptides"	0.988	"Organic acids and derivatives"	1.000	"Peptidomimetics"	0.882	"Depsipeptides"	0.955	"Cyclic depsipeptides"	0.584	"Cyclic depsipeptides"	0.584	"Organic compounds; Lipids and lipid-like molecules; Amino acids, peptides, and analogues; Lactones; Alpha amino acids and derivatives; Alcohols and polyols; Organic acids and derivatives; Carboxylic acids and derivatives; Organonitrogen compounds; Organooxygen compounds; Fatty acid esters; Fatty amides; Amino acids and derivatives; Alpha amino acid esters; Carboxylic acid amides; Carboxylic acid derivatives; N-acyl amines; N-acyl-alpha amino acids and derivatives; Carboxylic acids; Carboxylic acid esters; Secondary alcohols; Secondary carboxylic acid amides; Peptidomimetics; Carbonyl compounds; Depsipeptides; Cyclic depsipeptides; N-acyl-alpha amino acids; Fatty Acyls; Organic oxides; Hydrocarbon derivatives; Valine and derivatives; Organopnictogen compounds; Organic oxygen compounds; Organic nitrogen compounds; Chemical entities"	443.275	345	5.744	"645943495664238288"	"645943348473516538"	"2051"	"DECENT"
1	"C12H26O4S"	"[M - H]-"	"C12H25O4S-"	"Fatty acids"	0.978	"Fatty acyls"	0.086	"Hydrocarbons"	0.004	"Organic acids and derivatives"	0.999	"Organic sulfuric acids and derivatives"	0.999	"Sulfuric acid esters"	0.977	"Sulfuric acid monoesters"	0.915	"Sulfuric acid monoesters"	0.915	"Organic compounds; Organic acids and derivatives; Organooxygen compounds; Organic sulfuric acids and derivatives; Sulfuric acid monoesters; Sulfuric acid esters; Alkyl sulfates; Organic oxides; Hydrocarbon derivatives; Organic oxygen compounds; Chemical entities"	265.147	356	5.935	"645943499090984810"	"645943345826906554"	"987"	"BAD"
1	"C20H36O6"	"[M - H]-"	"C20H35O6-"	"Fatty acids"	0.994	"Fatty esters"	0.852	"Dicarboxylic acids"	0.605	"Organic acids and derivatives"	1.000	"Hydroxy acids and derivatives"	0.665	"Beta hydroxy acids and derivatives"	0.540			"Beta hydroxy acids and derivatives"	0.540	"Organic compounds; Lipids and lipid-like molecules; Alcohols and polyols; Fatty acids and conjugates; Organic acids and derivatives; Carboxylic acids and derivatives; Organooxygen compounds; Fatty acid esters; Branched fatty acids; Hydroxy fatty acids; Dicarboxylic acids and derivatives; Hydroxy acids and derivatives; Carboxylic acid derivatives; Carboxylic acids; Carboxylic acid esters; Secondary alcohols; Beta hydroxy acids and derivatives; Carbonyl compounds; Fatty Acyls; Organic oxides; Hydrocarbon derivatives; Organic oxygen compounds; Chemical entities"	371.243	377	6.292	"645943509241201002"	"645943347752094859"	"1722"	"DECENT"
