"structurePerIdRank"	"formulaRank"	"ConfidenceScoreExact"	"ConfidenceScoreApproximate"	"CSI:FingerIDScore"	"ZodiacScore"	"SiriusScore"	"molecularFormula"	"adduct"	"precursorFormula"	"InChIkey2D"	"InChI"	"name"	"smiles"	"xlogp"	"pubchemids"	"links"	"dbflags"	"ionMass"	"retentionTimeInSeconds"	"retentionTimeInMinutes"	"formulaId"	"alignedFeatureId"	"mappingFeatureId"	"overallFeatureQuality"
1	1	0.162	0.162	-173.526	0.999	32.496	"C10H11NO3"	"[M - H]-"	"C10H10NO3-"	"OSBQUSPVORCDCU"	"InChI=1S/C10H11NO3/c1-12-8-4-7(6-11)5-9(13-2)10(8)14-3/h4-5H,1-3H3"	"3,4,5-trimethoxybenzonitrile"	"COC1=CC(=CC(=C1OC)OC)C#N"	1.574	"15892"	"COCONUT:(CNP0169155);NORMAN:(NS00026173);PUBCHEMANNOTATIONSAFETYANDTOXIC:(null);PUBCHEM:(15892);DSSTox:(DTXSID70172203)"	"137508421634"	192.066	67	1.112	"645943417302052507"	"645943343700392544"	"471"	"DECENT"
1	12	0.094	0.094	-101.928		22.643	"C6H12N6O2"	"[M - H]-"	"C6H11N6O2-"	"QZRYGKKAEZQLRB"	"InChI=1S/C6H12N6O2/c7-3-4(8)11-6(10-1-2-13)12(14)5(3)9/h13-14H,1-2,7,9H2,(H2,8,10,11)"	"2-[(4,5,6-Triamino-1-hydroxypyrimidin-2-ylidene)amino]ethanol"	"C(CO)N=C1N=C(C(=C(N1O)N)N)N"	-3.100	"69615961"	"PUBCHEM:(69615961)"	"2"	199.097	96	1.597	"645943422578487233"	"645943343855581990"	"512"	"DECENT"
1	20	0.022	0.022	-295.240		39.601	"C16H29NO3Si2"	"[M + CH2O2 - H]-"	"C17H30NO5Si2-"	"BJJAPECQBPWCJR"	"InChI=1S/C16H29NO3Si2/c1-5-18-22(19-6-2,20-21-4)13-7-12-17-14-16-10-8-15(3)9-11-16/h8-11,17H,5-7,12-14H2,1-4H3"		"CCO[Si](CCCNCC1=CC=C(C=C1)C)(OCC)O[Si]C"	0.000	"145777749"	"PUBCHEM:(145777749)"	"2"	384.166	123	2.043	"645943443117995115"	"645943347898895767"	"1779"	"DECENT"
1	1	0.079	0.079	-307.452	0.994	27.997	"C17H25NO6"	"[M - H]-"	"C17H24NO6-"	"DKODUJNNJQIUOC"	"InChI=1S/C17H25NO6/c1-4-14(19)22-11-17(6-3,12-23-15(20)5-2)13-24-16(21)7-8-18-9-10-18/h4-5H,1-2,6-13H2,3H3"	"2,2-Bis(((1-oxoallyl)oxy)methyl)butyl aziridine-1-propionate"	"CCC(COC(=O)CCN1CC1)(COC(=O)C=C)COC(=O)C=C"	1.800	"44146535"	"NORMAN:(NS00039822);PUBCHEM:(44146535);DSSTox:(DTXSID10240016)"	"137439215618"	338.160	123	2.045	"645943442967000127"	"645943347269749165"	"1541"	"DECENT"
1	1	0.799	0.799	-103.220	0.999	87.148	"C26H44O11"	"[M - H]-"	"C26H43O11-"	"SFLNQLHULUYBES"	"InChI=1S/C26H44O11/c1-23(17(29)11-36-21-20(32)19(31)18(30)13(10-27)37-21)8-5-14-24(2)6-4-7-25(3,22(33)34)15(24)9-16(28)26(14,35)12-23/h13-21,27-32,35H,4-12H2,1-3H3,(H,33,34)"	"8a,9-Dihydroxy-7-[1-hydroxy-2-[3,4,5-trihydroxy-6-(hydroxymethyl)oxan-2-yl]oxyethyl]-1,4a,7-trimethyl-2,3,4,4b,5,6,8,9,10,10a-decahydrophenanthrene-1-carboxylic acid"	"CC1(CCC2C3(CCCC(C3CC(C2(C1)O)O)(C)C(=O)O)C)C(COC4C(C(C(C(O4)CO)O)O)O)O"	-0.200	"154814086"	"PUBCHEM:(154814086)"	"2"	531.280	126	2.104	"645943463225489665"	"645943349186549673"	"2352"	"DECENT"
1	1	0.915	0.915	-90.926	0.999	95.652	"C26H44O11"	"[M + CH2O2 - H]-"	"C27H45O13-"	"SFLNQLHULUYBES"	"InChI=1S/C26H44O11/c1-23(17(29)11-36-21-20(32)19(31)18(30)13(10-27)37-21)8-5-14-24(2)6-4-7-25(3,22(33)34)15(24)9-16(28)26(14,35)12-23/h13-21,27-32,35H,4-12H2,1-3H3,(H,33,34)"	"8a,9-Dihydroxy-7-[1-hydroxy-2-[3,4,5-trihydroxy-6-(hydroxymethyl)oxan-2-yl]oxyethyl]-1,4a,7-trimethyl-2,3,4,4b,5,6,8,9,10,10a-decahydrophenanthrene-1-carboxylic acid"	"CC1(CCC2C3(CCCC(C3CC(C2(C1)O)O)(C)C(=O)O)C)C(COC4C(C(C(C(O4)CO)O)O)O)O"	-0.200	"154814086"	"PUBCHEM:(154814086)"	"2"	577.286	126	2.104	"645943450575468116"	"645943349480151527"	"2464"	"DECENT"
1	2	0.965	0.965	-35.955	0.372	49.791	"C33H42O18"	"[M + CH2O2 - H]-"	"C34H43O20-"	"BRDVWIOUHLWIGN"	"InChI=1S/C33H42O18/c1-11-22(37)25(40)28(43)31(46-11)45-10-20-24(39)27(42)30(51-32-29(44)26(41)23(38)12(2)47-32)33(50-20)48-15-7-16(35)21-17(36)9-18(49-19(21)8-15)13-3-5-14(34)6-4-13/h3-8,11-12,18,20,22-35,37-44H,9-10H2,1-2H3"	"7-({4,5-dihydroxy-3-[(3,4,5-trihydroxy-6-methyloxan-2-yl)oxy]-6-{[(3,4,5-trihydroxy-6-methyloxan-2-yl)oxy]methyl}oxan-2-yl}oxy)-5-hydroxy-2-(4-hydroxyphenyl)-3,4-dihydro-2H-1-benzopyran-4-one"	"CC1C(C(C(C(O1)OCC2C(C(C(C(O2)OC3=CC(=C4C(=O)CC(OC4=C3)C5=CC=C(C=C5)O)O)OC6C(C(C(C(O6)C)O)O)O)O)O)O)O)O"	-2.200	"42607925;163003082;5278403;74819376;146115932"	"PUBCHEMANNOTATIONBIO:(null);COCONUT:(CNP0277074);HMDB:(HMDB0038048);CHEBI:(172810);LIPIDMAPS:(LMPK12140262);SUPERNATURAL:(SN0033216);FooDB:(FDB017258);PUBCHEM:(42607925 163003082 5278403 74819376 146115932);LOTUS:(Q104944739 Q104944740);PUBCHEMANNOTATIONDRUG:(null);PUBMED:(null);KNAPSACK:(BRDVWIOUHLWIGN-UHFFFAOYSA-N)"	"3006267514"	771.235	152	2.539	"645943514022707864"	"645943349807308005"	"2609"	"DECENT"
1	1	0.995	0.995	-36.923	0.929	45.970	"C33H42O18"	"[M - H]-"	"C33H41O18-"	"BRDVWIOUHLWIGN"	"InChI=1S/C33H42O18/c1-11-22(37)25(40)28(43)31(46-11)45-10-20-24(39)27(42)30(51-32-29(44)26(41)23(38)12(2)47-32)33(50-20)48-15-7-16(35)21-17(36)9-18(49-19(21)8-15)13-3-5-14(34)6-4-13/h3-8,11-12,18,20,22-35,37-44H,9-10H2,1-2H3"	"7-({4,5-dihydroxy-3-[(3,4,5-trihydroxy-6-methyloxan-2-yl)oxy]-6-{[(3,4,5-trihydroxy-6-methyloxan-2-yl)oxy]methyl}oxan-2-yl}oxy)-5-hydroxy-2-(4-hydroxyphenyl)-3,4-dihydro-2H-1-benzopyran-4-one"	"CC1C(C(C(C(O1)OCC2C(C(C(C(O2)OC3=CC(=C4C(=O)CC(OC4=C3)C5=CC=C(C=C5)O)O)OC6C(C(C(C(O6)C)O)O)O)O)O)O)O)O"	-2.200	"42607925;163003082;5278403;74819376;146115932"	"PUBCHEMANNOTATIONBIO:(null);COCONUT:(CNP0277074);HMDB:(HMDB0038048);CHEBI:(172810);LIPIDMAPS:(LMPK12140262);SUPERNATURAL:(SN0033216);FooDB:(FDB017258);PUBCHEM:(42607925 163003082 5278403 74819376 146115932);LOTUS:(Q104944739 Q104944740);PUBCHEMANNOTATIONDRUG:(null);PUBMED:(null);KNAPSACK:(BRDVWIOUHLWIGN-UHFFFAOYSA-N)"	"3006267514"	725.229	153	2.548	"645943509375418743"	"645943349685672939"	"2566"	"DECENT"
1	1	0.269	0.269	-150.829	1.000	75.379	"C15H22O4"	"[M - H]-"	"C15H21O4-"	"SKVBOXXEOMZDMH"	"InChI=1S/C15H22O4/c1-9-6-11-4-5-14(3,18)12(11)15(19,7-9)8-10(2)13(16)17/h7-8,11-12,18-19H,4-6H2,1-3H3,(H,16,17)"	"3-(3,4-dihydroxy-3,6-dimethyl-2,3,3a,4,7,7a-hexahydro-1H-inden-4-yl)-2-methylprop-2-enoic acid"	"CC1=CC(C2C(C1)CCC2(C)O)(C=C(C)C(=O)O)O"	0.900	"163004426;163004427;163004428;163004429;163004430;101893976;101893977"	"COCONUT:(CNP0278579);TeroMol:(TKC131550 TKC186798 TKC027793);SUPERNATURAL:(SN0348278);PUBCHEM:(163004426 163004427 163004428 163004429 163004430 101893976 101893977)"	"11534338"	265.144	165	2.747	"645943449979876890"	"645943345864655299"	"991"	"DECENT"
1	13	0.057	0.057	-261.738		34.412	"C12H20N6O4"	"[M - H]-"	"C12H19N6O4-"	"JWOVHUWSLSYMHT"	"InChI=1S/C12H20N6O4/c19-9-7-17(11(21)15-9)5-3-13-1-2-14-4-6-18-8-10(20)16-12(18)22/h13-14H,1-8H2,(H,15,19,21)(H,16,20,22)"	"1,1'-[Ethane-1,2-diylbis(iminoethane-2,1-diyl)]bisimidazolidine-2,4-dione"	"C1C(=O)NC(=O)N1CCNCCNCCN2CC(=O)NC2=O"	-2.800	"113503"	"NORMAN:(NS00065998);PUBCHEM:(113503);DSSTox:(DTXSID90243782)"	"137439215618"	311.150	165	2.750	"645943449136821729"	"645943346749654664"	"1331"	"DECENT"
1	1	0.259	0.457	-132.848	0.999	40.627	"C20H22O9"	"[M - H]-"	"C20H21O9-"	"UQCOPGRRWQCCFR"	"InChI=1S/C20H22O9/c21-9-15-16(23)17(24)18(25)20(29-15)28-14-7-6-13(22)8-12(14)10-27-19(26)11-4-2-1-3-5-11/h1-8,15-18,20-25H,9-10H2"	"Salireposide"	"C1=CC=C(C=C1)C(=O)OCC2=C(C=CC(=C2)O)OC3C(C(C(C(O3)CO)O)O)O"	0.698	"101244598;162864703;162864704;162864705;117440;12315207"	"COCONUT:(CNP0128108);BloodExposome:(117440);CHEBI:(137508);SUPERNATURAL:(SN0377121);PUBCHEM:(101244598 162864703 162864704 162864705 117440 12315207);DSSTox:(DTXSID60937646);LOTUS:(Q27294716 Q105277151);PUBMED:(null)"	"137714729058"	405.118	168	2.794	"645943451523380869"	"645943348137971549"	"1895"	"DECENT"
1	1	0.033	0.033	-165.883	1.000	86.031	"C16H24O6"	"[M - H]-"	"C16H23O6-"	"PMOZXPFZUSAMDJ"	"InChI=1S/C16H24O6/c1-15(2)11(5-9(17)7-13(19)20)16(3,4)12(15)6-10(18)8-14(21)22/h11-12H,5-8H2,1-4H3,(H,19,20)(H,21,22)"	"4-[3-(3-Carboxy-2-oxopropyl)-2,2,4,4-tetramethylcyclobutyl]-3-oxobutanoic acid"	"CC1(C(C(C1CC(=O)CC(=O)O)(C)C)CC(=O)CC(=O)O)C"	1.600	"146624774"	"PUBCHEM:(146624774)"	"2"	311.150	191	3.187	"645943455004653416"	"645943346749654658"	"1325"	"DECENT"
1	1	0.158	0.288	-153.392	0.996	74.712	"C48H78O20"	"[M - H]-"	"C48H77O20-"	"LSGNCRMBOXKTQQ"	"InChI=1S/C48H78O20/c1-43(2)11-13-48(42(62)68-40-36(61)33(58)30(55)25(18-50)64-40)14-12-46(5)21(22(48)15-43)7-8-28-44(3)16-23(53)38(45(4,20-52)27(44)9-10-47(28,46)6)67-41-37(34(59)31(56)26(19-51)65-41)66-39-35(60)32(57)29(54)24(17-49)63-39/h7,22-41,49-61H,8-20H2,1-6H3"	"3,4,5-trihydroxy-6-(hydroxymethyl)oxan-2-yl 10-{[4,5-dihydroxy-6-(hydroxymethyl)-3-{[3,4,5-trihydroxy-6-(hydroxymethyl)oxan-2-yl]oxy}oxan-2-yl]oxy}-11-hydroxy-9-(hydroxymethyl)-2,2,6a,6b,9,12a-hexamethyl-1,2,3,4,4a,5,6,6a,6b,7,8,8a,9,10,11,12,12a,12b,13,14b-icosahydropicene-4a-carboxylate"	"CC1(CCC2(CCC3(C(=CCC4C3(CCC5C4(CC(C(C5(C)CO)OC6C(C(C(C(O6)CO)O)O)OC7C(C(C(C(O7)CO)O)O)O)O)C)C)C2C1)C)C(=O)OC8C(C(C(C(O8)CO)O)O)O)C"	0.300	"85138028;10418456"	"COCONUT:(CNP0137872);TeroMol:(TKC064488);SUPERNATURAL:(SN0214021);PUBCHEM:(85138028 10418456);LOTUS:(Q105156502)"	"279969794"	973.501	259	4.315	"645943516300215140"	"645943350025412364"	"2703"	"DECENT"
1	1	0.239	0.386	-35.658	1.000	37.537	"C47H76O18"	"[M - H]-"	"C47H75O18-"	"IHKILMRRPIBIPY"	"InChI=1S/C47H76O18/c1-42(2)14-16-47(41(59)65-39-35(57)33(55)31(53)24(19-49)62-39)17-15-45(6)21(28(47)37(42)58)8-9-26-44(5)12-11-27(43(3,4)25(44)10-13-46(26,45)7)63-40-36(29(51)22(50)20-60-40)64-38-34(56)32(54)30(52)23(18-48)61-38/h8,22-40,48-58H,9-20H2,1-7H3"		"CC1(CCC2(CCC3(C(=CCC4C3(CCC5C4(CCC(C5(C)C)OC6C(C(C(CO6)O)O)OC7C(C(C(C(O7)CO)O)O)O)C)C)C2C1O)C)C(=O)OC8C(C(C(C(O8)CO)O)O)O)C"	1.260	""	"TeroMol:(TKC050350)"	"8388608"	927.494	260	4.333	"645943569299443724"	"645943349928943080"	"2657"	"BAD"
1	1	0.414	0.414	-139.175	0.995	71.584	"C48H78O20"	"[M - H]-"	"C48H77O20-"	"IUESDFBPFVYMOQ"	"InChI=1S/C48H78O20/c1-43(2)12-14-48(42(62)68-40-34(59)32(57)29(54)23(18-50)64-40)15-13-46(6)20(27(48)37(43)61)8-9-26-45(5)16-21(52)38(44(3,4)25(45)10-11-47(26,46)7)67-41-35(60)36(30(55)24(19-51)65-41)66-39-33(58)31(56)28(53)22(17-49)63-39/h8,21-41,49-61H,9-19H2,1-7H3"	"3beta-(3-O-beta-D-Glucopyranosyl-beta-D-glucopyranosyloxy)-2alpha,19alpha-dihydroxyoleana-12-ene-28-oic acid beta-D-glucopyranosyl ester"	"CC1(CCC2(CCC3(C(=CCC4C3(CCC5C4(CC(C(C5(C)C)OC6C(C(C(C(O6)CO)O)OC7C(C(C(C(O7)CO)O)O)O)O)O)C)C)C2C1O)C)C(=O)OC8C(C(C(C(O8)CO)O)O)O)C"	0.200	"132556141"	"PUBCHEM:(132556141)"	"2"	973.501	260	4.333	"645943492837277291"	"645943350025412346"	"2695"	"DECENT"
1	1	0.153	0.201	-147.450	0.988	36.717	"C48H78O20"	"[M - H]-"	"C48H77O20-"	"UAUGNOZZMKTWJB"	"InChI=1S/C48H78O20/c1-43(2)11-13-48(42(62)68-41-37(61)34(58)31(55)26(66-41)19-63-39-35(59)32(56)29(53)24(17-49)64-39)14-12-46(5)21(22(48)15-43)7-8-28-44(3)16-23(52)38(45(4,20-51)27(44)9-10-47(28,46)6)67-40-36(60)33(57)30(54)25(18-50)65-40/h7,22-41,49-61H,8-20H2,1-6H3"	"Asterbatanoside D"	"CC1(CCC2(CCC3(C(=CCC4C3(CCC5C4(CC(C(C5(C)CO)OC6C(C(C(C(O6)CO)O)O)O)O)C)C)C2C1)C)C(=O)OC7C(C(C(C(O7)COC8C(C(C(C(O8)CO)O)O)O)O)O)O)C"	-0.300	"101239141;101923959;85320501;162994586;162994587;162994588;10931079"	"COCONUT:(CNP0267822);TeroMol:(TKC064385 TKC185142 TKC064454 TKC185143 TKC185144);SUPERNATURAL:(SN0365369);MESH:(101923959);PUBCHEM:(101239141 101923959 85320501 162994586 162994587 162994588 10931079);LOTUS:(Q105269083 Q104401431);PUBMED:(null);KNAPSACK:(UAUGNOZZMKTWJB-UHFFFAOYSA-N)"	"279969878"	973.501	277	4.616	"645943508746273073"	"645943350025412356"	"2702"	"DECENT"
1	15	0.027	0.027	-146.150		26.342	"C13H21F3O2"	"[M - H]-"	"C13H20F3O2-"	"YXOSFRWRYLBSNY"	"InChI=1S/C13H21F3O2/c1-4-9(5-2)11(17)7-12(18)10(6-3)8-13(14,15)16/h7,9-10,18H,4-6,8H2,1-3H3"	"3,7-Diethyl-9,9,9-trifluoro-6-hydroxynon-5-en-4-one"	"CCC(CC)C(=O)C=C(C(CC)CC(F)(F)F)O"	4.600	"155639314;146512288"	"PUBCHEM:(155639314 146512288)"	"2"	265.144	289	4.811	"645943462512457943"	"645943345826906550"	"986"	"DECENT"
1	5	0.061	0.061	-163.158	0.035	8.991	"C18H34O7S"	"[M - H]-"	"C18H33O7S-"	"ZHKIKSOZKWSDQF"	"InChI=1S/C18H34O7S/c1-4-7-9-10-12-24-17(19)13-16(26(21,22)23)18(20)25-14-15(6-3)11-8-5-2/h15-16H,4-14H2,1-3H3,(H,21,22,23)"	"1-(2-Ethylhexoxy)-4-hexoxy-1,4-dioxobutane-2-sulfonic acid"	"CCCCCCOC(=O)CC(C(=O)OCC(CC)CCCC)S(=O)(=O)O"	4.400	"140620219;109545"	"NORMAN:(NS00063219);PUBCHEM:(140620219 109545);DSSTox:(DTXSID80987623)"	"137439215618"	393.191	310	5.159	"645943463582005534"	"645943348003753570"	"1832"	"DECENT"
1	1	0.119	0.119	-147.466	1.000	55.918	"C20H28O5"	"[M - H]-"	"C20H27O5-"	"CZEMYYICWZPENF"	"InChI=1S/C20H28O5/c1-11-9-19-10-20(11,25)8-5-12(19)17(2)6-4-7-18(3,16(23)24)14(17)13(19)15(21)22/h12-14,25H,1,4-10H2,2-3H3,(H,21,22)(H,23,24)"	"12-hydroxy-4,8-dimethyl-13-methylidenetetracyclo[10.2.1.0¹,⁹.0³,⁸]pentadecane-2,4-dicarboxylic acid"	"CC12CCCC(C1C(C34C2CCC(C3)(C(=C)C4)O)C(=O)O)(C)C(=O)O"	2.200	"5253706;25203620;440914"	"PUBCHEMANNOTATIONBIO:(null);HMDB:(HMDB0036895);MiMeDB:(MMDBc0053293);TeroMol:(TKC007051);LIPIDMAPS:(LMPR0104170007);SUPERNATURAL:(SN0059537);FooDB:(FDB015855);PUBCHEM:(5253706 25203620 440914);COCONUT:(CNP0179607);METACYC:(CPD-695);PLANTCYC:(CPD-695);CHEBI:(143954 27433);KEGG:(C06094);DSSTox:(DTXSID20331540);LOTUS:(Q104972734 Q27103126);PUBCHEMANNOTATIONDRUG:(null);KNAPSACK:(CZEMYYICWZPENF-UHFFFAOYSA-N)"	"141527484730"	347.186	310	5.165	"645943463435204878"	"645943347378801234"	"1583"	"DECENT"
1	3	0.216	0.216	-209.688	0.011	83.722	"C47H72O17"	"[M + CH2O2 - H]-"	"C48H73O19-"	"WCCLEVMDEUCMHT"	"InChI=1S/C47H72O17/c1-21-28(49)30(51)33(54)38(60-21)63-36-29(50)24(48)20-59-40(36)64-41(58)47-17-15-42(2,3)19-23(47)22-9-10-26-44(6)13-12-27(61-39-34(55)31(52)32(53)35(62-39)37(56)57)43(4,5)25(44)11-14-46(26,8)45(22,7)16-18-47/h9,16,18,21,23-36,38-40,48-55H,10-15,17,19-20H2,1-8H3,(H,56,57)"	""	"CC1C(C(C(C(O1)OC2C(C(COC2OC(=O)C34CCC(CC3C5=CCC6C7(CCC(C(C7CCC6(C5(C=C4)C)C)(C)C)OC8C(C(C(C(O8)C(=O)O)O)O)O)C)(C)C)O)O)O)O)O"	3.200	"134775247;102202377;133052619"	"COCONUT:(CNP0472125);TeroMol:(TKC067448 TKC058597);SUPERNATURAL:(SN0406298);PUBCHEM:(134775247 102202377 133052619);GNPS:(CCMSLIB00000579213)"	"11538434"	953.474	317	5.282	"645943579030229712"	"645943349949914655"	"2667"	"DECENT"
1	1	0.996	0.996	-17.831	1.000	104.651	"C29H46O6"	"[M - H]-"	"C29H45O6-"	"COTTWHFDYUNZOT"	"InChI=1S/C29H46O6/c1-16(2)17(3)15-25(32)18(4)23(30)10-9-21-19-7-8-22-26(27(33)34)24(31)12-13-28(22,5)20(19)11-14-29(21,6)35/h16,18,21-22,24-26,31-32,35H,3,7-15H2,1-2,4-6H3,(H,33,34)"	"2,7-dihydroxy-8-(5-hydroxy-4,8-dimethyl-7-methylidene-3-oxononyl)-4a,7-dimethyl-1,2,3,4,4a,5,6,7,8,9,10,10a-dodecahydrophenanthrene-1-carboxylic acid"	"CC(C)C(=C)CC(C(C)C(=O)CCC1C2=C(CCC1(C)O)C3(CCC(C(C3CC2)C(=O)O)O)C)O"	4.000	"102571651;124857425;124857426;124857427;124857428"	"COCONUT:(CNP0163783);SUPERNATURAL:(SN0051559);PUBCHEM:(102571651 124857425 124857426 124857427 124857428)"	"3145730"	489.321	322	5.370	"645943502291238947"	"645943348876170507"	"2219"	"DECENT"
1	2	0.496	0.496	-113.351	0.204	50.295	"C29H46O6"	"[M + CH2O2 - H]-"	"C30H47O8-"	"COTTWHFDYUNZOT"	"InChI=1S/C29H46O6/c1-16(2)17(3)15-25(32)18(4)23(30)10-9-21-19-7-8-22-26(27(33)34)24(31)12-13-28(22,5)20(19)11-14-29(21,6)35/h16,18,21-22,24-26,31-32,35H,3,7-15H2,1-2,4-6H3,(H,33,34)"	"2,7-dihydroxy-8-(5-hydroxy-4,8-dimethyl-7-methylidene-3-oxononyl)-4a,7-dimethyl-1,2,3,4,4a,5,6,7,8,9,10,10a-dodecahydrophenanthrene-1-carboxylic acid"	"CC(C)C(=C)CC(C(C)C(=O)CCC1C2=C(CCC1(C)O)C3(CCC(C(C3CC2)C(=O)O)O)C)O"	4.000	"102571651;124857425;124857426;124857427;124857428"	"COCONUT:(CNP0163783);SUPERNATURAL:(SN0051559);PUBCHEM:(102571651 124857425 124857426 124857427 124857428)"	"3145730"	535.327	322	5.372	"645943482523483306"	"645943349228492765"	"2361"	"DECENT"
1	1	0.031	0.031	-164.643	1.000	43.606	"C20H28O5"	"[M - H]-"	"C20H27O5-"	"JDJKAUSVESMORO"	"InChI=1S/C20H28O5/c1-15(7-4-10-17(3)14-21)8-5-11-18(20(24)25)12-6-9-16(2)13-19(22)23/h8,10,12-14H,4-7,9,11H2,1-3H3,(H,22,23)(H,24,25)"		"CC(=CCCC(=CCCC(=CC(=O)O)C)C(=O)O)CCC=C(C)C=O"	4.479	""	"TeroMol:(TKC009156)"	"8388608"	347.186	327	5.450	"645943480933842030"	"645943347378801238"	"1584"	"BAD"
1	1	0.151	0.249	-45.095	0.498	28.500	"C36H58O9"	"[M + CH2O2 - H]-"	"C37H59O11-"	"WJMMBVSOQPALFO"	"InChI=1S/C36H58O9/c1-31(2)13-15-36(30(43)45-29-28(42)27(41)26(40)22(18-37)44-29)16-14-34(5)20(21(36)17-31)7-8-24-32(3)11-10-25(39)33(4,19-38)23(32)9-12-35(24,34)6/h7,21-29,37-42H,8-19H2,1-6H3"	"Hederagenin 28-O-Beta-D-Glucopyranoside"	"CC1(CCC2(CCC3(C(=CCC4C3(CCC5C4(CCC(C5(C)CO)O)C)C)C2C1)C)C(=O)OC6C(C(C(C(O6)CO)O)O)O)C"	5.000	"154828027;53462018;21120798;162920960;71660491;127026;54758529"	"PUBCHEMANNOTATIONBIO:(null);COCONUT:(CNP0190413);TeroMol:(TKC123078 TKC147931 TKC147930);METACYC:(CPD-9488);PLANTCYC:(CPD-9488);CHEBI:(67947);SUPERNATURAL:(SN0411964);MESH:(127026);PUBCHEM:(154828027 53462018 21120798 162920960 71660491 127026 54758529);DSSTox:(DTXSID60932898);LOTUS:(Q27136424);PUBCHEMANNOTATIONDRUG:(null);PUBMED:(null)"	"137769388134"	679.405	328	5.466	"645943479985929281"	"645943349601786712"	"2542"	"DECENT"
1	1	0.017	0.017	-204.422	0.988	32.965	"C20H28O5"	"[M - H]-"	"C20H27O5-"	"JDJKAUSVESMORO"	"InChI=1S/C20H28O5/c1-15(7-4-10-17(3)14-21)8-5-11-18(20(24)25)12-6-9-16(2)13-19(22)23/h8,10,12-14H,4-7,9,11H2,1-3H3,(H,22,23)(H,24,25)"		"CC(=CCCC(=CCCC(=CC(=O)O)C)C(=O)O)CCC=C(C)C=O"	4.479	""	"TeroMol:(TKC009156)"	"8388608"	347.186	336	5.603	"645943491834838583"	"645943347378801240"	"1587"	"BAD"
1	1	-Infinity	-Infinity	-138.055	0.932	47.503	"C58H104O28"	"[M - H]-"	"C58H103O28-"	"LXQMDGTUSKRYAF"	"InChI=1S/C58H104O28/c1-5-9-13-17-32(62)21-33(63)22-44(66)78-35(19-15-11-7-3)24-38(82-57-54(76)51(73)48(70)41(30-60)85-57)27-46(68)80-36(20-16-12-8-4)25-39(83-58-55(77)52(74)49(71)42(31-61)86-58)28-45(67)79-34(18-14-10-6-2)23-37(26-43(64)65)81-56-53(75)50(72)47(69)40(29-59)84-56/h32-42,47-63,69-77H,5-31H2,1-4H3,(H,64,65)"	"5-[5-[5-(3,5-Dihydroxydecanoyloxy)-3-[3,4,5-trihydroxy-6-(hydroxymethyl)oxan-2-yl]oxydecanoyl]oxy-3-[3,4,5-trihydroxy-6-(hydroxymethyl)oxan-2-yl]oxydecanoyl]oxy-3-[3,4,5-trihydroxy-6-(hydroxymethyl)oxan-2-yl]oxydecanoic acid"	"CCCCCC(CC(CC(=O)OC(CCCCC)CC(CC(=O)OC(CCCCC)CC(CC(=O)OC(CCCCC)CC(CC(=O)O)OC1C(C(C(C(O1)CO)O)O)O)OC2C(C(C(C(O2)CO)O)O)O)OC3C(C(C(C(O3)CO)O)O)O)O)O"	2.300	"45359314"	"SUPERNATURAL:(SN0218211);PUBCHEM:(45359314)"	"1048578"	1247.662	344	5.735	"645943520687457283"	"645943350109298590"	"2728"	"DECENT"
1	1	0.835	0.835	-134.111	0.234	42.987	"C22H40N2O7"	"[M - H]-"	"C22H39N2O7-"	"IFQVIMQHTPDZQU"	"InChI=1S/C22H40N2O7/c1-11(2)9-15(21(28)29)23-20(27)18(14(7)8)31-22(30)17(13(5)6)24-19(26)16(25)10-12(3)4/h11-18,25H,9-10H2,1-8H3,(H,23,27)(H,24,26)(H,28,29)"	"Unk-DL-Val-DL-OVal-DL-Leu-OH"	"CC(C)CC(C(=O)O)NC(=O)C(C(C)C)OC(=O)C(C(C)C)NC(=O)C(CC(C)C)O"	3.900	"154812632"	"PUBCHEM:(154812632)"	"2"	443.275	345	5.744	"645943495664238288"	"645943348473516538"	"2051"	"DECENT"
1	1	0.406	0.440	-12.088	1.000	14.285	"C12H26O4S"	"[M - H]-"	"C12H25O4S-"	"MOTZDAYCYVMXPC"	"InChI=1S/C12H26O4S/c1-2-3-4-5-6-7-8-9-10-11-12-16-17(13,14)15/h2-12H2,1H3,(H,13,14,15)"	"(dodecyloxy)sulfonic acid"	"CCCCCCCCCCCCOS(=O)(=O)O"	4.700	"4329331;102602045;16212949;129717800;112758521;8778;71309009"	"PUBCHEMANNOTATIONBIO:(null);PUBCHEMANNOTATIONSAFETYANDTOXIC:(null);BloodExposome:(8778 3423265 2735071 23669623 16700);SUPERNATURAL:(SN0231332);HSDB:(151-21-3 2235-54-3 151-41-7);MESH:(8778 4329331);PUBCHEM:(4329331 102602045 16212949 129717800 112758521 8778 71309009);GNPS:(CCMSLIB00000081579);COCONUT:(CNP0020932);NORMAN:(NS00078220 NS00081255 NS00077200 NS00067051 NS00010587 NS00082878);METACYC:(CPD-8876);CHEBI:(45599 8984 23872);DSSTox:(DTXSID0042088 DTXSID1026031 DTXSID2027462 DTXSID40884104 DTXSID6062125 DTXSID90422671 DTXSID90635724);LOTUS:(Q27094826);PUBCHEMANNOTATIONDRUG:(null);PUBMED:(null)"	"137832438374"	265.147	356	5.935	"645943499090984810"	"645943345826906554"	"987"	"BAD"
1	1	0.155	0.155	-132.140	0.996	31.967	"C20H36O6"	"[M - H]-"	"C20H35O6-"	"YBZIIVKQVVKTTD"	"InChI=1S/C20H36O6/c1-2-3-4-5-6-7-8-9-10-11-12-13-14-16(19(23)24)17(20(25)26)15-18(21)22/h16-17H,2-15H2,1H3,(H,21,22)(H,23,24)(H,25,26)"	"1-tetradecylpropane-1,2,3-tricarboxylic acid"	"CCCCCCCCCCCCCCC(C(CC(=O)O)C(=O)O)C(=O)O"	6.200	"101939805;138756220;12313585"	"COCONUT:(CNP0201914);CHEBI:(144281);SUPERNATURAL:(SN0446202);PUBCHEM:(101939805 138756220 12313585);GNPS:(CCMSLIB00004679381)"	"3149858"	371.243	377	6.292	"645943509241201002"	"645943347752094859"	"1722"	"DECENT"
