"formulaRank"	"molecularFormula"	"adduct"	"precursorFormula"	"NPC#pathway"	"NPC#pathway Probability"	"NPC#superclass"	"NPC#superclass Probability"	"NPC#class"	"NPC#class Probability"	"ClassyFire#superclass"	"ClassyFire#superclass probability"	"ClassyFire#class"	"ClassyFire#class Probability"	"ClassyFire#subclass"	"ClassyFire#subclass Probability"	"ClassyFire#level 5"	"ClassyFire#level 5 Probability"	"ClassyFire#most specific class"	"ClassyFire#most specific class Probability"	"ClassyFire#all classifications"	"ionMass"	"retentionTimeInSeconds"	"retentionTimeInMinutes"	"formulaId"	"alignedFeatureId"	"mappingFeatureId"	"overallFeatureQuality"
18	"C10H15N7O5"	"[M + CH2O2 - H]-"	"C11H16N7O7-"	"Carbohydrates"	0.999	"Nucleosides"	0.998	"Purine nucleosides"	0.998	"Nucleosides, nucleotides, and analogues"	0.926	"Purine nucleosides"	0.941					"Purine nucleosides"	0.941	"Organic compounds; Organoheterocyclic compounds; Carbohydrates and carbohydrate conjugates; Pyrimidines and pyrimidine derivatives; Imidazoles; Alcohols and polyols; Purines and purine derivatives; Hypoxanthines; Organic acids and derivatives; Organonitrogen compounds; Primary alcohols; Nucleosides, nucleotides, and analogues; Pyrimidones; Organooxygen compounds; Azoles; Purine nucleosides; Purinones; Aminopyrimidines and derivatives; Diazines; Pentoses; 6-oxopurines; Monosaccharides; Secondary alcohols; Imidazopyrimidines; Oxolanes; Glycosyl compounds; Glycosylamines; Polyols; Substituted imidazoles; N-substituted imidazoles; Amines; Primary amines; Vinylogous amides; Organic oxides; Azacyclic compounds; Oxacyclic compounds; Heteroaromatic compounds; Hydrocarbon derivatives; Organopnictogen compounds; Organic oxygen compounds; Organic nitrogen compounds; Chemical entities"	358.114	21	0.347	"645935287960749243"	"645935194759108379"	"2004"	"DECENT"
1	"C19H22O7"	"[M - H]-"	"C19H21O7-"	"Shikimates and Phenylpropanoids"	0.999	"Lignans"	0.999	"Furofuranoid lignans"	0.802	"Lignans, neolignans and related compounds"	0.985	"Lignan lactones"	0.544					"Lignan lactones"	0.544	"Organic compounds; Organoheterocyclic compounds; Lactones; Alkyl aryl ethers; Phenols; Anisoles; Methoxyphenols; Ethers; Organic acids and derivatives; Carboxylic acids and derivatives; Organooxygen compounds; Carboxylic acid derivatives; Monocarboxylic acids and derivatives; Dialkyl ethers; Carboxylic acid esters; Gamma butyrolactones; Lignans, neolignans and related compounds; Lignan lactones; Tetrahydrofuran lignans; Carbonyl compounds; Furofuran lignans; Benzene and substituted derivatives; Phenol ethers; Benzenoids; Tetrahydrofurans; Furanoid lignans; Organic oxides; Methoxybenzenes; Oxacyclic compounds; Hydrocarbon derivatives; Organic oxygen compounds; 1-hydroxy-2-unsubstituted benzenoids; Phenoxy compounds; Chemical entities"	361.129	48	0.798	"645935330423885301"	"645935194868160479"	"2039"	"DECENT"
1	"C14H18O9"	"[M - H]-"	"C14H17O9-"	"Shikimates and Phenylpropanoids"	0.953	"Phenolic acids (C6-C1)"	0.958	"Simple phenolic acids"	0.926	"Organic oxygen compounds"	1.000	"Organooxygen compounds"	1.000	"Carbohydrates and carbohydrate conjugates"	1.000	"Glycosyl compounds"	0.937	"Phenolic glycosides"	0.969	"Organic compounds; Organoheterocyclic compounds; Carbohydrates and carbohydrate conjugates; Alcohols and polyols; Phenols; Anisoles; Benzoic acids and derivatives; Ethers; Organic acids and derivatives; Carboxylic acids and derivatives; Primary alcohols; Benzoyl derivatives; Organooxygen compounds; Salicylic acid and derivatives; Carboxylic acid derivatives; Monocarboxylic acids and derivatives; Carboxylic acid esters; Hydroxybenzoic acid derivatives; Benzoic acid esters; Hexoses; Monosaccharides; Acetals; Secondary alcohols; Oxanes; Glycosyl compounds; O-glycosyl compounds; Benzene and substituted derivatives; Polyols; Phenol ethers; Methoxybenzoic acids and derivatives; Benzenoids; Organic oxides; Methoxybenzenes; Oxacyclic compounds; Hydrocarbon derivatives; Phenolic glycosides; Organic oxygen compounds; 1-hydroxy-2-unsubstituted benzenoids; 1-hydroxy-4-unsubstituted benzenoids; o-Hydroxybenzoic acid esters; Phenoxy compounds; Chemical entities"	329.087	75	1.244	"645935316482017935"	"645935194071241511"	"1797"	"DECENT"
1	"C19H22O7"	"[M - H]-"	"C19H21O7-"	"Shikimates and Phenylpropanoids"	1.000	"Lignans"	1.000	"Furanoid lignans"	0.958	"Lignans, neolignans and related compounds"	0.994	"Furanoid lignans"	0.995	"Tetrahydrofuran lignans"	0.966	"7,9'-epoxylignans"	0.937	"7,9'-epoxylignans"	0.937	"Organic compounds; Organoheterocyclic compounds; Alkyl aryl ethers; Alcohols and polyols; Phenols; Anisoles; Methoxyphenols; Ethers; Primary alcohols; Organooxygen compounds; Dialkyl ethers; Lignans, neolignans and related compounds; Tetrahydrofuran lignans; Benzene and substituted derivatives; Phenol ethers; Benzenoids; Tetrahydrofurans; 7,9'-epoxylignans; Furanoid lignans; Methoxybenzenes; Oxacyclic compounds; Hydrocarbon derivatives; Organic oxygen compounds; 1-hydroxy-2-unsubstituted benzenoids; Phenoxy compounds; Chemical entities"	361.129	85	1.412	"645935354054595159"	"645935195174345180"	"2144"	"DECENT"
1	"C20H24O9"	"[M - H]-"	"C20H23O9-"	"Shikimates and Phenylpropanoids"	1.000	"Lignans"	1.000	"Furanoid lignans"	0.888	"Lignans, neolignans and related compounds"	0.994	"Furanoid lignans"	0.990	"Tetrahydrofuran lignans"	0.974	"7,9'-epoxylignans"	0.947	"7,9'-epoxylignans"	0.947	"Organic compounds; Organoheterocyclic compounds; Alkyl aryl ethers; Alcohols and polyols; Phenols; Anisoles; Methoxyphenols; Ethers; Carboxylic acids and derivatives; Primary alcohols; Organooxygen compounds; Carboxylic acid derivatives; Monocarboxylic acids and derivatives; Dialkyl ethers; Carboxylic acid esters; Lignans, neolignans and related compounds; Tetrahydrofuran lignans; Carbonyl compounds; Benzene and substituted derivatives; Phenol ethers; Benzenoids; Tetrahydrofurans; Aromatic alcohols; 7,9'-epoxylignans; 7,7'-epoxylignans; Furanoid lignans; Organic oxides; Methoxybenzenes; Oxacyclic compounds; Hydrocarbon derivatives; Organic oxygen compounds; 1-hydroxy-2-unsubstituted benzenoids; Phenoxy compounds; Chemical entities"	407.134	85	1.417	"645935336199442155"	"645935195774131739"	"2363"	"DECENT"
1	"C26H28O16"	"[M - H]-"	"C26H27O16-"	"Shikimates and Phenylpropanoids"	1.000	"Flavonoids"	0.999	"Flavonols"	0.999	"Phenylpropanoids and polyketides"	0.997	"Flavonoids"	1.000	"Flavonoid glycosides"	0.998	"Flavonoid O-glycosides"	0.998	"Flavonoid-3-O-glycosides"	0.998	"Organic compounds; Organoheterocyclic compounds; Carbohydrates and carbohydrate conjugates; Pyrans; Benzopyrans; Alcohols and polyols; Phenols; Catechols; Chromones; Ethers; Phenylpropanoids and polyketides; Organic acids and derivatives; Organooxygen compounds; Flavonoids; Pyranones and derivatives; Flavonoid glycosides; Benzenediols; Disaccharides; Flavonoid O-glycosides; Flavones; Acetals; Secondary alcohols; Oxanes; Glycosyl compounds; O-glycosyl compounds; Benzene and substituted derivatives; Polyols; Benzenoids; 3'-hydroxyflavonoids; 4'-hydroxyflavonoids; Hydroxyflavonoids; 5-hydroxyflavonoids; 7-hydroxyflavonoids; 1-benzopyrans; Flavonoid-3-O-glycosides; Vinylogous acids; Organic oxides; Oxacyclic compounds; Heteroaromatic compounds; Hydrocarbon derivatives; Organic oxygen compounds; 1-hydroxy-2-unsubstituted benzenoids; 1-hydroxy-4-unsubstituted benzenoids; Chemical entities"	595.130	110	1.836	"645935364846539777"	"645935197309250184"	"2962"	"DECENT"
1	"C26H32O12"	"[M - H]-"	"C26H31O12-"	"Shikimates and Phenylpropanoids"	0.994	"Lignans"	0.903	"Furofuranoid lignans"	0.633	"Lignans, neolignans and related compounds"	0.588	"Furanoid lignans"	0.838	"Furofuran lignans"	0.505			"Furofuran lignans"	0.505	"Organic compounds; Organoheterocyclic compounds; Carbohydrates and carbohydrate conjugates; Alkyl aryl ethers; Alcohols and polyols; Phenols; Anisoles; Methoxyphenols; Ethers; Organic acids and derivatives; Carboxylic acids and derivatives; Benzoyl derivatives; Organooxygen compounds; Carboxylic acid derivatives; Monocarboxylic acids and derivatives; Dialkyl ethers; Carboxylic acid esters; Benzoic acid esters; Lignans, neolignans and related compounds; Monosaccharides; Acetals; Secondary alcohols; Furofurans; Furofuran lignans; Oxanes; Glycosyl compounds; O-glycosyl compounds; Benzene and substituted derivatives; Polyols; Phenol ethers; Benzenoids; Tetrahydrofurans; Furanoid lignans; Organic oxides; Methoxybenzenes; Oxacyclic compounds; Hydrocarbon derivatives; Phenolic glycosides; Organic oxygen compounds; 1-hydroxy-2-unsubstituted benzenoids; Phenoxy compounds; Chemical entities"	535.181	112	1.874	"645935346240606483"	"645935196931761928"	"2824"	"BAD"
1	"C14H24O6"	"[M - H]-"	"C14H23O6-"	"Fatty acids"	0.998	"Eicosanoids"	0.191	"Hydroxy fatty acids"	0.191	"Lipids and lipid-like molecules"	0.972	"Fatty Acyls"	0.979	"Fatty acids and conjugates"	0.958	"Long-chain fatty acids"	0.633	"Long-chain fatty acids"	0.633	"Organic compounds; Lipids and lipid-like molecules; Alcohols and polyols; Fatty acids and conjugates; Organic acids and derivatives; Carboxylic acids and derivatives; Organooxygen compounds; Unsaturated fatty acids; Hydroxy fatty acids; Monocarboxylic acids and derivatives; Carboxylic acids; Secondary alcohols; Carbonyl compounds; Polyols; Long-chain fatty acids; Fatty Acyls; Organic oxides; Hydrocarbon derivatives; Organic oxygen compounds; Chemical entities"	287.149	116	1.940	"645935365014311950"	"645935192942972161"	"1437"	"DECENT"
1	"C26H32O12"	"[M - H]-"	"C26H31O12-"	"Shikimates and Phenylpropanoids"	1.000	"Lignans"	1.000	"Furofuranoid lignans"	0.988	"Lignans, neolignans and related compounds"	0.998	"Lignan glycosides"	0.999					"Lignan glycosides"	0.999	"Organic compounds; Organoheterocyclic compounds; Carbohydrates and carbohydrate conjugates; Lipids and lipid-like molecules; Alkyl aryl ethers; Alcohols and polyols; Phenols; Anisoles; Methoxyphenols; Ethers; Primary alcohols; Organooxygen compounds; Dialkyl ethers; Lignans, neolignans and related compounds; Hexoses; Lignan glycosides; Monosaccharides; Tetrahydrofuran lignans; Acetals; Secondary alcohols; Tertiary alcohols; Fatty acyl glycosides; Furofurans; Oxolanes; Furofuran lignans; Oxanes; Glycosyl compounds; Alkyl glycosides; O-glycosyl compounds; Benzene and substituted derivatives; Polyols; Phenol ethers; Benzenoids; 7,9'-epoxylignans; Furanoid lignans; Fatty acyl glycosides of mono- and disaccharides; Fatty Acyls; Methoxybenzenes; Oxacyclic compounds; Hydrocarbon derivatives; Phenolic glycosides; Organic oxygen compounds; 1-hydroxy-2-unsubstituted benzenoids; Phenoxy compounds; Chemical entities"	535.181	118	1.960	"645935554504590315"	"645935196927567620"	"2818"	"DECENT"
1	"C27H34O14"	"[M - H]-"	"C27H33O14-"	"Shikimates and Phenylpropanoids"	1.000	"Lignans"	0.999	"Furofuranoid lignans"	0.977	"Lignans, neolignans and related compounds"	0.997	"Lignan glycosides"	0.998					"Lignan glycosides"	0.998	"Organic compounds; Organoheterocyclic compounds; Carbohydrates and carbohydrate conjugates; Lipids and lipid-like molecules; Alkyl aryl ethers; Alcohols and polyols; Phenols; Anisoles; Methoxyphenols; Ethers; Organic acids and derivatives; Carboxylic acids and derivatives; Primary alcohols; Organooxygen compounds; Carboxylic acid derivatives; Monocarboxylic acids and derivatives; Dialkyl ethers; Carboxylic acid esters; Lignans, neolignans and related compounds; Hexoses; Lignan glycosides; Monosaccharides; Acetals; Secondary alcohols; Tertiary alcohols; Fatty acyl glycosides; Furofurans; Oxolanes; Furofuran lignans; Oxanes; Glycosyl compounds; Alkyl glycosides; O-glycosyl compounds; Benzene and substituted derivatives; Polyols; Phenol ethers; Benzenoids; 7,9'-epoxylignans; Furanoid lignans; Fatty acyl glycosides of mono- and disaccharides; Fatty Acyls; Organic oxides; Methoxybenzenes; Oxacyclic compounds; Hydrocarbon derivatives; Phenolic glycosides; Organic oxygen compounds; 1-hydroxy-2-unsubstituted benzenoids; Phenoxy compounds; Chemical entities"	581.187	118	1.969	"645935435134690146"	"645935197200198010"	"2922"	"DECENT"
1	"C21H20O10"	"[M - H]-"	"C21H19O10-"	"Shikimates and Phenylpropanoids"	1.000	"Flavonoids"	1.000	"Flavones"	0.992	"Phenylpropanoids and polyketides"	0.999	"Flavonoids"	1.000	"Flavonoid glycosides"	0.999	"Flavonoid O-glycosides"	0.997	"Flavonoid-7-O-glycosides"	0.946	"Organic compounds; Organoheterocyclic compounds; Carbohydrates and carbohydrate conjugates; Pyrans; Benzopyrans; Alcohols and polyols; Phenols; Chromones; Ethers; Phenylpropanoids and polyketides; Organic acids and derivatives; Primary alcohols; Organooxygen compounds; Flavonoids; Pyranones and derivatives; Flavonoid glycosides; Hexoses; Monosaccharides; Flavonoid O-glycosides; Flavones; Acetals; Secondary alcohols; Oxanes; Glycosyl compounds; O-glycosyl compounds; Benzene and substituted derivatives; Polyols; Benzenoids; 4'-hydroxyflavonoids; 6-hydroxyflavonoids; Hydroxyflavonoids; 5-hydroxyflavonoids; 1-benzopyrans; Flavonoid-7-O-glycosides; Vinylogous acids; Organic oxides; Oxacyclic compounds; Heteroaromatic compounds; Hydrocarbon derivatives; Phenolic glycosides; Organic oxygen compounds; 1-hydroxy-2-unsubstituted benzenoids; 1-hydroxy-4-unsubstituted benzenoids; Chemical entities"	431.098	188	3.140	"645935348719440243"	"645935196243894653"	"2545"	"DECENT"
1	"C22H22O12"	"[M - H]-"	"C22H21O12-"	"Shikimates and Phenylpropanoids"	1.000	"Flavonoids"	0.999	"Flavones"	0.914	"Phenylpropanoids and polyketides"	0.995	"Flavonoids"	0.996	"Flavonoid glycosides"	0.989	"Flavonoid O-glycosides"	0.982	"Flavonoid-7-O-glycosides"	0.832	"Organic compounds; Organoheterocyclic compounds; Carbohydrates and carbohydrate conjugates; Pyrans; Benzopyrans; Alcohols and polyols; Phenols; Chromones; Ethers; Phenylpropanoids and polyketides; Organic acids and derivatives; Primary alcohols; Organooxygen compounds; Flavonoids; Pyranones and derivatives; Flavonoid glycosides; Hexoses; Monosaccharides; Flavonoid O-glycosides; Flavones; Acetals; Secondary alcohols; Oxanes; Glycosyl compounds; O-glycosyl compounds; Benzene and substituted derivatives; Polyols; Benzenoids; 3'-hydroxyflavonoids; 4'-hydroxyflavonoids; Hydroxyflavonoids; 5-hydroxyflavonoids; 1-benzopyrans; Flavonoid-7-O-glycosides; Vinylogous acids; Organic oxides; Oxacyclic compounds; Heteroaromatic compounds; Hydrocarbon derivatives; Phenolic glycosides; Organic oxygen compounds; 1-hydroxy-2-unsubstituted benzenoids; 1-hydroxy-4-unsubstituted benzenoids; Chemical entities"	477.103	192	3.193	"645935358714467121"	"645935196466193211"	"2634"	"BAD"
2	"C53H86O23"	"[M + CH2O2 - H]-"	"C54H87O25-"	"Terpenoids"	0.999	"Triterpenoids"	0.992	"Oleanane triterpenoids"	0.910	"Lipids and lipid-like molecules"	0.994	"Prenol lipids"	0.983	"Terpene glycosides"	0.917	"Triterpene glycosides"	0.891	"Triterpene saponins"	0.891	"Organic compounds; Organoheterocyclic compounds; Carbohydrates and carbohydrate conjugates; Lipids and lipid-like molecules; Alcohols and polyols; Ethers; Prenol lipids; Organic acids and derivatives; Carboxylic acids and derivatives; Primary alcohols; Organooxygen compounds; Carboxylic acid derivatives; Monocarboxylic acids and derivatives; Carboxylic acid esters; Disaccharides; Triterpenoids; Triterpene glycosides; Acetals; Secondary alcohols; Carbonyl compounds; Oxanes; Terpene glycosides; Glycosyl compounds; O-glycosyl compounds; Polyols; Triterpene saponins; Organic oxides; Oxacyclic compounds; Hydrocarbon derivatives; Organic oxygen compounds; Chemical entities"	1135.553	194	3.229	"645935584426757539"	"645935197942591724"	"3228"	"DECENT"
1	"C42H68O16"	"[M - H]-"	"C42H67O16-"	"Terpenoids"	0.996	"Triterpenoids"	0.997	"Oleanane triterpenoids"	0.978	"Lipids and lipid-like molecules"	0.995	"Prenol lipids"	0.981	"Terpene glycosides"	0.907	"Triterpene glycosides"	0.931	"Triterpene saponins"	0.931	"Organic compounds; Organoheterocyclic compounds; Carbohydrates and carbohydrate conjugates; Lipids and lipid-like molecules; Alcohols and polyols; Ethers; Steroids and steroid derivatives; Prenol lipids; Organic acids and derivatives; Carboxylic acids and derivatives; Primary alcohols; Organooxygen compounds; Carboxylic acid derivatives; Monocarboxylic acids and derivatives; Carboxylic acid esters; Cyclic alcohols and derivatives; Monosaccharides; Triterpenoids; Triterpene glycosides; Acetals; Secondary alcohols; Carbonyl compounds; Oxanes; Terpene glycosides; Glycosyl compounds; O-glycosyl compounds; Polyols; Triterpene saponins; Organic oxides; Oxacyclic compounds; Hydrocarbon derivatives; Organic oxygen compounds; Chemical entities"	827.443	237	3.956	"645935361625314187"	"645935197791596338"	"3161"	"DECENT"
2	"C15H24O6"	"[M - H]-"	"C15H23O6-"	"Fatty acids"	0.415	"Sesquiterpenoids"	0.264	"Dicarboxylic acids"	0.431	"Organic acids and derivatives"	0.999	"Carboxylic acids and derivatives"	0.999	"Dicarboxylic acids and derivatives"	0.864			"Dicarboxylic acids and derivatives"	0.864	"Organic compounds; Organoheterocyclic compounds; Lactones; Alcohols and polyols; Organic acids and derivatives; Carboxylic acids and derivatives; Organooxygen compounds; Dicarboxylic acids and derivatives; Carboxylic acid derivatives; Carboxylic acids; Carboxylic acid esters; Gamma butyrolactones; Tertiary alcohols; Carbonyl compounds; Tetrahydrofurans; Organic oxides; Oxacyclic compounds; Hydrocarbon derivatives; Organic oxygen compounds; Chemical entities"	299.150	244	4.066	"645935353710662221"	"645935193307876900"	"1505"	"LOWEST"
2	"C25H22N10O4"	"[M - H]-"	"C25H21N10O4-"	"Alkaloids"	0.763	"Anthranilic acid alkaloids"	0.200	"Imidazole alkaloids"	0.076	"Organoheterocyclic compounds"	0.999	"Azoles"	0.988	"Tetrazoles"	0.940	"Phenyltetrazoles and derivatives"	0.843	"Phenyltetrazoles and derivatives"	0.843	"Organic compounds; Organoheterocyclic compounds; Tetrazoles; Benzoic acids and derivatives; Organic acids and derivatives; Carboxylic acids and derivatives; Organonitrogen compounds; Phenyltetrazoles and derivatives; Benzoyl derivatives; Organooxygen compounds; Azoles; Carboxylic acid amides; Carboxylic acid derivatives; Benzene and substituted derivatives; Benzenoids; Organic oxides; Azacyclic compounds; Heteroaromatic compounds; Hydrocarbon derivatives; Organopnictogen compounds; Organic oxygen compounds; Organic nitrogen compounds; Chemical entities"	525.176	249	4.153	"645935475278376392"	"645935196826904125"	"2777"	"BAD"
1	"C27H28O8"	"[M - H]-"	"C27H27O8-"	"Shikimates and Phenylpropanoids"	1.000	"Lignans"	1.000	"Furofuranoid lignans"	0.968	"Lignans, neolignans and related compounds"	0.995	"Furanoid lignans"	0.995	"Furofuran lignans"	0.932			"Furofuran lignans"	0.932	"Organic compounds; Organoheterocyclic compounds; Alkyl aryl ethers; Phenols; Anisoles; Methoxyphenols; Ethers; Organooxygen compounds; Dialkyl ethers; Lignans, neolignans and related compounds; Furofurans; Furofuran lignans; Benzene and substituted derivatives; Phenol ethers; Benzenoids; Tetrahydrofurans; Furanoid lignans; Methoxybenzenes; Oxacyclic compounds; Hydrocarbon derivatives; Organic oxygen compounds; 1-hydroxy-2-unsubstituted benzenoids; Phenoxy compounds; Chemical entities"	479.170	260	4.328	"645935382823327617"	"645935196566856687"	"2671"	"DECENT"
1	"C19H22O7"	"[M - H]-"	"C19H21O7-"	"Shikimates and Phenylpropanoids"	0.992	"Lignans"	0.860	"Furanoid lignans"	0.112	"Lignans, neolignans and related compounds"	0.747	"Furanoid lignans"	0.840	"Tetrahydrofuran lignans"	0.636			"Tetrahydrofuran lignans"	0.636	"Organic compounds; Organoheterocyclic compounds; Alkyl aryl ethers; Alcohols and polyols; Phenols; Anisoles; Methoxyphenols; Ethers; Organooxygen compounds; Lignans, neolignans and related compounds; Tetrahydrofuran lignans; Carbonyl compounds; Benzene and substituted derivatives; Phenol ethers; Benzenoids; Furanoid lignans; Methoxybenzenes; Oxacyclic compounds; Hydrocarbon derivatives; Organic oxygen compounds; 1-hydroxy-2-unsubstituted benzenoids; 1-hydroxy-4-unsubstituted benzenoids; Phenoxy compounds; Chemical entities"	361.129	262	4.360	"645935367858050153"	"645935194876549096"	"2047"	"LOWEST"
1	"C20H26O8"	"[M - H]-"	"C20H25O8-"	"Terpenoids"	0.999	"Sesquiterpenoids"	0.801	"Guaiane sesquiterpenoids"	0.026	"Lipids and lipid-like molecules"	0.977	"Prenol lipids"	0.951	"Terpene lactones"	0.750			"Terpene lactones"	0.750	"Organic compounds; Organoheterocyclic compounds; Lipids and lipid-like molecules; Lactones; Alcohols and polyols; Prenol lipids; Organic acids and derivatives; Carboxylic acids and derivatives; Organooxygen compounds; Dicarboxylic acids and derivatives; Carboxylic acid derivatives; Carboxylic acids; Carboxylic acid esters; Gamma butyrolactones; Terpene lactones; Cyclic alcohols and derivatives; Sesquiterpenoids; Carbonyl compounds; Tetrahydrofurans; Methyl esters; Organic oxides; Oxacyclic compounds; Hydrocarbon derivatives; Organic oxygen compounds; Chemical entities"	393.155	264	4.398	"645935390561818846"	"645935195572804771"	"2288"	"DECENT"
2	"C22H23ClN2O8"	"[M - H]-"	"C22H22ClN2O8-"	"Alkaloids"	0.382	"Nicotinic acid alkaloids"	0.048	"Depsides and depsidones"	0.054	"Organic acids and derivatives"	1.000	"Carboxylic acids and derivatives"	0.998	"Amino acids, peptides, and analogues"	0.940	"Amino acids and derivatives"	0.938	"Alpha amino acids"	0.754	"Organic compounds; Amino acids, peptides, and analogues; Halobenzenes; Alpha amino acids and derivatives; Alcohols and polyols; Benzoic acids and derivatives; Organic acids and derivatives; Carboxylic acids and derivatives; Organohalogen compounds; Organonitrogen compounds; Benzoyl derivatives; Organooxygen compounds; Dicarboxylic acids and derivatives; Amino acids and derivatives; Aryl chlorides; Carboxylic acid derivatives; Chlorobenzenes; Carboxylic acids; Carboxylic acid esters; Organochlorides; Tertiary alcohols; Carbonyl compounds; Dialkylamines; Benzene and substituted derivatives; Alpha amino acids; Benzenoids; Amines; Secondary amines; Aryl halides; Methyl esters; Vinylogous amides; Aralkylamines; Organic oxides; Hydrocarbon derivatives; Amino acids; Organopnictogen compounds; Organic oxygen compounds; Organic nitrogen compounds; Chemical entities"	477.106	264	4.398	"645935471176346814"	"645935196466193212"	"2636"	"BAD"
1	"C19H22O7"	"[M - H]-"	"C19H21O7-"	"Terpenoids"	1.000	"Diterpenoids"	0.987	"Gibberellins"	0.967	"Lipids and lipid-like molecules"	0.958	"Prenol lipids"	0.943	"Diterpenoids"	0.944	"Gibberellins"	0.866	"C19-gibberellin 6-carboxylic acids"	0.921	"Organic compounds; Organoheterocyclic compounds; Lipids and lipid-like molecules; Lactones; Alcohols and polyols; Prenol lipids; Organic acids and derivatives; Carboxylic acids and derivatives; Organooxygen compounds; Dicarboxylic acids and derivatives; Carboxylic acid derivatives; Carboxylic acid esters; Gamma butyrolactones; Terpene lactones; Cyclic alcohols and derivatives; Diterpene lactones; Diterpenoids; Tertiary alcohols; Oxepanes; Gibberellins; Carbonyl compounds; Tetrahydrofurans; C19-gibberellins; Organic oxides; C19-gibberellin 6-carboxylic acids; Oxacyclic compounds; Hydrocarbon derivatives; Organic oxygen compounds; Chemical entities"	361.129	264	4.402	"645935371398042962"	"645935194872354790"	"2046"	"BAD"
1	"C19H22O7"	"[M - H]-"	"C19H21O7-"	"Terpenoids"	1.000	"Diterpenoids"	0.994	"Gibberellins"	0.990	"Lipids and lipid-like molecules"	0.941	"Prenol lipids"	0.943	"Diterpenoids"	0.971	"Gibberellins"	0.929	"C19-gibberellin 6-carboxylic acids"	0.923	"Organic compounds; Organoheterocyclic compounds; Lipids and lipid-like molecules; Lactones; Alcohols and polyols; Ethers; Prenol lipids; Organic acids and derivatives; Carboxylic acids and derivatives; Organooxygen compounds; Dicarboxylic acids and derivatives; Carboxylic acid derivatives; Carboxylic acids; Carboxylic acid esters; Gamma butyrolactones; Terpene lactones; Cyclic alcohols and derivatives; Diterpene lactones; Diterpenoids; Tertiary alcohols; Oxepanes; Gibberellins; Carbonyl compounds; Tetrahydrofurans; C19-gibberellins; Organic oxides; C19-gibberellin 6-carboxylic acids; Oxacyclic compounds; Hydrocarbon derivatives; Organic oxygen compounds; Chemical entities"	361.129	265	4.420	"645935376385070678"	"645935194889132024"	"2044"	"BAD"
1	"C37H58O12"	"[M - H]-"	"C37H57O12-"	"Terpenoids"	0.972	"Triterpenoids"	0.980	"Cucurbitane triterpenoids"	0.918	"Lipids and lipid-like molecules"	0.975	"Steroids and steroid derivatives"	0.843	"Steroidal glycosides"	0.874	"Steroidal saponins"	0.912	"Cucurbitacin glycosides"	0.891	"Organic compounds; Organoheterocyclic compounds; Carbohydrates and carbohydrate conjugates; Lipids and lipid-like molecules; Ketones; Alcohols and polyols; Ethers; Steroids and steroid derivatives; Prenol lipids; Organic acids and derivatives; Carboxylic acids and derivatives; Organooxygen compounds; Steroidal glycosides; Carboxylic acid derivatives; Monocarboxylic acids and derivatives; Carboxylic acid esters; Hydroxysteroids; Monosaccharides; Triterpenoids; Acetals; Secondary alcohols; Tertiary alcohols; Cucurbitacins; Cucurbitacin glycosides; Carbonyl compounds; Oxanes; Glycosyl compounds; O-glycosyl compounds; Polyols; Steroidal saponins; Organic oxides; Oxacyclic compounds; Hydrocarbon derivatives; Organic oxygen compounds; Chemical entities"	693.385	296	4.925	"645935397251734121"	"645935197586074902"	"3073"	"DECENT"
20	"C15H13F3O4"	"[M + C2H4O2 - H]-"	"C17H16F3O6-"	"Polyketides"	0.585	"Polycyclic aromatic polyketides"	0.268	"Anthraquinones and anthrones"	0.204	"Benzenoids"	0.998	"Phenol ethers"	0.731					"Phenol ethers"	0.731	"Organic compounds; Ketones; Organic acids and derivatives; Carboxylic acids and derivatives; Organohalogen compounds; Organooxygen compounds; Alkyl fluorides; Monocarboxylic acids and derivatives; Carboxylic acids; Organofluorides; Carbonyl compounds; Benzene and substituted derivatives; Phenol ethers; Benzenoids; Alkyl halides; Aryl ketones; Organic oxides; Hydrocarbon derivatives; Organic oxygen compounds; Chemical entities"	373.092	314	5.230	"645935403413167090"	"645935195170150864"	"2141"	"DECENT"
1	"C42H68O16"	"[M - H]-"	"C42H67O16-"	"Polyketides"	0.957	"Linear polyketides"	0.866	"Open-chain polyketides"	0.571	"Lipids and lipid-like molecules"	0.965	"Fatty Acyls"	0.983	"Fatty alcohols"	0.761			"Fatty alcohols"	0.761	"Organic compounds; Carbohydrates and carbohydrate conjugates; Lipids and lipid-like molecules; Alcohols and polyols; Organic acids and derivatives; Carboxylic acids and derivatives; Primary alcohols; Organooxygen compounds; Fatty acid esters; Hydroxy acids and derivatives; Carboxylic acid derivatives; Carboxylic acids; Carboxylic acid esters; Fatty alcohols; Monosaccharides; Secondary alcohols; Beta hydroxy acids and derivatives; Carbonyl compounds; Oxanes; Polyols; Fatty Acyls; Organic oxides; Oxacyclic compounds; Hydrocarbon derivatives; Organic oxygen compounds; Chemical entities"	827.443	316	5.264	"645935422170095620"	"645935197783207708"	"3157"	"DECENT"
1	"C14H22O4"	"[M - H]-"	"C14H21O4-"	"Terpenoids"	0.881	"Sesquiterpenoids"	0.776	"Dicarboxylic acids"	0.189	"Lipids and lipid-like molecules"	0.893	"Fatty Acyls"	0.411	"Fatty acids and conjugates"	0.520	"Branched fatty acids"	0.603	"Branched fatty acids"	0.603	"Organic compounds; Lipids and lipid-like molecules; Lactones; Prenol lipids; Fatty acids and conjugates; Organic acids and derivatives; Carboxylic acids and derivatives; Organooxygen compounds; Branched fatty acids; Unsaturated fatty acids; Dicarboxylic acids and derivatives; Carboxylic acid derivatives; Carboxylic acids; Carboxylic acid esters; Gamma butyrolactones; Carbonyl compounds; Enoate esters; Alpha,beta-unsaturated carboxylic esters; Organic oxides; Hydrocarbon derivatives; Organic oxygen compounds; Chemical entities"	253.144	321	5.342	"645935398925261541"	"645935192175413595"	"1208"	"DECENT"
1	"C27H28O8"	"[M - H]-"	"C27H27O8-"	"Shikimates and Phenylpropanoids"	0.998	"Lignans"	0.994	"Furofuranoid lignans"	0.879	"Lignans, neolignans and related compounds"	0.895	"Furanoid lignans"	0.962					"Furanoid lignans"	0.962	"Organic compounds; Organoheterocyclic compounds; Alkyl aryl ethers; Phenols; Anisoles; Benzoic acids and derivatives; Methoxyphenols; Ethers; Organic acids and derivatives; Carboxylic acids and derivatives; Benzoyl derivatives; Organooxygen compounds; Carboxylic acid derivatives; Monocarboxylic acids and derivatives; Dialkyl ethers; Carboxylic acid esters; Benzoic acid esters; Lignans, neolignans and related compounds; Furofurans; Benzene and substituted derivatives; Phenol ethers; Benzenoids; Tetrahydrofurans; Furanoid lignans; Organic oxides; Methoxybenzenes; Oxacyclic compounds; Hydrocarbon derivatives; Organic oxygen compounds; 1-hydroxy-2-unsubstituted benzenoids; p-Hydroxybenzoic acid esters; p-Hydroxybenzoic acid alkyl esters; Phenoxy compounds; Chemical entities"	479.170	322	5.362	"645935408853179697"	"645935196629771402"	"2702"	"DECENT"
1	"C28H30O10"	"[M - H]-"	"C28H29O10-"	"Shikimates and Phenylpropanoids"	0.929	"Lignans"	0.325	"Depsides and depsidones"	0.030	"Phenylpropanoids and polyketides"	0.409	"Depsides and depsidones"	0.569					"Depsides and depsidones"	0.569	"Organic compounds; Organoheterocyclic compounds; Alkyl aryl ethers; Phenols; Benzoic acids and derivatives; Ethers; Organic acids and derivatives; Carboxylic acids and derivatives; Benzoyl derivatives; Organooxygen compounds; Dicarboxylic acids and derivatives; Carboxylic acid derivatives; Carboxylic acids; Carboxylic acid esters; Benzoic acid esters; Depsides and depsidones; Benzene and substituted derivatives; Phenol ethers; Benzenoids; Organic oxides; Oxacyclic compounds; Hydrocarbon derivatives; Organic oxygen compounds; 1-hydroxy-2-unsubstituted benzenoids; p-Hydroxybenzoic acid esters; Phenoxy compounds; Chemical entities"	525.176	322	5.367	"645935413022318137"	"645935196831098434"	"2778"	"DECENT"
1	"C20H26O8"	"[M - H]-"	"C20H25O8-"	"Terpenoids"	0.523	"Diterpenoids"	0.692	"Tetraketide meroterpenoids"	0.027	"Organic acids and derivatives"	0.994	"Carboxylic acids and derivatives"	0.991	"Dicarboxylic acids and derivatives"	0.620			"Dicarboxylic acids and derivatives"	0.620	"Organic compounds; Organoheterocyclic compounds; Lipids and lipid-like molecules; Lactones; Ethers; Organic acids and derivatives; Carboxylic acids and derivatives; Organooxygen compounds; Dicarboxylic acids and derivatives; Carboxylic acid derivatives; Carboxylic acid esters; Carbonyl compounds; Fatty Acyls; Organic oxides; Oxacyclic compounds; Hydrocarbon derivatives; Organic oxygen compounds; Chemical entities"	393.155	323	5.378	"645935453979699413"	"645935195505695798"	"2264"	"LOWEST"
8	"C44H75NO15"	"[M - H]-"	"C44H74NO15-"	"Terpenoids"	0.953	"Diterpenoids"	0.590	"Lanostane, Tirucallane and Euphane triterpenoids"	0.032	"Lipids and lipid-like molecules"	0.958	"Prenol lipids"	0.921	"Triterpenoids"	0.884			"Triterpenoids"	0.884	"Organic compounds; Organoheterocyclic compounds; Carbohydrates and carbohydrate conjugates; Lipids and lipid-like molecules; Alcohols and polyols; Ethers; Prenol lipids; Organic acids and derivatives; Carboxylic acids and derivatives; Organonitrogen compounds; Primary alcohols; Organooxygen compounds; Carboxylic acid amides; Carboxylic acid derivatives; Monocarboxylic acids and derivatives; Dialkyl ethers; Carboxylic acid esters; Cyclic alcohols and derivatives; Monosaccharides; Triterpenoids; Acetals; Secondary alcohols; Secondary carboxylic acid amides; Carbonyl compounds; Oxanes; Glycosyl compounds; O-glycosyl compounds; N-acyl-alpha-hexosamines; Aminosaccharides; Acetamides; Organic oxides; Oxacyclic compounds; Hydrocarbon derivatives; Organopnictogen compounds; Organic oxygen compounds; Organic nitrogen compounds; Chemical entities"	856.503	332	5.533	"645935419875811195"	"645935197816762229"	"3172"	"DECENT"
4	"C46H67N9O7"	"[M + CH2O2 - H]-"	"C47H68N9O9-"	"Amino acids and Peptides"	0.570	"Oligopeptides"	0.848	"Cyclic peptides"	0.269	"Organic acids and derivatives"	1.000	"Carboxylic acids and derivatives"	0.995	"Amino acids, peptides, and analogues"	0.752	"Amino acids and derivatives"	0.724	"Amino acids and derivatives"	0.724	"Organic compounds; Organoheterocyclic compounds; Carbohydrates and carbohydrate conjugates; Lipids and lipid-like molecules; Amino acids, peptides, and analogues; Alcohols and polyols; Lactams; Ethers; Organic acids and derivatives; Carboxylic acids and derivatives; Organonitrogen compounds; Primary alcohols; Organooxygen compounds; Fatty amides; Amino acids and derivatives; Organic carbonic acids and derivatives; Carboxylic acid amides; Carboxylic acid derivatives; N-acyl amines; Dialkyl ethers; Monosaccharides; Acetals; Secondary alcohols; Secondary carboxylic acid amides; Carbonyl compounds; Oxanes; Glycosyl compounds; O-glycosyl compounds; Benzenoids; Aminosaccharides; Fatty Acyls; Organic oxides; Azacyclic compounds; Oxacyclic compounds; Hydrocarbon derivatives; Organopnictogen compounds; Organic oxygen compounds; Organic nitrogen compounds; Chemical entities"	902.511	332	5.533	"645935434954335043"	"645935197883871311"	"3200"	"DECENT"
20	"C22H26N4O2"	"[M - H]-"	"C22H25N4O2-"	"Alkaloids"	0.955	"Tryptophan alkaloids"	0.153	"Pyridine alkaloids"	0.015	"Benzenoids"	0.934							"Benzenoids"	0.934	"Organic compounds; Organoheterocyclic compounds; Pyridines and derivatives; Organic acids and derivatives; Carboxylic acids and derivatives; Organonitrogen compounds; Organooxygen compounds; Azoles; Carboxylic acid amides; Carboxylic acid derivatives; Carbonyl compounds; Benzenoids; Amines; Organic oxides; Azacyclic compounds; Heteroaromatic compounds; Hydrocarbon derivatives; Organopnictogen compounds; Organic oxygen compounds; Organic nitrogen compounds; Chemical entities"	377.196	341	5.676	"645935423134785594"	"645935195275008647"	"2175"	"DECENT"
1	"C8H16O4"	"[M - H]-"	"C8H15O4-"	"Fatty acids"	0.993	"Fatty Acids and Conjugates"	0.948	"Hydroxy fatty acids"	0.961	"Organic acids and derivatives"	0.985	"Hydroxy acids and derivatives"	0.804					"Hydroxy acids and derivatives"	0.804	"Organic compounds; Carbohydrates and carbohydrate conjugates; Lipids and lipid-like molecules; Alcohols and polyols; Fatty acids and conjugates; Organic acids and derivatives; Carboxylic acids and derivatives; Organooxygen compounds; Hydroxy fatty acids; Hydroxy acids and derivatives; Monocarboxylic acids and derivatives; Carboxylic acids; Secondary alcohols; Carbonyl compounds; Fatty Acyls; Organic oxides; Hydrocarbon derivatives; Organic oxygen compounds; Chemical entities"	175.096	341	5.681	"645935425261297838"	"645935193039441215"	"1451"	"DECENT"
1	"C20H28O4"	"[M - H]-"	"C20H27O4-"	"Terpenoids"	1.000	"Diterpenoids"	0.795	"Spongiane diterpenoids"	0.053	"Lipids and lipid-like molecules"	0.751	"Prenol lipids"	0.764	"Terpene lactones"	0.395	"Diterpene lactones"	0.629	"Diterpene lactones"	0.629	"Organic compounds; Organoheterocyclic compounds; Lipids and lipid-like molecules; Lactones; Furans; Alcohols and polyols; Prenol lipids; Organic acids and derivatives; Carboxylic acids and derivatives; Organooxygen compounds; Hemiacetals; Carboxylic acid derivatives; Monocarboxylic acids and derivatives; Carboxylic acid esters; Diterpene lactones; Diterpenoids; Secondary alcohols; Colensane and clerodane diterpenoids; Carbonyl compounds; Furanones; Dihydrofurans; Butenolides; Enoate esters; Alpha,beta-unsaturated carboxylic esters; Organic oxides; Oxacyclic compounds; Heteroaromatic compounds; Hydrocarbon derivatives; Organic oxygen compounds; Chemical entities"	331.191	341	5.683	"645935425944969469"	"645935194167710667"	"1829"	"DECENT"
2	"C8H16O4"	"[M - H]-"	"C8H15O4-"	"Fatty acids"	0.973	"Fatty Acids and Conjugates"	0.936	"Hydroxy fatty acids"	0.841	"Organic acids and derivatives"	0.968	"Hydroxy acids and derivatives"	0.656					"Hydroxy acids and derivatives"	0.656	"Organic compounds; Lipids and lipid-like molecules; Alcohols and polyols; Ethers; Fatty acids and conjugates; Organic acids and derivatives; Carboxylic acids and derivatives; Organooxygen compounds; Hydroxy fatty acids; Hydroxy acids and derivatives; Monocarboxylic acids and derivatives; Dialkyl ethers; Carboxylic acids; Secondary alcohols; Carbonyl compounds; Fatty Acyls; Organic oxides; Hydrocarbon derivatives; Organic oxygen compounds; Chemical entities"	175.096	356	5.934	"645935427861766575"	"645935192976526630"	"1442"	"DECENT"
1	"C29H39NO8"	"[M - H]-"	"C29H38NO8-"	"Alkaloids"	1.000	"Pseudoalkaloids (transamidation)"	1.000	"Isoindole alkaloids"	1.000	"Organic acids and derivatives"	1.000	"Carboxylic acids and derivatives"	1.000	"Amino acids, peptides, and analogues"	0.907	"Amino acids and derivatives"	0.905	"Glutamic acid and derivatives"	0.985	"Organic compounds; Organoheterocyclic compounds; Amino acids, peptides, and analogues; Alpha amino acids and derivatives; Isoindoles; Alkyl aryl ethers; Phenols; Anisoles; Lactams; Indoles and derivatives; Ethers; Organic acids and derivatives; Carboxylic acids and derivatives; Organonitrogen compounds; Organooxygen compounds; Dicarboxylic acids and derivatives; Amino acids and derivatives; Carboxylic acid amides; Carboxylic acid derivatives; Carboxylic acids; Indolyl carboxylic acids and derivatives; Tertiary carboxylic acid amides; Isoindoles and derivatives; Isoindolones; Carbonyl compounds; Phenol ethers; Benzenoids; Isoindolines; Organic oxides; Azacyclic compounds; Hydrocarbon derivatives; Glutamic acid and derivatives; Organopnictogen compounds; Organic oxygen compounds; Organic nitrogen compounds; Chemical entities"	528.260	356	5.934	"645935446073435814"	"645935196919178998"	"2816"	"DECENT"
2	"C8H16O4"	"[M - H]-"	"C8H15O4-"	"Fatty acids"	0.993	"Fatty Acids and Conjugates"	0.929	"Hydroxy fatty acids"	0.947	"Organic acids and derivatives"	0.976	"Hydroxy acids and derivatives"	0.731					"Hydroxy acids and derivatives"	0.731	"Organic compounds; Carbohydrates and carbohydrate conjugates; Lipids and lipid-like molecules; Alcohols and polyols; Fatty acids and conjugates; Organic acids and derivatives; Carboxylic acids and derivatives; Organooxygen compounds; Hydroxy fatty acids; Hydroxy acids and derivatives; Monocarboxylic acids and derivatives; Carboxylic acids; Secondary alcohols; Carbonyl compounds; Polyols; Fatty Acyls; Organic oxides; Hydrocarbon derivatives; Organic oxygen compounds; Chemical entities"	175.096	491	8.180	"645935464008280889"	"645935192930389234"	"1434"	"DECENT"
