"structurePerIdRank"	"formulaRank"	"ConfidenceScoreExact"	"ConfidenceScoreApproximate"	"CSI:FingerIDScore"	"ZodiacScore"	"SiriusScore"	"molecularFormula"	"adduct"	"precursorFormula"	"InChIkey2D"	"InChI"	"name"	"smiles"	"xlogp"	"pubchemids"	"links"	"dbflags"	"ionMass"	"retentionTimeInSeconds"	"retentionTimeInMinutes"	"formulaId"	"alignedFeatureId"	"mappingFeatureId"	"overallFeatureQuality"
1	18	0.966	0.966	-102.631		32.108	"C10H15N7O5"	"[M + CH2O2 - H]-"	"C11H16N7O7-"	"IPVCFPPIOIAVFS"	"InChI=1S/C10H15N7O5/c11-9-14-6-3(7(21)15-9)13-10(16-12)17(6)8-5(20)4(19)2(1-18)22-8/h2,4-5,8,18-20H,1,12H2,(H,13,16)(H3,11,14,15,21)"	"8-Hydrazinoguanosine"	"C(C1C(C(C(O1)N2C3=C(C(=O)NC(=N3)N)N=C2NN)O)O)O"	-2.849	"136728844;135423570;135733845"	"PUBCHEM:(136728844 135423570 135733845)"	"2"	358.114	21	0.347	"645935287960749243"	"645935194759108379"	"2004"	"DECENT"
1	1	0.024	0.159	-138.070	1.000	68.306	"C19H22O7"	"[M - H]-"	"C19H21O7-"	"PMALFGMVFUCPMK"	"InChI=1S/C19H22O7/c1-25-17-7-10(2-5-15(17)22)18(24)13-9-26-19(12(13)8-20)11-3-4-14(21)16(23)6-11/h2-7,12-13,18-24H,8-9H2,1H3"	"4-{4-[hydroxy(4-hydroxy-3-methoxyphenyl)methyl]-3-(hydroxymethyl)oxolan-2-yl}benzene-1,2-diol"	"COC1=C(C=CC(=C1)C(C2COC(C2CO)C3=CC(=C(C=C3)O)O)O)O"	1.000	"50993829;102484298;75597562;10021525"	"COCONUT:(CNP0310281);CHEBI:(70193);SUPERNATURAL:(SN0289109);MESH:(50993829);PUBCHEM:(50993829 102484298 75597562 10021525);PUBCHEMANNOTATIONDRUG:(null);PUBMED:(null)"	"36700262"	361.129	48	0.798	"645935330423885301"	"645935194868160479"	"2039"	"DECENT"
1	1	0.350	0.350	-61.980	0.999	51.904	"C14H18O9"	"[M - H]-"	"C14H17O9-"	"VSTYNZNDJYVPKL"	"InChI=1S/C14H18O9/c1-21-13(20)6-3-2-4-7(9(6)16)22-14-12(19)11(18)10(17)8(5-15)23-14/h2-4,8,10-12,14-19H,5H2,1H3"	"methyl 2-hydroxy-3-{[3,4,5-trihydroxy-6-(hydroxymethyl)oxan-2-yl]oxy}benzoate"	"COC(=O)C1=C(C(=CC=C1)OC2C(C(C(C(O2)CO)O)O)O)O"	-0.899	"21462423;54409001"	"COCONUT:(CNP0326378);SUPERNATURAL:(SN0399100);PUBCHEM:(21462423 54409001);LOTUS:(Q105292506)"	"271581186"	329.087	75	1.244	"645935316482017935"	"645935194071241511"	"1797"	"DECENT"
1	1	0.144	0.676	-48.817	1.000	217.119	"C19H22O7"	"[M - H]-"	"C19H21O7-"	"PMALFGMVFUCPMK"	"InChI=1S/C19H22O7/c1-25-17-7-10(2-5-15(17)22)18(24)13-9-26-19(12(13)8-20)11-3-4-14(21)16(23)6-11/h2-7,12-13,18-24H,8-9H2,1H3"	"4-{4-[hydroxy(4-hydroxy-3-methoxyphenyl)methyl]-3-(hydroxymethyl)oxolan-2-yl}benzene-1,2-diol"	"COC1=C(C=CC(=C1)C(C2COC(C2CO)C3=CC(=C(C=C3)O)O)O)O"	1.000	"50993829;102484298;75597562;10021525"	"COCONUT:(CNP0310281);CHEBI:(70193);SUPERNATURAL:(SN0289109);MESH:(50993829);PUBCHEM:(50993829 102484298 75597562 10021525);PUBCHEMANNOTATIONDRUG:(null);PUBMED:(null)"	"36700262"	361.129	85	1.412	"645935354054595159"	"645935195174345180"	"2144"	"DECENT"
1	1	0.154	0.154	-293.521	0.998	118.821	"C20H24O9"	"[M - H]-"	"C20H23O9-"	"YKNXGUKFODGDGY"	"InChI=1S/C20H24O9/c1-25-12-6-10(7-13(26-2)18(12)22)16(20(24)29-5)17(21)11-8-14(27-3)19(23)15(9-11)28-4/h6-9,16-17,21-23H,1-5H3"	"2,3-Bis(3,5-dimethoxy-4-hydroxyphenyl)-3-hydroxypropanoic acid methyl ester"	"COC1=CC(=CC(=C1O)OC)C(C(C2=CC(=C(C(=C2)OC)O)OC)O)C(=O)OC"	1.800	"10716382"	"PUBCHEM:(10716382)"	"2"	407.134	85	1.417	"645935336199442155"	"645935195774131739"	"2363"	"DECENT"
1	1	0.417	0.635	-20.630	0.999	40.916	"C26H28O16"	"[M - H]-"	"C26H27O16-"	"YNMFDPCLPIMRFD"	"InChI=1S/C26H28O16/c27-9-4-12(30)16-14(5-9)40-23(8-1-2-10(28)11(29)3-8)24(19(16)34)42-26-22(37)20(35)18(33)15(41-26)7-39-25-21(36)17(32)13(31)6-38-25/h1-5,13,15,17-18,20-22,25-33,35-37H,6-7H2"	"2-(3,4-dihydroxyphenyl)-5,7-dihydroxy-3-[(3,4,5-trihydroxy-6-{[(3,4,5-trihydroxyoxan-2-yl)oxy]methyl}oxan-2-yl)oxy]-4H-chromen-4-one"	"C1C(C(C(C(O1)OCC2C(C(C(C(O2)OC3=C(OC4=CC(=CC(=C4C3=O)O)O)C5=CC(=C(C=C5)O)O)O)O)O)O)O)O"	-1.700	"155625485;163004841;163004842;163004843;163004844;163004845;163004846;163004847;163004848;163195618;5315208;5484066;22524612;101630467;102316879;96327579;129354321;129354322;129448122;129448123;129448124;129448125;44584495;13887800;44119900;44259093;44259139;44259141"	"PUBCHEMANNOTATIONBIO:(null);HMDB:(HMDB0040488);LIPIDMAPS:(LMPK12112043 LMPK12112089 LMPK12112091);SUPERNATURAL:(SN0455227);MESH:(5484066);FooDB:(FDB020248);PUBCHEM:(155625485 163004841 163004842 163004843 163004844 163004845 163004846 163004847 163004848 163195618 5315208 5484066 22524612 101630467 102316879 96327579 129354321 129354322 129448122 129448123 129448124 129448125 44584495 13887800 44119900 44259093 44259139 44259141);COCONUT:(CNP0279091);NORMAN:(NS00051351 NS00097669);CHEBI:(173305 139468 191132);DSSTox:(DTXSID801108980 DTXSID90945976);LOTUS:(Q105350999 Q105350997 Q115785050 Q105350995 Q105351000 Q63396313 Q105351001);PUBCHEMANNOTATIONDRUG:(null);PUBMED:(null);KNAPSACK:(YNMFDPCLPIMRFD-UHFFFAOYSA-N)"	"140445483134"	595.130	110	1.836	"645935364846539777"	"645935197309250184"	"2962"	"DECENT"
1	1	0.048	0.103	-133.629	1.000	65.532	"C26H32O12"	"[M - H]-"	"C26H31O12-"	"BCIBSYKCKPSDSW"	"InChI=1S/C26H32O12/c1-33-16-7-11(3-5-14(16)28)23-13-10-35-24(19(13)25(32)38-23)12-4-6-15(17(8-12)34-2)36-26-22(31)21(30)20(29)18(9-27)37-26/h3-8,13,18-32H,9-10H2,1-2H3"	"2-{4-[6-hydroxy-4-(4-hydroxy-3-methoxyphenyl)-hexahydrofuro[3,4-c]furan-1-yl]-2-methoxyphenoxy}-6-(hydroxymethyl)oxane-3,4,5-triol"	"COC1=C(C=CC(=C1)C2C3COC(C3C(O2)O)C4=CC(=C(C=C4)OC5C(C(C(C(O5)CO)O)O)O)OC)O"	0.000	"101376390;163194842;77695886;69652000"	"COCONUT:(CNP0111796);SUPERNATURAL:(SN0021720);MESH:(101376390);PUBCHEM:(101376390 163194842 77695886 69652000);LOTUS:(Q104923311 Q104923309);PUBMED:(null)"	"271581254"	535.181	112	1.874	"645935346240606483"	"645935196931761928"	"2824"	"BAD"
1	1	0.542	0.542	-128.759	1.000	206.900	"C14H24O6"	"[M - H]-"	"C14H23O6-"	"FIDISSFBBFUTOK"	"InChI=1S/C14H24O6/c1-9(11(15)7-13(17)18)5-3-4-6-10(2)12(16)8-14(19)20/h3-4,9-12,15-16H,5-8H2,1-2H3,(H,17,18)(H,19,20)"	"3,10-dihydroxy-4,9-dimethyldodec-6-enedioic acid"	"CC(CC=CCC(C)C(CC(=O)O)O)C(CC(=O)O)O"	0.800	"125416630;125416631;125416632;125416633;156602896;129008872"	"COCONUT:(CNP0108482);SUPERNATURAL:(SN0086380);PUBCHEM:(125416630 125416631 125416632 125416633 156602896 129008872);DSSTox:(DTXSID701335889 DTXSID701335891)"	"137442099202"	287.149	116	1.940	"645935365014311950"	"645935192942972161"	"1437"	"DECENT"
1	1	0.315	0.622	-16.058	1.000	210.714	"C26H32O12"	"[M - H]-"	"C26H31O12-"	"GQLQVPZSTWXDBQ"	"InChI=1S/C26H32O12/c1-33-17-8-13(3-5-15(17)28)24-26(32)11-36-23(14(26)10-35-24)12-4-6-16(18(7-12)34-2)37-25-22(31)21(30)20(29)19(9-27)38-25/h3-8,14,19-25,27-32H,9-11H2,1-2H3"	"2-{4-[3a-hydroxy-4-(4-hydroxy-3-methoxyphenyl)-hexahydrofuro[3,4-c]furan-1-yl]-2-methoxyphenoxy}-6-(hydroxymethyl)oxane-3,4,5-triol"	"COC1=C(C=CC(=C1)C2C3COC(C3(CO2)O)C4=CC(=C(C=C4)O)OC)OC5C(C(C(C(O5)CO)O)O)O"	-0.600	"21591950;5318329;22524284;162913054;133556452;73809141"	"COCONUT:(CNP0182091);NORMAN:(NS00097588);CHEBI:(189506);SUPERNATURAL:(SN0112656);PUBCHEM:(21591950 5318329 22524284 162913054 133556452 73809141);LOTUS:(Q105015451);GNPS:(CCMSLIB00000852552);PUBMED:(null)"	"271847522"	535.181	118	1.960	"645935554504590315"	"645935196927567620"	"2818"	"DECENT"
1	1	0.895	0.895	-98.877	0.995	177.202	"C27H34O14"	"[M - H]-"	"C27H33O14-"	"DLHKWKLJJLXZPM"	"InChI=1S/C27H34O14/c1-35-15-6-12(4-5-14(15)29)23-26(33)10-39-24(27(26,34)11-38-23)13-7-16(36-2)22(17(8-13)37-3)41-25-21(32)20(31)19(30)18(9-28)40-25/h4-8,18-21,23-25,28-34H,9-11H2,1-3H3"	"2-{4-[3a,6a-dihydroxy-4-(4-hydroxy-3-methoxyphenyl)-hexahydrofuro[3,4-c]furan-1-yl]-2,6-dimethoxyphenoxy}-6-(hydroxymethyl)oxane-3,4,5-triol"	"COC1=CC(=CC(=C1OC2C(C(C(C(O2)CO)O)O)O)OC)C3C4(COC(C4(CO3)O)C5=CC(=C(C=C5)O)OC)O"	-1.700	"163074057;163074058"	"COCONUT:(CNP0371965);SUPERNATURAL:(SN0068806);PUBCHEM:(163074057 163074058)"	"3145730"	581.187	118	1.969	"645935435134690146"	"645935197200198010"	"2922"	"DECENT"
1	1	0.388	0.441	-9.172	0.999	69.586	"C21H20O10"	"[M - H]-"	"C21H19O10-"	"IPQKDIRUZHOIOM"	"InChI=1S/C21H20O10/c22-8-14-17(25)19(27)20(28)21(31-14)30-13-7-12-15(18(26)16(13)24)10(23)6-11(29-12)9-4-2-1-3-5-9/h1-7,14,17,19-22,24-28H,8H2"	"Oroxin A"	"C1=CC=C(C=C1)C2=CC(=O)C3=C(C(=C(C=C3O2)OC4C(C(C(C(O4)CO)O)O)O)O)O"	0.900	"6604682;5320313;22855482;69755234;7067326;7067327;7067328;7067329;162974862;623002;59991310;73506008"	"PUBCHEMANNOTATIONBIO:(null);COCONUT:(CNP0246619);BloodExposome:(5320313);METACYC:(CPD-15176);PLANTCYC:(CPD-15176);SUPERNATURAL:(SN0151903);MESH:(5320313);PUBCHEM:(6604682 5320313 22855482 69755234 7067326 7067327 7067328 7067329 162974862 623002 59991310 73506008);DSSTox:(DTXSID70904521 DTXSID70904546);LOTUS:(Q105117391 Q72497982);PUBCHEMANNOTATIONDRUG:(null);PUBMED:(null)"	"137765193798"	431.098	188	3.140	"645935348719440243"	"645935196243894653"	"2545"	"DECENT"
1	1	0.111	0.111	-99.264	0.995	30.462	"C22H22O12"	"[M - H]-"	"C22H21O12-"	"PHEWILLIAJUBQE"	"InChI=1S/C22H22O12/c1-31-9-5-12(26)15-13(6-9)32-20(8-2-3-10(24)11(25)4-8)21(17(15)28)34-22-19(30)18(29)16(27)14(7-23)33-22/h2-6,14,16,18-19,22-27,29-30H,7H2,1H3"	"2-(3,4-dihydroxyphenyl)-5-hydroxy-7-methoxy-3-{[3,4,5-trihydroxy-6-(hydroxymethyl)oxan-2-yl]oxy}-4H-chromen-4-one"	"COC1=CC(=C2C(=C1)OC(=C(C2=O)OC3C(C(C(C(O3)CO)O)O)O)C4=CC(=C(C=C4)O)O)O"	0.700	"14704553;14704554;124903653;51693835;51693836;124462791;101808033;162888321;162888322;162888323;98598213;10344991;26236238;26236239;26236240;26236241;44259577;44259586"	"COCONUT:(CNP0154990);METACYC:(CPD-14970);LIPIDMAPS:(LMPK12112598 LMPK12112607);SUPERNATURAL:(SN0285318);PUBCHEM:(14704553 14704554 124903653 51693835 51693836 124462791 101808033 162888321 162888322 162888323 98598213 10344991 26236238 26236239 26236240 26236241 44259577 44259586);LOTUS:(Q105208908 Q105208906 Q105208904 Q105208909 Q105208907);GNPS:(CCMSLIB00000848857 CCMSLIB00000847191);KNAPSACK:(PHEWILLIAJUBQE-UHFFFAOYSA-N)"	"2419070994"	477.103	192	3.193	"645935358714467121"	"645935196466193211"	"2634"	"BAD"
1	2	0.270	0.338	-31.709	0.493	92.427	"C53H86O23"	"[M + CH2O2 - H]-"	"C54H87O25-"	"MNTMKESYFRNNRE"	"InChI=1S/C53H86O23/c1-48(2)13-15-53(47(68)76-45-41(67)38(64)35(61)28(73-45)21-70-43-39(65)36(62)33(59)26(18-54)71-43)16-14-51(5)23(24(53)17-48)7-8-30-49(3)11-10-31(50(4,22-56)29(49)9-12-52(30,51)6)74-46-42(32(58)25(57)20-69-46)75-44-40(66)37(63)34(60)27(19-55)72-44/h7,24-46,54-67H,8-22H2,1-6H3"	"3,4,5-trihydroxy-6-({[3,4,5-trihydroxy-6-(hydroxymethyl)oxan-2-yl]oxy}methyl)oxan-2-yl 10-[(4,5-dihydroxy-3-{[3,4,5-trihydroxy-6-(hydroxymethyl)oxan-2-yl]oxy}oxan-2-yl)oxy]-9-(hydroxymethyl)-2,2,6a,6b,9,12a-hexamethyl-1,2,3,4,4a,5,6,6a,6b,7,8,8a,9,10,11,12,12a,12b,13,14b-icosahydropicene-4a-carboxylate"	"CC1(CCC2(CCC3(C(=CCC4C3(CCC5C4(CCC(C5(C)CO)OC6C(C(C(CO6)O)O)OC7C(C(C(C(O7)CO)O)O)O)C)C)C2C1)C)C(=O)OC8C(C(C(C(O8)COC9C(C(C(C(O9)CO)O)O)O)O)O)O)C"	-0.800	"14284437;101623723;162930534;162930535;162930536"	"COCONUT:(CNP0200458);TeroMol:(TKC140640 TKC140639 TKC054171 TKC140641);SUPERNATURAL:(SN0230560);PUBCHEM:(14284437 101623723 162930534 162930535 162930536);LOTUS:(Q105168574 Q105168576);PUBMED:(null)"	"279969858"	1135.553	194	3.229	"645935584426757539"	"645935197942591724"	"3228"	"DECENT"
1	1	0.255	0.255	-250.999	1.000	84.852	"C42H68O16"	"[M - H]-"	"C42H67O16-"	"BTXBJBQCQAYUTQ"	"InChI=1S/C42H68O16/c1-37(2)11-13-42(36(54)58-35-31(52)29(50)27(48)22(17-44)56-35)14-12-40(5)19(25(42)32(37)53)7-8-24-38(3)15-20(46)33(39(4,18-45)23(38)9-10-41(24,40)6)57-34-30(51)28(49)26(47)21(16-43)55-34/h7,20-35,43-53H,8-18H2,1-6H3"	"3,4,5-trihydroxy-6-(hydroxymethyl)oxan-2-yl 1,11-dihydroxy-9-(hydroxymethyl)-2,2,6a,6b,9,12a-hexamethyl-10-{[3,4,5-trihydroxy-6-(hydroxymethyl)oxan-2-yl]oxy}-1,2,3,4,4a,5,6,6a,6b,7,8,8a,9,10,11,12,12a,12b,13,14b-icosahydropicene-4a-carboxylate"	"CC1(CCC2(CCC3(C(=CCC4C3(CCC5C4(CC(C(C5(C)CO)OC6C(C(C(C(O6)CO)O)O)O)O)C)C)C2C1O)C)C(=O)OC7C(C(C(C(O7)CO)O)O)O)C"	0.500	"21637755;73818310"	"COCONUT:(CNP0124174);TeroMol:(TKC063070);SUPERNATURAL:(SN0035347);PUBCHEM:(21637755 73818310);LOTUS:(Q104945921)"	"279969794"	827.443	237	3.956	"645935361625314187"	"645935197791596338"	"3161"	"DECENT"
1	2	0.031	0.031	-180.858	0.210	17.225	"C15H24O6"	"[M - H]-"	"C15H23O6-"	"XVJPYQDFXZAPEI"	"InChI=1S/C15H24O6/c1-6-7-16-11-10(9-8-17-14(2,3)19-9)18-13-12(11)20-15(4,5)21-13/h6,9-13H,1,7-8H2,2-5H3"	"(3aR,5R,6S,6aR)-5-(2,2-dimethyl-1,3-dioxolan-4-yl)-2,2-dimethyl-6-prop-2-enoxy-3a,5,6,6a-tetrahydrofuro[2,3-d][1,3]dioxole"	"CC1(OCC(O1)C2C(C3C(O2)OC(O3)(C)C)OCC=C)C"	1.200	"160857594;118119001;134990212;102035225;12874893;12874894;11277987;10891927;10891929;10979497;209755;49789024"	"PUBCHEMANNOTATIONSAFETYANDTOXIC:(null);PUBCHEM:(160857594 118119001 134990212 102035225 12874893 12874894 11277987 10891927 10891929 10979497 209755 49789024);DSSTox:(DTXSID601153189)"	"137506062338"	299.150	244	4.066	"645935353710662221"	"645935193307876900"	"1505"	"LOWEST"
1	2	0.083	0.083	-304.476	0.087	6.212	"C25H22N10O4"	"[M - H]-"	"C25H21N10O4-"	"ZIBYDYGYNWAUHY"	"InChI=1S/C25H22N10O4/c1-13-29-12-35(32-13)24-20-19(17(39-2)10-28-24)16(9-27-20)21(36)25(38)33-7-8-34-18(11-33)30-31-23(34)15-6-4-3-5-14(15)22(26)37/h3-6,9-10,12,27H,7-8,11H2,1-2H3,(H2,26,37)"	"2-(7-{[4-Methoxy-7-(3-methyl-1H-1,2,4-triazol-1-yl)-1H-pyrrolo[2,3-c]pyridin-3-yl](oxo)acetyl}-5,6,7,8-tetrahydro[1,2,4]triazolo[4,3-a]pyrazin-3-yl)benzamide"	"CC1=NN(C=N1)C2=NC=C(C3=C2NC=C3C(=O)C(=O)N4CCN5C(=NN=C5C6=CC=CC=C6C(=O)N)C4)OC"	0.000	"44610909"	"PUBCHEM:(44610909)"	"2"	525.176	249	4.153	"645935475278376392"	"645935196826904125"	"2777"	"BAD"
1	1	0.963	0.963	-164.756	1.000	93.398	"C27H28O8"	"[M - H]-"	"C27H27O8-"	"GFXHOKACHHWSQG"	"InChI=1S/C27H28O8/c1-32-24-12-16(3-9-22(24)29)11-19-14-34-26(18-6-10-23(30)25(13-18)33-2)21(19)15-35-27(31)17-4-7-20(28)8-5-17/h3-10,12-13,19,21,26,28-30H,11,14-15H2,1-2H3"	"Agastinol"	"COC1=C(C=CC(=C1)CC2COC(C2COC(=O)C3=CC=C(C=C3)O)C4=CC(=C(C=C4)O)OC)O"	4.300	"22297730;637406"	"COCONUT:(CNP0384755);SUPERNATURAL:(SN0104659);MESH:(637406);PUBCHEM:(22297730 637406);LOTUS:(Q105007859);PUBMED:(null);KNAPSACK:(GFXHOKACHHWSQG-UHFFFAOYSA-N)"	"271581270"	479.170	260	4.328	"645935382823327617"	"645935196566856687"	"2671"	"DECENT"
1	1	0.041	0.373	-301.283	1.000	48.451	"C19H22O7"	"[M - H]-"	"C19H21O7-"	"PMALFGMVFUCPMK"	"InChI=1S/C19H22O7/c1-25-17-7-10(2-5-15(17)22)18(24)13-9-26-19(12(13)8-20)11-3-4-14(21)16(23)6-11/h2-7,12-13,18-24H,8-9H2,1H3"	"4-{4-[hydroxy(4-hydroxy-3-methoxyphenyl)methyl]-3-(hydroxymethyl)oxolan-2-yl}benzene-1,2-diol"	"COC1=C(C=CC(=C1)C(C2COC(C2CO)C3=CC(=C(C=C3)O)O)O)O"	1.000	"50993829;102484298;75597562;10021525"	"COCONUT:(CNP0310281);CHEBI:(70193);SUPERNATURAL:(SN0289109);MESH:(50993829);PUBCHEM:(50993829 102484298 75597562 10021525);PUBCHEMANNOTATIONDRUG:(null);PUBMED:(null)"	"36700262"	361.129	262	4.360	"645935367858050153"	"645935194876549096"	"2047"	"LOWEST"
1	1	0.416	0.940	-36.663	0.999	148.596	"C20H26O8"	"[M - H]-"	"C20H25O8-"	"GKFCVSUZIXNVJF"	"InChI=1S/C20H26O8/c1-10(7-15(21)22)5-6-13-11(2)8-14-17(12(3)18(25)28-14)20(13,9-16(23)24)19(26)27-4/h7,12-14,17H,2,5-6,8-9H2,1,3-4H3,(H,21,22)(H,23,24)"	"5-[4-(carboxymethyl)-4-(methoxycarbonyl)-3-methyl-6-methylidene-2-oxo-octahydro-1-benzofuran-5-yl]-3-methylpent-2-enoic acid"	"CC1C2C(CC(=C)C(C2(CC(=O)O)C(=O)OC)CCC(=CC(=O)O)C)OC1=O"	1.900	"125416220;125416224;125416225;125416226;156602994;129008980"	"COCONUT:(CNP0086898);SUPERNATURAL:(SN0107927);PUBCHEM:(125416220 125416224 125416225 125416226 156602994 129008980)"	"3145730"	393.155	264	4.398	"645935390561818846"	"645935195572804771"	"2288"	"DECENT"
1	2	0.061	0.061	-372.747	0.213	53.974	"C22H23ClN2O8"	"[M - H]-"	"C22H22ClN2O8-"	"SGCXNYNBKUGWEG"	"InChI=1S/C22H23ClN2O8/c1-5-32-19-11-14(10-16(23)21(19)31-4)6-9-20(26)33-13(2)22(27)24-17-12-15(25(28)29)7-8-18(17)30-3/h6-13H,5H2,1-4H3,(H,24,27)"	"[1-(2-methoxy-5-nitroanilino)-1-oxopropan-2-yl] (E)-3-(3-chloro-5-ethoxy-4-methoxyphenyl)prop-2-enoate"	"CCOC1=C(C(=CC(=C1)C=CC(=O)OC(C)C(=O)NC2=C(C=CC(=C2)[N+](=O)[O-])OC)Cl)OC"	4.200	"45656384"	"PUBCHEM:(45656384)"	"2"	477.106	264	4.398	"645935471176346814"	"645935196466193212"	"2636"	"BAD"
1	1	0.261	0.261	-139.582	1.000	53.293	"C19H22O7"	"[M - H]-"	"C19H21O7-"	"MVHJDZCNXNYBEL"	"InChI=1S/C19H22O7/c1-7-4-18-5-8(7)9(20)3-11(18)19-6-10(21)14(22)17(2,16(25)26-19)13(19)12(18)15(23)24/h8,10-14,21-22H,1,3-6H2,2H3,(H,23,24)"	"Gibberellin A26"	"CC12C3C(C45CC(C(=C)C4)C(=O)CC5C3(CC(C1O)O)OC2=O)C(=O)O"	-0.800	"14833703;163029663;163029664;101603110"	"COCONUT:(CNP0307952);TeroMol:(TKC007049);SUPERNATURAL:(SN0236326);PUBCHEM:(14833703 163029663 163029664 101603110);LOTUS:(Q105173016 Q105173018 Q105173019);KNAPSACK:(MVHJDZCNXNYBEL-UHFFFAOYSA-N)"	"279969810"	361.129	264	4.402	"645935371398042962"	"645935194872354790"	"2046"	"BAD"
1	1	0.252	0.252	-125.360	1.000	63.356	"C19H22O7"	"[M - H]-"	"C19H21O7-"	"DBCALXGMWSCZIP"	"InChI=1S/C19H22O7/c1-8-6-17-7-18(8,25)11(21)5-9(17)19-4-3-10(20)16(2,15(24)26-19)13(19)12(17)14(22)23/h3-4,9-13,20-21,25H,1,5-7H2,2H3,(H,22,23)"	"Gibberellin A87"	"CC12C(C=CC3(C1C(C45C3CC(C(C4)(C(=C)C5)O)O)C(=O)O)OC2=O)O"	-0.195	"101663385;162955886;131752584"	"PUBCHEMANNOTATIONBIO:(null);COCONUT:(CNP0226805);HMDB:(HMDB0039239);TeroMol:(TKC006939);CHEBI:(175645);SUPERNATURAL:(SN0061012);FooDB:(FDB018776);PUBCHEM:(101663385 162955886 131752584);LOTUS:(Q104974236 Q104974237);PUBCHEMANNOTATIONDRUG:(null);KNAPSACK:(DBCALXGMWSCZIP-UHFFFAOYSA-N)"	"867172410"	361.129	265	4.420	"645935376385070678"	"645935194889132024"	"2044"	"BAD"
1	1	0.412	0.412	-245.809	1.000	110.887	"C37H58O12"	"[M - H]-"	"C37H57O12-"	"KYKZFSQXCCQMFE"	"InChI=1S/C37H58O12/c1-18(38)47-25-27-32(6)10-13-37(49-32,31(4,5)44)46-17-36(27)12-11-35-16-34(35)9-8-22(48-29-24(42)23(41)20(40)15-45-29)30(2,3)21(34)14-19(39)26(35)33(36,7)28(25)43/h19-29,39-44H,8-17H2,1-7H3"	"[(1S,2R,3R,4S,5S,6R,7S,9R,11S,14R,16S,19S,22S)-4,7-dihydroxy-22-(2-hydroxypropan-2-yl)-1,5,10,10-tetramethyl-11-[(2S,3R,4S,5R)-3,4,5-trihydroxyoxan-2-yl]oxy-21,25-dioxaheptacyclo[20.2.1.02,19.05,19.06,16.09,14.014,16]pentacosan-3-yl] acetate"	"CC(=O)OC1C2C3(CCC(O3)(OCC24CCC56CC57CCC(C(C7CC(C6C4(C1O)C)O)(C)C)OC8C(C(C(CO8)O)O)O)C(C)(C)O)C"	1.300	"155534800"	"TeroMol:(TKC048693);PUBCHEM:(155534800);PUBMED:(null)"	"8388674"	693.385	296	4.925	"645935397251734121"	"645935197586074902"	"3073"	"DECENT"
1	20	0.051	0.051	-221.305		125.193	"C15H13F3O4"	"[M + C2H4O2 - H]-"	"C17H16F3O6-"	"MMYSNPRJRFODBZ"	"InChI=1S/C15H13F3O4/c1-21-13(19)8-6-10-4-3-5-12(15(16,17)18)11(10)7-9-14(20)22-2/h3-9H,1-2H3"	"methyl (E)-3-[2-[(E)-3-methoxy-3-oxoprop-1-enyl]-3-(trifluoromethyl)phenyl]prop-2-enoate"	"COC(=O)C=CC1=C(C(=CC=C1)C(F)(F)F)C=CC(=O)OC"	3.400	"88471412"	"PUBCHEM:(88471412)"	"2"	373.092	314	5.230	"645935403413167090"	"645935195170150864"	"2141"	"DECENT"
1	1	0.040	0.040	-394.216	0.970	51.435	"C42H68O16"	"[M - H]-"	"C42H67O16-"	"RSNOJNCMDSVLCU"	"InChI=1S/C42H68O16/c1-19-9-12-42(36(53)58-35-31(29(50)27(48)23(17-44)56-35)57-34-30(51)28(49)26(47)22(16-43)55-34)14-13-39(4)20(32(42)41(19,6)54)7-8-25-37(2)15-21(46)33(52)38(3,18-45)24(37)10-11-40(25,39)5/h7,19,21-35,43-52,54H,8-18H2,1-6H3"	"4,5-dihydroxy-6-(hydroxymethyl)-3-{[3,4,5-trihydroxy-6-(hydroxymethyl)oxan-2-yl]oxy}oxan-2-yl 1,10,11-trihydroxy-9-(hydroxymethyl)-1,2,6a,6b,9,12a-hexamethyl-1,2,3,4,4a,5,6,6a,6b,7,8,8a,9,10,11,12,12a,12b,13,14b-icosahydropicene-4a-carboxylate"	"CC1CCC2(CCC3(C(=CCC4C3(CCC5C4(CC(C(C5(C)CO)O)O)C)C)C2C1(C)O)C)C(=O)OC6C(C(C(C(O6)CO)O)O)OC7C(C(C(C(O7)CO)O)O)O"	0.900	"162817418;162817419"	"COCONUT:(CNP0075425);TeroMol:(TKC063283);LIPIDMAPS:(LMPR0106180027);SUPERNATURAL:(SN0334106);PUBCHEM:(162817418 162817419);LOTUS:(Q105244778)"	"2427453442"	827.443	316	5.264	"645935422170095620"	"645935197783207708"	"3157"	"DECENT"
1	1	0.127	0.127	-158.023	1.000	35.739	"C14H22O4"	"[M - H]-"	"C14H21O4-"	"VCWLZDVWHQVAJU"	"InChI=1S/C14H22O4/c1-3-4-5-6-7-8-9-11-12(13(15)16)10(2)14(17)18-11/h11-12H,2-9H2,1H3,(H,15,16)"	"4-methylidene-2-octyl-5-oxooxolane-3-carboxylic acid"	"CCCCCCCCC1C(C(=C)C(=O)O1)C(=O)O"	4.000	"154586174;4248455;9881506;76961793;6482234;25191718;121367036;44390830;24728613"	"PUBCHEMANNOTATIONBIO:(null);COCONUT:(CNP0230813);NORMAN:(NS00018693);HMDB:(HMDB0249518);BloodExposome:(9881506);METACYC:(CPD-23599);CHEBI:(95108 191401 191400 169072 180531 191402);SUPERNATURAL:(SN0386934);MESH:(9881506);PUBCHEM:(154586174 4248455 9881506 76961793 6482234 25191718 121367036 44390830 24728613);DSSTox:(DTXSID10940721 DTXSID401189534);PUBMED:(null)"	"137463335022"	253.144	321	5.342	"645935398925261541"	"645935192175413595"	"1208"	"DECENT"
1	1	0.997	0.997	-127.921	1.000	53.474	"C27H28O8"	"[M - H]-"	"C27H27O8-"	"GFXHOKACHHWSQG"	"InChI=1S/C27H28O8/c1-32-24-12-16(3-9-22(24)29)11-19-14-34-26(18-6-10-23(30)25(13-18)33-2)21(19)15-35-27(31)17-4-7-20(28)8-5-17/h3-10,12-13,19,21,26,28-30H,11,14-15H2,1-2H3"	"Agastinol"	"COC1=C(C=CC(=C1)CC2COC(C2COC(=O)C3=CC=C(C=C3)O)C4=CC(=C(C=C4)O)OC)O"	4.300	"22297730;637406"	"COCONUT:(CNP0384755);SUPERNATURAL:(SN0104659);MESH:(637406);PUBCHEM:(22297730 637406);LOTUS:(Q105007859);PUBMED:(null);KNAPSACK:(GFXHOKACHHWSQG-UHFFFAOYSA-N)"	"271581270"	479.170	322	5.362	"645935408853179697"	"645935196629771402"	"2702"	"DECENT"
1	1	0.107	0.107	-394.114	0.689	21.772	"C28H30O10"	"[M - H]-"	"C28H29O10-"	"OEILOTGAQMBLQQ"	"InChI=1S/C28H30O10/c1-17(29)35-11-7-8-22-14-28(38-20(4)32)27(34-6)15-24(22)23(16-36-18(2)30)12-21-9-10-25(37-19(3)31)26(13-21)33-5/h7-10,12-15H,11,16H2,1-6H3"	"2-[4-(acetyloxy)-2-[3-(acetyloxy)prop-1-en-1-yl]-5-methoxyphenyl]-3-[4-(acetyloxy)-3-methoxyphenyl]prop-2-en-1-yl acetate"	"CC(=O)OCC=CC1=CC(=C(C=C1C(=CC2=CC(=C(C=C2)OC(=O)C)OC)COC(=O)C)OC)OC(=O)C"	3.900	"162853900;100935401"	"COCONUT:(CNP0116551);SUPERNATURAL:(SN0263139);PUBCHEM:(162853900 100935401);LOTUS:(Q105190297 Q105190296)"	"271581186"	525.176	322	5.367	"645935413022318137"	"645935196831098434"	"2778"	"DECENT"
1	1	0.056	0.193	-212.732	0.999	19.804	"C20H26O8"	"[M - H]-"	"C20H25O8-"	"GKFCVSUZIXNVJF"	"InChI=1S/C20H26O8/c1-10(7-15(21)22)5-6-13-11(2)8-14-17(12(3)18(25)28-14)20(13,9-16(23)24)19(26)27-4/h7,12-14,17H,2,5-6,8-9H2,1,3-4H3,(H,21,22)(H,23,24)"	"5-[4-(carboxymethyl)-4-(methoxycarbonyl)-3-methyl-6-methylidene-2-oxo-octahydro-1-benzofuran-5-yl]-3-methylpent-2-enoic acid"	"CC1C2C(CC(=C)C(C2(CC(=O)O)C(=O)OC)CCC(=CC(=O)O)C)OC1=O"	1.900	"125416220;125416224;125416225;125416226;156602994;129008980"	"COCONUT:(CNP0086898);SUPERNATURAL:(SN0107927);PUBCHEM:(125416220 125416224 125416225 125416226 156602994 129008980)"	"3145730"	393.155	323	5.378	"645935453979699413"	"645935195505695798"	"2264"	"LOWEST"
1	8	0.955	0.955	-172.741	0.012	6.273	"C44H75NO15"	"[M - H]-"	"C44H74NO15-"	"LRHHFHPQWVDGIQ"	"InChI=1S/C44H75NO15/c1-22(10-13-28(49)44(9)19-16-30(58-44)41(5,6)59-38-32(45-23(2)48)35(52)33(50)25(20-46)55-38)24-11-12-27-42(24,7)17-15-31-43(27,8)18-14-29(57-31)40(3,4)60-39-37(54)36(53)34(51)26(21-47)56-39/h24-39,46-47,49-54H,1,10-21H2,2-9H3,(H,45,48)"	"N-[(2S,3S,4R,5S,6R)-2-[2-[5-[4-[6a,9b-dimethyl-3-[2-[(2S,3S,4S,5S,6R)-3,4,5-trihydroxy-6-(hydroxymethyl)oxan-2-yl]oxypropan-2-yl]-1,2,3,4a,5,6,7,8,9,9a-decahydrocyclopenta[f]chromen-7-yl]-1-hydroxypent-4-enyl]-5-methyloxolan-2-yl]propan-2-yloxy]-4,5-dihydroxy-6-(hydroxymethyl)oxan-3-yl]acetamide"	"CC(=O)NC1C(C(C(OC1OC(C)(C)C2CCC(O2)(C)C(CCC(=C)C3CCC4C3(CCC5C4(CCC(O5)C(C)(C)OC6C(C(C(C(O6)CO)O)O)O)C)C)O)CO)O)O"	2.100	"154812425"	"PUBCHEM:(154812425)"	"2"	856.503	332	5.533	"645935419875811195"	"645935197816762229"	"3172"	"DECENT"
1	4	0.502	0.502	-748.900	0.219	61.692	"C46H67N9O7"	"[M + CH2O2 - H]-"	"C47H68N9O9-"	"MGLNLHCLMPLZMM"	"InChI=1S/C46H67N9O7/c1-45(2,3)61-43(59)50-35(22-25-52(7)8)41(57)54-27-21-33(29-54)40(56)48-34-19-17-31(18-20-34)30-13-15-32(16-14-30)37-28-47-39(49-37)38-12-11-24-55(38)42(58)36(23-26-53(9)10)51-44(60)62-46(4,5)6/h13-20,28,33,35-36,38H,11-12,21-27,29H2,1-10H3,(H,47,49)(H,48,56)(H,50,59)(H,51,60)"	"tert-butyl N-[(2S)-4-(dimethylamino)-1-[(2S)-2-[5-[4-[4-[[(3R)-1-[(2R)-4-(dimethylamino)-2-[(2-methylpropan-2-yl)oxycarbonylamino]butanoyl]pyrrolidine-3-carbonyl]amino]phenyl]phenyl]-1H-imidazol-2-yl]pyrrolidin-1-yl]-1-oxobutan-2-yl]carbamate"	"CC(C)(C)OC(=O)NC(CCN(C)C)C(=O)N1CCC(C1)C(=O)NC2=CC=C(C=C2)C3=CC=C(C=C3)C4=CN=C(N4)C5CCCN5C(=O)C(CCN(C)C)NC(=O)OC(C)(C)C"	4.300	"51037058"	"PUBCHEM:(51037058)"	"2"	902.511	332	5.533	"645935434954335043"	"645935197883871311"	"3200"	"DECENT"
1	20	0.329	0.329	-221.499		46.087	"C22H26N4O2"	"[M - H]-"	"C22H25N4O2-"	"XCBJTLRZRCGLOX"	"InChI=1S/C22H26N4O2/c1-9-15-13(7-11-17(15)21(11,3)4)25(23-9)19(27)20(28)26-14-8-12-18(22(12,5)6)16(14)10(2)24-26/h11-12,17-18H,7-8H2,1-6H3"	"bis({3,3,9-trimethyl-7,8-diazatricyclo[4.3.0.0²,⁴]nona-1(6),8-dien-7-yl})ethane-1,2-dione"	"CC1=NN(C2=C1C3C(C2)C3(C)C)C(=O)C(=O)N4C5=C(C6C(C5)C6(C)C)C(=N4)C"	3.900	"5124213;7003039;1784466;98136764;98136765;98136766"	"COCONUT:(CNP0277551);SUPERNATURAL:(SN0426102);PUBCHEM:(5124213 7003039 1784466 98136764 98136765 98136766)"	"3145730"	377.196	341	5.676	"645935423134785594"	"645935195275008647"	"2175"	"DECENT"
1	1	0.420	0.420	-42.305	0.593	45.026	"C8H16O4"	"[M - H]-"	"C8H15O4-"	"HSOWPFQKRRJHNS"	"InChI=1S/C8H16O4/c1-2-3-4-5-6(9)7(10)8(11)12/h6-7,9-10H,2-5H2,1H3,(H,11,12)"	"2,3-dihydroxyoctanoic acid"	"CCCCCC(C(C(=O)O)O)O"	0.900	"12465291"	"COCONUT:(CNP0086711);NORMAN:(NS00102340 NS00102342);SUPERNATURAL:(SN0134297);PUBCHEM:(12465291)"	"3407874"	175.096	341	5.681	"645935425261297838"	"645935193039441215"	"1451"	"DECENT"
1	1	0.064	0.127	-68.589	1.000	119.307	"C20H28O4"	"[M - H]-"	"C20H27O4-"	"FEOFLRVZBOQGQA"	"InChI=1S/C20H28O4/c1-13-7-9-20(3)15(18(22)23)5-4-6-16(20)19(13,2)10-8-14-11-17(21)24-12-14/h5,11,13,16H,4,6-10,12H2,1-3H3,(H,22,23)"	"Clerodermic Acid"	"CC1CCC2(C(C1(C)CCC3=CC(=O)OC3)CCC=C2C(=O)O)C"	4.400	"14707716;14707717;42433548;102090411;162902798;162902799;162902800;162902801;16745295;10854041"	"PUBCHEMANNOTATIONBIO:(null);COCONUT:(CNP0171008);TeroMol:(TKC129678 TKC129679 TKC129677 TKC129680 TKC146294 TKC018313 TKC018311);SUPERNATURAL:(SN0083576);MESH:(16745295);PUBCHEM:(14707716 14707717 42433548 102090411 162902798 162902799 162902800 162902801 16745295 10854041);LOTUS:(Q104994087 Q104994085 Q104994088 Q104994084 Q104403733);PUBMED:(null);KNAPSACK:(FEOFLRVZBOQGQA-UHFFFAOYSA-N)"	"296747094"	331.191	341	5.683	"645935425944969469"	"645935194167710667"	"1829"	"DECENT"
1	2	0.411	0.411	-47.787	0.056	53.193	"C8H16O4"	"[M - H]-"	"C8H15O4-"	"HSOWPFQKRRJHNS"	"InChI=1S/C8H16O4/c1-2-3-4-5-6(9)7(10)8(11)12/h6-7,9-10H,2-5H2,1H3,(H,11,12)"	"2,3-dihydroxyoctanoic acid"	"CCCCCC(C(C(=O)O)O)O"	0.900	"12465291"	"COCONUT:(CNP0086711);NORMAN:(NS00102340 NS00102342);SUPERNATURAL:(SN0134297);PUBCHEM:(12465291)"	"3407874"	175.096	356	5.934	"645935427861766575"	"645935192976526630"	"1442"	"DECENT"
1	1	0.997	0.997	-42.123	0.853	76.320	"C29H39NO8"	"[M - H]-"	"C29H38NO8-"	"XVPVYSHSGBUSAR"	"InChI=1S/C29H39NO8/c1-18(2)8-6-9-19(3)10-7-11-20(4)14-15-38-27-24(37-5)16-21-22(26(27)33)17-30(28(21)34)23(29(35)36)12-13-25(31)32/h8,10,14,16,23,33H,6-7,9,11-13,15,17H2,1-5H3,(H,31,32)(H,35,36)"	"2-{4-hydroxy-6-methoxy-1-oxo-5-[(3,7,11-trimethyldodeca-2,6,10-trien-1-yl)oxy]-2,3-dihydro-1H-isoindol-2-yl}pentanedioic acid"	"CC(=CCCC(=CCCC(=CCOC1=C(C=C2C(=C1O)CN(C2=O)C(CCC(=O)O)C(=O)O)OC)C)C)C"	5.200	"38354287;38354292;75110814;162996963;162996964;45359203"	"COCONUT:(CNP0270408);SUPERNATURAL:(SN0441297);PUBCHEM:(38354287 38354292 75110814 162996963 162996964 45359203);PUBMED:(null)"	"3145794"	528.260	356	5.934	"645935446073435814"	"645935196919178998"	"2816"	"DECENT"
1	2	0.494	0.494	-37.636	0.175	50.307	"C8H16O4"	"[M - H]-"	"C8H15O4-"	"HSOWPFQKRRJHNS"	"InChI=1S/C8H16O4/c1-2-3-4-5-6(9)7(10)8(11)12/h6-7,9-10H,2-5H2,1H3,(H,11,12)"	"2,3-dihydroxyoctanoic acid"	"CCCCCC(C(C(=O)O)O)O"	0.900	"12465291"	"COCONUT:(CNP0086711);NORMAN:(NS00102340 NS00102342);SUPERNATURAL:(SN0134297);PUBCHEM:(12465291)"	"3407874"	175.096	491	8.180	"645935464008280889"	"645935192930389234"	"1434"	"DECENT"
